{
  "60M_seed42_dolma_para_K16_wd0.1_lr3e-3": {
    "validation_loss": 5.5772022882927725,
    "perplexity": 264.3310546875,
    "tokens_evaluated": 3478624,
    "num_batches": 794
  }
}