{
  "60M_seed42_dolma_para_K1_wd0.2_lr3e-3": {
    "validation_loss": 7.481913388034769,
    "perplexity": 1775.6353759765625,
    "tokens_evaluated": 3478624,
    "num_batches": 794
  }
}