{
  "60M_seed42_dolma_para_K2_wd0.2_lr3e-3": {
    "validation_loss": 7.2264504974535635,
    "perplexity": 1375.33203125,
    "tokens_evaluated": 3478624,
    "num_batches": 794
  }
}