{
  "60M_seed42_dolma_para_K4_wd0.1_lr3e-3": {
    "validation_loss": 6.821951425215787,
    "perplexity": 917.774169921875,
    "tokens_evaluated": 3478624,
    "num_batches": 794
  }
}