{
  "60M_seed42_dolma_para_K4_wd0.2_lr3e-3": {
    "validation_loss": 6.730271319738916,
    "perplexity": 837.3744506835938,
    "tokens_evaluated": 3478624,
    "num_batches": 794
  }
}