{
  "60M_seed42_dolma_para_K8_wd0.1_lr3e-3": {
    "validation_loss": 6.672712879987487,
    "perplexity": 790.5372924804688,
    "tokens_evaluated": 3478624,
    "num_batches": 794
  }
}