{
  "60M_seed42_dolma_para_K8_wd0.2_lr3e-3": {
    "validation_loss": 6.294408621970457,
    "perplexity": 541.5355834960938,
    "tokens_evaluated": 3478624,
    "num_batches": 794
  }
}