{
  "60M_seed42_dolma_para_K2_wd0.1_lr3e-3": {
    "validation_loss": 7.1831306299537365,
    "perplexity": 1317.0250244140625,
    "tokens_evaluated": 3478624,
    "num_batches": 794
  }
}