{
  "100M_seed42_case4_dolma_epoch1_wd0.1_lr3e-3": {
    "validation_loss": 5.140600390716182,
    "perplexity": 170.81826782226562,
    "tokens_evaluated": 3478624,
    "num_batches": 794
  }
}