stream,run_name,size,N_params,chinchilla_scale,D_tokens,epochs,K,learning_rate,weight_decay,seed,val_loss,perplexity,tokens_evaluated,run_complete,selected_for_scaling_fit,source_file,D_files,D_dir,D_prime_files,D_prime_dir,D_prime_corpus,paraphrase_seeds,data_mix
repeat,14M_seed42_case4_dolma_epoch1_wd0.1_lr1e-4,14m,14000000,0.05,14000000,1,,0.0001,0.1,42,11.417947882037014,90939.3203125,3478624,True,False,dolma_val_loss/chinchilla_0.05/14M/14M_seed42_case4_dolma_epoch1_wd0.1_lr1e-4.json,train_0.014B.npy,preprocessed/dolma2-0625/resharded,,,,,OLMo-dolma-0.014B
repeat,14M_seed42_case4_dolma_epoch1_wd0.2_lr1e-4,14m,14000000,0.05,14000000,1,,0.0001,0.2,42,11.417935972104873,90938.28125,3478624,True,False,dolma_val_loss/chinchilla_0.05/14M/14M_seed42_case4_dolma_epoch1_wd0.2_lr1e-4.json,train_0.014B.npy,preprocessed/dolma2-0625/resharded,,,,,OLMo-dolma-0.014B
repeat,14M_seed42_case4_dolma_epoch1_wd0.1_lr3e-4,14m,14000000,0.05,14000000,1,,0.0003,0.1,42,11.30249292238783,81023.3828125,3478624,True,False,dolma_val_loss/chinchilla_0.05/14M/14M_seed42_case4_dolma_epoch1_wd0.1_lr3e-4.json,train_0.014B.npy,preprocessed/dolma2-0625/resharded,,,,,OLMo-dolma-0.014B
repeat,14M_seed42_case4_dolma_epoch1_wd0.1_lr1e-3,14m,14000000,0.05,14000000,1,,0.001,0.1,42,11.039911985465329,62312.18359375,3478624,True,False,dolma_val_loss/chinchilla_0.05/14M/14M_seed42_case4_dolma_epoch1_wd0.1_lr1e-3.json,train_0.014B.npy,preprocessed/dolma2-0625/resharded,,,,,OLMo-dolma-0.014B
repeat,14M_seed42_case4_dolma_epoch1_wd0.1_lr3e-3,14m,14000000,0.05,14000000,1,,0.003,0.1,42,10.280592600212128,29161.158203125,3478624,True,True,dolma_val_loss/chinchilla_0.05/14M/14M_seed42_case4_dolma_epoch1_wd0.1_lr3e-3.json,train_0.014B.npy,preprocessed/dolma2-0625/resharded,,,,,OLMo-dolma-0.014B
repeat,14M_seed42_case4_dolma_epoch1_wd0.2_lr3e-3,14m,14000000,0.05,14000000,1,,0.003,0.2,42,10.282083289731847,29204.658203125,3478624,True,False,dolma_val_loss/chinchilla_0.05/14M/14M_seed42_case4_dolma_epoch1_wd0.2_lr3e-3.json,train_0.014B.npy,preprocessed/dolma2-0625/resharded,,,,,OLMo-dolma-0.014B
repeat,14M_seed42_case4_dolma_epoch1_wd0.4_lr3e-3,14m,14000000,0.05,14000000,1,,0.003,0.4,42,10.285687134358389,29310.099609375,3478624,True,False,dolma_val_loss/chinchilla_0.05/14M/14M_seed42_case4_dolma_epoch1_wd0.4_lr3e-3.json,train_0.014B.npy,preprocessed/dolma2-0625/resharded,,,,,OLMo-dolma-0.014B
repeat,14M_seed42_case4_dolma_epoch2_wd0.1_lr3e-3,14m,14000000,0.05,14000000,2,,0.003,0.1,42,9.200947306196447,9906.513671875,3478624,True,True,dolma_val_loss/chinchilla_0.05/14M/14M_seed42_case4_dolma_epoch2_wd0.1_lr3e-3.json,train_0.014B.npy,preprocessed/dolma2-0625/resharded,,,,,OLMo-dolma-0.014B
repeat,14M_seed42_case4_dolma_epoch2_wd0.2_lr3e-3,14m,14000000,0.05,14000000,2,,0.003,0.2,42,9.205450701966003,9951.2255859375,3478624,True,False,dolma_val_loss/chinchilla_0.05/14M/14M_seed42_case4_dolma_epoch2_wd0.2_lr3e-3.json,train_0.014B.npy,preprocessed/dolma2-0625/resharded,,,,,OLMo-dolma-0.014B
repeat,14M_seed42_case4_dolma_epoch2_wd0.4_lr3e-3,14m,14000000,0.05,14000000,2,,0.003,0.4,42,9.214799054312225,10044.685546875,3478624,True,False,dolma_val_loss/chinchilla_0.05/14M/14M_seed42_case4_dolma_epoch2_wd0.4_lr3e-3.json,train_0.014B.npy,preprocessed/dolma2-0625/resharded,,,,,OLMo-dolma-0.014B
repeat,14M_seed42_case4_dolma_epoch2_wd1.6_lr3e-3,14m,14000000,0.05,14000000,2,,0.003,1.6,42,9.271097237566806,10626.404296875,3478624,True,False,dolma_val_loss/chinchilla_0.05/14M/14M_seed42_case4_dolma_epoch2_wd1.6_lr3e-3.json,train_0.014B.npy,preprocessed/dolma2-0625/resharded,,,,,OLMo-dolma-0.014B
repeat,14M_seed42_case4_dolma_epoch4_wd0.1_lr1e-4,14m,14000000,0.05,14000000,4,,0.0001,0.1,42,11.207292905520077,73665.6953125,3478624,True,False,dolma_val_loss/chinchilla_0.05/14M/14M_seed42_case4_dolma_epoch4_wd0.1_lr1e-4.json,train_0.014B.npy,preprocessed/dolma2-0625/resharded,,,,,OLMo-dolma-0.014B
repeat,14M_seed42_case4_dolma_epoch4_wd0.2_lr1e-4,14m,14000000,0.05,14000000,4,,0.0001,0.2,42,11.207363334824974,73670.8984375,3478624,True,False,dolma_val_loss/chinchilla_0.05/14M/14M_seed42_case4_dolma_epoch4_wd0.2_lr1e-4.json,train_0.014B.npy,preprocessed/dolma2-0625/resharded,,,,,OLMo-dolma-0.014B
repeat,14M_seed42_case4_dolma_epoch4_wd0.4_lr1e-4,14m,14000000,0.05,14000000,4,,0.0001,0.4,42,11.207500007433794,73681.015625,3478624,True,False,dolma_val_loss/chinchilla_0.05/14M/14M_seed42_case4_dolma_epoch4_wd0.4_lr1e-4.json,train_0.014B.npy,preprocessed/dolma2-0625/resharded,,,,,OLMo-dolma-0.014B
repeat,14M_seed42_case4_dolma_epoch4_wd0.8_lr1e-4,14m,14000000,0.05,14000000,4,,0.0001,0.8,42,11.207717647199996,73697.0390625,3478624,True,False,dolma_val_loss/chinchilla_0.05/14M/14M_seed42_case4_dolma_epoch4_wd0.8_lr1e-4.json,train_0.014B.npy,preprocessed/dolma2-0625/resharded,,,,,OLMo-dolma-0.014B
repeat,14M_seed42_case4_dolma_epoch4_wd1.6_lr1e-4,14m,14000000,0.05,14000000,4,,0.0001,1.6,42,11.208241477033646,73735.6328125,3478624,True,False,dolma_val_loss/chinchilla_0.05/14M/14M_seed42_case4_dolma_epoch4_wd1.6_lr1e-4.json,train_0.014B.npy,preprocessed/dolma2-0625/resharded,,,,,OLMo-dolma-0.014B
repeat,14M_seed42_case4_dolma_epoch4_wd0.1_lr3e-4,14m,14000000,0.05,14000000,4,,0.0003,0.1,42,10.797113162989788,48879.50390625,3478624,True,False,dolma_val_loss/chinchilla_0.05/14M/14M_seed42_case4_dolma_epoch4_wd0.1_lr3e-4.json,train_0.014B.npy,preprocessed/dolma2-0625/resharded,,,,,OLMo-dolma-0.014B
repeat,14M_seed42_case4_dolma_epoch4_wd0.2_lr3e-4,14m,14000000,0.05,14000000,4,,0.0003,0.2,42,10.797592722585632,48902.95703125,3478624,True,False,dolma_val_loss/chinchilla_0.05/14M/14M_seed42_case4_dolma_epoch4_wd0.2_lr3e-4.json,train_0.014B.npy,preprocessed/dolma2-0625/resharded,,,,,OLMo-dolma-0.014B
repeat,14M_seed42_case4_dolma_epoch4_wd0.4_lr3e-4,14m,14000000,0.05,14000000,4,,0.0003,0.4,42,10.798499824588284,48947.328125,3478624,True,False,dolma_val_loss/chinchilla_0.05/14M/14M_seed42_case4_dolma_epoch4_wd0.4_lr3e-4.json,train_0.014B.npy,preprocessed/dolma2-0625/resharded,,,,,OLMo-dolma-0.014B
repeat,14M_seed42_case4_dolma_epoch4_wd0.8_lr3e-4,14m,14000000,0.05,14000000,4,,0.0003,0.8,42,10.800229587934096,49032.078125,3478624,True,False,dolma_val_loss/chinchilla_0.05/14M/14M_seed42_case4_dolma_epoch4_wd0.8_lr3e-4.json,train_0.014B.npy,preprocessed/dolma2-0625/resharded,,,,,OLMo-dolma-0.014B
repeat,14M_seed42_case4_dolma_epoch4_wd1.6_lr3e-4,14m,14000000,0.05,14000000,4,,0.0003,1.6,42,10.803711188755507,49203.05078125,3478624,True,False,dolma_val_loss/chinchilla_0.05/14M/14M_seed42_case4_dolma_epoch4_wd1.6_lr3e-4.json,train_0.014B.npy,preprocessed/dolma2-0625/resharded,,,,,OLMo-dolma-0.014B
repeat,14M_seed42_case4_dolma_epoch4_wd0.1_lr1e-3,14m,14000000,0.05,14000000,4,,0.001,0.1,42,9.64055772009165,15375.91015625,3478624,True,False,dolma_val_loss/chinchilla_0.05/14M/14M_seed42_case4_dolma_epoch4_wd0.1_lr1e-3.json,train_0.014B.npy,preprocessed/dolma2-0625/resharded,,,,,OLMo-dolma-0.014B
repeat,14M_seed42_case4_dolma_epoch4_wd0.2_lr1e-3,14m,14000000,0.05,14000000,4,,0.001,0.2,42,9.643582950656505,15422.5078125,3478624,True,False,dolma_val_loss/chinchilla_0.05/14M/14M_seed42_case4_dolma_epoch4_wd0.2_lr1e-3.json,train_0.014B.npy,preprocessed/dolma2-0625/resharded,,,,,OLMo-dolma-0.014B
repeat,14M_seed42_case4_dolma_epoch4_wd0.4_lr1e-3,14m,14000000,0.05,14000000,4,,0.001,0.4,42,9.649847677148843,15519.4287109375,3478624,True,False,dolma_val_loss/chinchilla_0.05/14M/14M_seed42_case4_dolma_epoch4_wd0.4_lr1e-3.json,train_0.014B.npy,preprocessed/dolma2-0625/resharded,,,,,OLMo-dolma-0.014B
repeat,14M_seed42_case4_dolma_epoch4_wd0.8_lr1e-3,14m,14000000,0.05,14000000,4,,0.001,0.8,42,9.66188003683353,15707.2939453125,3478624,True,False,dolma_val_loss/chinchilla_0.05/14M/14M_seed42_case4_dolma_epoch4_wd0.8_lr1e-3.json,train_0.014B.npy,preprocessed/dolma2-0625/resharded,,,,,OLMo-dolma-0.014B
repeat,14M_seed42_case4_dolma_epoch4_wd1.6_lr1e-3,14m,14000000,0.05,14000000,4,,0.001,1.6,42,9.685952232247354,16089.9833984375,3478624,True,False,dolma_val_loss/chinchilla_0.05/14M/14M_seed42_case4_dolma_epoch4_wd1.6_lr1e-3.json,train_0.014B.npy,preprocessed/dolma2-0625/resharded,,,,,OLMo-dolma-0.014B
repeat,14M_seed42_case4_dolma_epoch4_wd0.1_lr3e-3,14m,14000000,0.05,14000000,4,,0.003,0.1,42,8.216166262558351,3700.2900390625,3478624,True,True,dolma_val_loss/chinchilla_0.05/14M/14M_seed42_case4_dolma_epoch4_wd0.1_lr3e-3.json,train_0.014B.npy,preprocessed/dolma2-0625/resharded,,,,,OLMo-dolma-0.014B
repeat,14M_seed42_case4_dolma_epoch4_wd0.2_lr3e-3,14m,14000000,0.05,14000000,4,,0.003,0.2,42,8.220175937466356,3715.1552734375,3478624,True,False,dolma_val_loss/chinchilla_0.05/14M/14M_seed42_case4_dolma_epoch4_wd0.2_lr3e-3.json,train_0.014B.npy,preprocessed/dolma2-0625/resharded,,,,,OLMo-dolma-0.014B
repeat,14M_seed42_case4_dolma_epoch4_wd0.4_lr3e-3,14m,14000000,0.05,14000000,4,,0.003,0.4,42,8.22822909069299,3745.197021484375,3478624,True,False,dolma_val_loss/chinchilla_0.05/14M/14M_seed42_case4_dolma_epoch4_wd0.4_lr3e-3.json,train_0.014B.npy,preprocessed/dolma2-0625/resharded,,,,,OLMo-dolma-0.014B
repeat,14M_seed42_case4_dolma_epoch4_wd0.8_lr3e-3,14m,14000000,0.05,14000000,4,,0.003,0.8,42,8.24705289866859,3816.363037109375,3478624,True,False,dolma_val_loss/chinchilla_0.05/14M/14M_seed42_case4_dolma_epoch4_wd0.8_lr3e-3.json,train_0.014B.npy,preprocessed/dolma2-0625/resharded,,,,,OLMo-dolma-0.014B
repeat,14M_seed42_case4_dolma_epoch4_wd1.6_lr3e-3,14m,14000000,0.05,14000000,4,,0.003,1.6,42,8.287385819643818,3973.433837890625,3478624,True,False,dolma_val_loss/chinchilla_0.05/14M/14M_seed42_case4_dolma_epoch4_wd1.6_lr3e-3.json,train_0.014B.npy,preprocessed/dolma2-0625/resharded,,,,,OLMo-dolma-0.014B
repeat,14M_seed42_case4_dolma_epoch8_wd0.1_lr1e-4,14m,14000000,0.05,14000000,8,,0.0001,0.1,42,10.957641774353299,57390.93359375,3478624,True,False,dolma_val_loss/chinchilla_0.05/14M/14M_seed42_case4_dolma_epoch8_wd0.1_lr1e-4.json,train_0.014B.npy,preprocessed/dolma2-0625/resharded,,,,,OLMo-dolma-0.014B
repeat,14M_seed42_case4_dolma_epoch8_wd0.2_lr1e-4,14m,14000000,0.05,14000000,8,,0.0001,0.2,42,10.957870804415949,57404.0703125,3478624,True,False,dolma_val_loss/chinchilla_0.05/14M/14M_seed42_case4_dolma_epoch8_wd0.2_lr1e-4.json,train_0.014B.npy,preprocessed/dolma2-0625/resharded,,,,,OLMo-dolma-0.014B
repeat,14M_seed42_case4_dolma_epoch8_wd0.4_lr1e-4,14m,14000000,0.05,14000000,8,,0.0001,0.4,42,10.958334739989864,57430.73828125,3478624,True,False,dolma_val_loss/chinchilla_0.05/14M/14M_seed42_case4_dolma_epoch8_wd0.4_lr1e-4.json,train_0.014B.npy,preprocessed/dolma2-0625/resharded,,,,,OLMo-dolma-0.014B
repeat,14M_seed42_case4_dolma_epoch8_wd0.8_lr1e-4,14m,14000000,0.05,14000000,8,,0.0001,0.8,42,10.959291123724945,57485.69921875,3478624,True,False,dolma_val_loss/chinchilla_0.05/14M/14M_seed42_case4_dolma_epoch8_wd0.8_lr1e-4.json,train_0.014B.npy,preprocessed/dolma2-0625/resharded,,,,,OLMo-dolma-0.014B
repeat,14M_seed42_case4_dolma_epoch8_wd1.6_lr1e-4,14m,14000000,0.05,14000000,8,,0.0001,1.6,42,10.961251042449273,57598.46875,3478624,True,False,dolma_val_loss/chinchilla_0.05/14M/14M_seed42_case4_dolma_epoch8_wd1.6_lr1e-4.json,train_0.014B.npy,preprocessed/dolma2-0625/resharded,,,,,OLMo-dolma-0.014B
repeat,14M_seed42_case4_dolma_epoch8_wd0.1_lr3e-4,14m,14000000,0.05,14000000,8,,0.0003,0.1,42,10.11609386029415,24737.947265625,3478624,True,False,dolma_val_loss/chinchilla_0.05/14M/14M_seed42_case4_dolma_epoch8_wd0.1_lr3e-4.json,train_0.014B.npy,preprocessed/dolma2-0625/resharded,,,,,OLMo-dolma-0.014B
repeat,14M_seed42_case4_dolma_epoch8_wd0.2_lr3e-4,14m,14000000,0.05,14000000,8,,0.0003,0.2,42,10.117806723969961,24780.353515625,3478624,True,False,dolma_val_loss/chinchilla_0.05/14M/14M_seed42_case4_dolma_epoch8_wd0.2_lr3e-4.json,train_0.014B.npy,preprocessed/dolma2-0625/resharded,,,,,OLMo-dolma-0.014B
repeat,14M_seed42_case4_dolma_epoch8_wd0.4_lr3e-4,14m,14000000,0.05,14000000,8,,0.0003,0.4,42,10.121229278904982,24865.31640625,3478624,True,False,dolma_val_loss/chinchilla_0.05/14M/14M_seed42_case4_dolma_epoch8_wd0.4_lr3e-4.json,train_0.014B.npy,preprocessed/dolma2-0625/resharded,,,,,OLMo-dolma-0.014B
repeat,14M_seed42_case4_dolma_epoch8_wd0.8_lr3e-4,14m,14000000,0.05,14000000,8,,0.0003,0.8,42,10.127621549149625,25024.775390625,3478624,True,False,dolma_val_loss/chinchilla_0.05/14M/14M_seed42_case4_dolma_epoch8_wd0.8_lr3e-4.json,train_0.014B.npy,preprocessed/dolma2-0625/resharded,,,,,OLMo-dolma-0.014B
repeat,14M_seed42_case4_dolma_epoch8_wd1.6_lr3e-4,14m,14000000,0.05,14000000,8,,0.0003,1.6,42,10.140171722712774,25340.82421875,3478624,True,False,dolma_val_loss/chinchilla_0.05/14M/14M_seed42_case4_dolma_epoch8_wd1.6_lr3e-4.json,train_0.014B.npy,preprocessed/dolma2-0625/resharded,,,,,OLMo-dolma-0.014B
repeat,14M_seed42_case4_dolma_epoch8_wd0.1_lr1e-3,14m,14000000,0.05,14000000,8,,0.001,0.1,42,8.471080952785004,4774.6728515625,3478624,True,False,dolma_val_loss/chinchilla_0.05/14M/14M_seed42_case4_dolma_epoch8_wd0.1_lr1e-3.json,train_0.014B.npy,preprocessed/dolma2-0625/resharded,,,,,OLMo-dolma-0.014B
repeat,14M_seed42_case4_dolma_epoch8_wd0.2_lr1e-3,14m,14000000,0.05,14000000,8,,0.001,0.2,42,8.477025930536309,4803.14404296875,3478624,True,False,dolma_val_loss/chinchilla_0.05/14M/14M_seed42_case4_dolma_epoch8_wd0.2_lr1e-3.json,train_0.014B.npy,preprocessed/dolma2-0625/resharded,,,,,OLMo-dolma-0.014B
repeat,14M_seed42_case4_dolma_epoch8_wd0.4_lr1e-3,14m,14000000,0.05,14000000,8,,0.001,0.4,42,8.488927837238723,4860.65185546875,3478624,True,False,dolma_val_loss/chinchilla_0.05/14M/14M_seed42_case4_dolma_epoch8_wd0.4_lr1e-3.json,train_0.014B.npy,preprocessed/dolma2-0625/resharded,,,,,OLMo-dolma-0.014B
repeat,14M_seed42_case4_dolma_epoch8_wd0.8_lr1e-3,14m,14000000,0.05,14000000,8,,0.001,0.8,42,8.512540520859954,4976.7919921875,3478624,True,False,dolma_val_loss/chinchilla_0.05/14M/14M_seed42_case4_dolma_epoch8_wd0.8_lr1e-3.json,train_0.014B.npy,preprocessed/dolma2-0625/resharded,,,,,OLMo-dolma-0.014B
repeat,14M_seed42_case4_dolma_epoch8_wd1.6_lr1e-3,14m,14000000,0.05,14000000,8,,0.001,1.6,42,8.56087891925914,5223.26904296875,3478624,True,False,dolma_val_loss/chinchilla_0.05/14M/14M_seed42_case4_dolma_epoch8_wd1.6_lr1e-3.json,train_0.014B.npy,preprocessed/dolma2-0625/resharded,,,,,OLMo-dolma-0.014B
repeat,14M_seed42_case4_dolma_epoch8_wd0.1_lr3e-3,14m,14000000,0.05,14000000,8,,0.003,0.1,42,7.815851597572461,2479.597900390625,3478624,True,True,dolma_val_loss/chinchilla_0.05/14M/14M_seed42_case4_dolma_epoch8_wd0.1_lr3e-3.json,train_0.014B.npy,preprocessed/dolma2-0625/resharded,,,,,OLMo-dolma-0.014B
repeat,14M_seed42_case4_dolma_epoch8_wd0.2_lr3e-3,14m,14000000,0.05,14000000,8,,0.003,0.2,42,7.816690854552421,2481.6796875,3478624,True,False,dolma_val_loss/chinchilla_0.05/14M/14M_seed42_case4_dolma_epoch8_wd0.2_lr3e-3.json,train_0.014B.npy,preprocessed/dolma2-0625/resharded,,,,,OLMo-dolma-0.014B
repeat,14M_seed42_case4_dolma_epoch8_wd0.4_lr3e-3,14m,14000000,0.05,14000000,8,,0.003,0.4,42,7.8285859738469865,2511.3759765625,3478624,True,False,dolma_val_loss/chinchilla_0.05/14M/14M_seed42_case4_dolma_epoch8_wd0.4_lr3e-3.json,train_0.014B.npy,preprocessed/dolma2-0625/resharded,,,,,OLMo-dolma-0.014B
repeat,14M_seed42_case4_dolma_epoch8_wd0.8_lr3e-3,14m,14000000,0.05,14000000,8,,0.003,0.8,42,7.844485607766758,2551.625244140625,3478624,True,False,dolma_val_loss/chinchilla_0.05/14M/14M_seed42_case4_dolma_epoch8_wd0.8_lr3e-3.json,train_0.014B.npy,preprocessed/dolma2-0625/resharded,,,,,OLMo-dolma-0.014B
repeat,14M_seed42_case4_dolma_epoch8_wd1.6_lr3e-3,14m,14000000,0.05,14000000,8,,0.003,1.6,42,7.887929186881122,2664.9189453125,3478624,True,False,dolma_val_loss/chinchilla_0.05/14M/14M_seed42_case4_dolma_epoch8_wd1.6_lr3e-3.json,train_0.014B.npy,preprocessed/dolma2-0625/resharded,,,,,OLMo-dolma-0.014B
repeat,14M_seed42_case4_dolma_epoch16_wd0.1_lr1e-4,14m,14000000,0.05,14000000,16,,0.0001,0.1,42,10.470782054320814,35269.796875,3478624,True,False,dolma_val_loss/chinchilla_0.05/14M/14M_seed42_case4_dolma_epoch16_wd0.1_lr1e-4.json,train_0.014B.npy,preprocessed/dolma2-0625/resharded,,,,,OLMo-dolma-0.014B
repeat,14M_seed42_case4_dolma_epoch16_wd0.4_lr1e-4,14m,14000000,0.05,14000000,16,,0.0001,0.4,42,10.473407801542901,35362.51953125,3478624,True,False,dolma_val_loss/chinchilla_0.05/14M/14M_seed42_case4_dolma_epoch16_wd0.4_lr1e-4.json,train_0.014B.npy,preprocessed/dolma2-0625/resharded,,,,,OLMo-dolma-0.014B
repeat,14M_seed42_case4_dolma_epoch16_wd0.8_lr1e-4,14m,14000000,0.05,14000000,16,,0.0001,0.8,42,10.476731094971926,35480.2421875,3478624,True,False,dolma_val_loss/chinchilla_0.05/14M/14M_seed42_case4_dolma_epoch16_wd0.8_lr1e-4.json,train_0.014B.npy,preprocessed/dolma2-0625/resharded,,,,,OLMo-dolma-0.014B
repeat,14M_seed42_case4_dolma_epoch16_wd1.6_lr1e-4,14m,14000000,0.05,14000000,16,,0.0001,1.6,42,10.483563909604594,35723.51171875,3478624,True,False,dolma_val_loss/chinchilla_0.05/14M/14M_seed42_case4_dolma_epoch16_wd1.6_lr1e-4.json,train_0.014B.npy,preprocessed/dolma2-0625/resharded,,,,,OLMo-dolma-0.014B
repeat,14M_seed42_case4_dolma_epoch16_wd0.1_lr3e-4,14m,14000000,0.05,14000000,16,,0.0003,0.1,42,9.085500071039897,8826.3759765625,3478624,True,False,dolma_val_loss/chinchilla_0.05/14M/14M_seed42_case4_dolma_epoch16_wd0.1_lr3e-4.json,train_0.014B.npy,preprocessed/dolma2-0625/resharded,,,,,OLMo-dolma-0.014B
repeat,14M_seed42_case4_dolma_epoch16_wd0.4_lr3e-4,14m,14000000,0.05,14000000,16,,0.0003,0.4,42,9.098721338938992,8943.8505859375,3478624,True,False,dolma_val_loss/chinchilla_0.05/14M/14M_seed42_case4_dolma_epoch16_wd0.4_lr3e-4.json,train_0.014B.npy,preprocessed/dolma2-0625/resharded,,,,,OLMo-dolma-0.014B
repeat,14M_seed42_case4_dolma_epoch16_wd0.8_lr3e-4,14m,14000000,0.05,14000000,16,,0.0003,0.8,42,9.116333621633915,9102.76953125,3478624,True,False,dolma_val_loss/chinchilla_0.05/14M/14M_seed42_case4_dolma_epoch16_wd0.8_lr3e-4.json,train_0.014B.npy,preprocessed/dolma2-0625/resharded,,,,,OLMo-dolma-0.014B
repeat,14M_seed42_case4_dolma_epoch16_wd1.6_lr3e-4,14m,14000000,0.05,14000000,16,,0.0003,1.6,42,9.15095258152339,9423.41015625,3478624,True,False,dolma_val_loss/chinchilla_0.05/14M/14M_seed42_case4_dolma_epoch16_wd1.6_lr3e-4.json,train_0.014B.npy,preprocessed/dolma2-0625/resharded,,,,,OLMo-dolma-0.014B
repeat,14M_seed42_case4_dolma_epoch16_wd0.1_lr1e-3,14m,14000000,0.05,14000000,16,,0.001,0.1,42,7.521179108822914,1846.74365234375,3478624,True,False,dolma_val_loss/chinchilla_0.05/14M/14M_seed42_case4_dolma_epoch16_wd0.1_lr1e-3.json,train_0.014B.npy,preprocessed/dolma2-0625/resharded,,,,,OLMo-dolma-0.014B
repeat,14M_seed42_case4_dolma_epoch16_wd0.4_lr1e-3,14m,14000000,0.05,14000000,16,,0.001,0.4,42,7.550091087055453,1900.916259765625,3478624,True,False,dolma_val_loss/chinchilla_0.05/14M/14M_seed42_case4_dolma_epoch16_wd0.4_lr1e-3.json,train_0.014B.npy,preprocessed/dolma2-0625/resharded,,,,,OLMo-dolma-0.014B
repeat,14M_seed42_case4_dolma_epoch16_wd0.8_lr1e-3,14m,14000000,0.05,14000000,16,,0.001,0.8,42,7.586215691641607,1970.8406982421875,3478624,True,False,dolma_val_loss/chinchilla_0.05/14M/14M_seed42_case4_dolma_epoch16_wd0.8_lr1e-3.json,train_0.014B.npy,preprocessed/dolma2-0625/resharded,,,,,OLMo-dolma-0.014B
repeat,14M_seed42_case4_dolma_epoch16_wd1.6_lr1e-3,14m,14000000,0.05,14000000,16,,0.001,1.6,42,7.660091457942269,2121.951416015625,3478624,True,False,dolma_val_loss/chinchilla_0.05/14M/14M_seed42_case4_dolma_epoch16_wd1.6_lr1e-3.json,train_0.014B.npy,preprocessed/dolma2-0625/resharded,,,,,OLMo-dolma-0.014B
repeat,14M_seed42_case4_dolma_epoch16_wd0.1_lr3e-3,14m,14000000,0.05,14000000,16,,0.003,0.1,42,7.086102621610181,1195.240234375,3478624,True,True,dolma_val_loss/chinchilla_0.05/14M/14M_seed42_case4_dolma_epoch16_wd0.1_lr3e-3.json,train_0.014B.npy,preprocessed/dolma2-0625/resharded,,,,,OLMo-dolma-0.014B
repeat,14M_seed42_case4_dolma_epoch16_wd0.4_lr3e-3,14m,14000000,0.05,14000000,16,,0.003,0.4,42,7.167616323023845,1296.75,3478624,True,False,dolma_val_loss/chinchilla_0.05/14M/14M_seed42_case4_dolma_epoch16_wd0.4_lr3e-3.json,train_0.014B.npy,preprocessed/dolma2-0625/resharded,,,,,OLMo-dolma-0.014B
repeat,14M_seed42_case4_dolma_epoch16_wd0.8_lr3e-3,14m,14000000,0.05,14000000,16,,0.003,0.8,42,7.1884351409943275,1324.029541015625,3478624,True,False,dolma_val_loss/chinchilla_0.05/14M/14M_seed42_case4_dolma_epoch16_wd0.8_lr3e-3.json,train_0.014B.npy,preprocessed/dolma2-0625/resharded,,,,,OLMo-dolma-0.014B
repeat,14M_seed42_case4_dolma_epoch16_wd1.6_lr3e-3,14m,14000000,0.05,14000000,16,,0.003,1.6,42,7.290149063845449,1465.7894287109375,3478624,True,False,dolma_val_loss/chinchilla_0.05/14M/14M_seed42_case4_dolma_epoch16_wd1.6_lr3e-3.json,train_0.014B.npy,preprocessed/dolma2-0625/resharded,,,,,OLMo-dolma-0.014B
repeat,14M_seed42_case4_dolma_epoch32_wd0.1_lr1e-4,14m,14000000,0.05,14000000,32,,0.0001,0.1,42,9.631431603381916,15236.232421875,3478624,True,False,dolma_val_loss/chinchilla_0.05/14M/14M_seed42_case4_dolma_epoch32_wd0.1_lr1e-4.json,train_0.014B.npy,preprocessed/dolma2-0625/resharded,,,,,OLMo-dolma-0.014B
repeat,14M_seed42_case4_dolma_epoch32_wd0.4_lr1e-4,14m,14000000,0.05,14000000,32,,0.0001,0.4,42,9.639463383888689,15359.1005859375,3478624,True,False,dolma_val_loss/chinchilla_0.05/14M/14M_seed42_case4_dolma_epoch32_wd0.4_lr1e-4.json,train_0.014B.npy,preprocessed/dolma2-0625/resharded,,,,,OLMo-dolma-0.014B
repeat,14M_seed42_case4_dolma_epoch32_wd0.1_lr1e-3,14m,14000000,0.05,14000000,32,,0.001,0.1,42,6.672198678152581,790.1310424804688,3478624,True,False,dolma_val_loss/chinchilla_0.05/14M/14M_seed42_case4_dolma_epoch32_wd0.1_lr1e-3.json,train_0.014B.npy,preprocessed/dolma2-0625/resharded,,,,,OLMo-dolma-0.014B
repeat,14M_seed42_case4_dolma_epoch32_wd0.1_lr3e-3,14m,14000000,0.05,14000000,32,,0.003,0.1,42,6.427905676442911,618.8764038085938,3478624,True,False,dolma_val_loss/chinchilla_0.05/14M/14M_seed42_case4_dolma_epoch32_wd0.1_lr3e-3.json,train_0.014B.npy,preprocessed/dolma2-0625/resharded,,,,,OLMo-dolma-0.014B
repeat,14M_seed42_case4_dolma_epoch32_wd0.2_lr3e-3,14m,14000000,0.05,14000000,32,,0.003,0.2,42,6.409121208833445,607.359619140625,3478624,True,True,dolma_val_loss/chinchilla_0.05/14M/14M_seed42_case4_dolma_epoch32_wd0.2_lr3e-3.json,train_0.014B.npy,preprocessed/dolma2-0625/resharded,,,,,OLMo-dolma-0.014B
repeat,14M_seed42_case4_dolma_epoch32_wd0.4_lr3e-3,14m,14000000,0.05,14000000,32,,0.003,0.4,42,6.450396509137283,632.9532470703125,3478624,True,False,dolma_val_loss/chinchilla_0.05/14M/14M_seed42_case4_dolma_epoch32_wd0.4_lr3e-3.json,train_0.014B.npy,preprocessed/dolma2-0625/resharded,,,,,OLMo-dolma-0.014B
repeat,14M_seed42_case4_dolma_epoch32_wd0.8_lr3e-3,14m,14000000,0.05,14000000,32,,0.003,0.8,42,6.475328452259877,648.9323120117188,3478624,True,False,dolma_val_loss/chinchilla_0.05/14M/14M_seed42_case4_dolma_epoch32_wd0.8_lr3e-3.json,train_0.014B.npy,preprocessed/dolma2-0625/resharded,,,,,OLMo-dolma-0.014B
repeat,14M_seed42_case4_dolma_epoch32_wd1.6_lr3e-3,14m,14000000,0.05,14000000,32,,0.003,1.6,42,6.588639500040102,726.7915649414062,3478624,True,False,dolma_val_loss/chinchilla_0.05/14M/14M_seed42_case4_dolma_epoch32_wd1.6_lr3e-3.json,train_0.014B.npy,preprocessed/dolma2-0625/resharded,,,,,OLMo-dolma-0.014B
repeat,14M_seed42_case4_dolma_epoch64_wd0.2_lr1e-4,14m,14000000,0.05,14000000,64,,0.0001,0.2,42,8.511221890971203,4970.232421875,3478624,True,False,dolma_val_loss/chinchilla_0.05/14M/14M_seed42_case4_dolma_epoch64_wd0.2_lr1e-4.json,train_0.014B.npy,preprocessed/dolma2-0625/resharded,,,,,OLMo-dolma-0.014B
repeat,14M_seed42_case4_dolma_epoch64_wd0.4_lr1e-4,14m,14000000,0.05,14000000,64,,0.0001,0.4,42,8.523965411823262,5033.97802734375,3478624,True,False,dolma_val_loss/chinchilla_0.05/14M/14M_seed42_case4_dolma_epoch64_wd0.4_lr1e-4.json,train_0.014B.npy,preprocessed/dolma2-0625/resharded,,,,,OLMo-dolma-0.014B
repeat,14M_seed42_case4_dolma_epoch64_wd1.6_lr1e-4,14m,14000000,0.05,14000000,64,,0.0001,1.6,42,8.59807712080108,5421.2236328125,3478624,True,False,dolma_val_loss/chinchilla_0.05/14M/14M_seed42_case4_dolma_epoch64_wd1.6_lr1e-4.json,train_0.014B.npy,preprocessed/dolma2-0625/resharded,,,,,OLMo-dolma-0.014B
repeat,14M_seed42_case4_dolma_epoch64_wd0.2_lr3e-4,14m,14000000,0.05,14000000,64,,0.0003,0.2,42,6.9189820150342225,1011.2899780273438,3478624,True,False,dolma_val_loss/chinchilla_0.05/14M/14M_seed42_case4_dolma_epoch64_wd0.2_lr3e-4.json,train_0.014B.npy,preprocessed/dolma2-0625/resharded,,,,,OLMo-dolma-0.014B
repeat,14M_seed42_case4_dolma_epoch64_wd0.4_lr3e-4,14m,14000000,0.05,14000000,64,,0.0003,0.4,42,6.938050408736059,1030.758544921875,3478624,True,False,dolma_val_loss/chinchilla_0.05/14M/14M_seed42_case4_dolma_epoch64_wd0.4_lr3e-4.json,train_0.014B.npy,preprocessed/dolma2-0625/resharded,,,,,OLMo-dolma-0.014B
repeat,14M_seed42_case4_dolma_epoch64_wd0.8_lr3e-4,14m,14000000,0.05,14000000,64,,0.0003,0.8,42,6.978702273171401,1073.5240478515625,3478624,True,False,dolma_val_loss/chinchilla_0.05/14M/14M_seed42_case4_dolma_epoch64_wd0.8_lr3e-4.json,train_0.014B.npy,preprocessed/dolma2-0625/resharded,,,,,OLMo-dolma-0.014B
repeat,14M_seed42_case4_dolma_epoch64_wd0.8_lr1e-3,14m,14000000,0.05,14000000,64,,0.001,0.8,42,6.365403400475079,581.379150390625,3478624,True,False,dolma_val_loss/chinchilla_0.05/14M/14M_seed42_case4_dolma_epoch64_wd0.8_lr1e-3.json,train_0.014B.npy,preprocessed/dolma2-0625/resharded,,,,,OLMo-dolma-0.014B
repeat,14M_seed42_case4_dolma_epoch64_wd1.6_lr1e-3,14m,14000000,0.05,14000000,64,,0.001,1.6,42,6.4149482371433,610.9093017578125,3478624,True,False,dolma_val_loss/chinchilla_0.05/14M/14M_seed42_case4_dolma_epoch64_wd1.6_lr1e-3.json,train_0.014B.npy,preprocessed/dolma2-0625/resharded,,,,,OLMo-dolma-0.014B
repeat,14M_seed42_case4_dolma_epoch64_wd0.1_lr3e-3,14m,14000000,0.05,14000000,64,,0.003,0.1,42,6.162075049005997,474.4114685058594,3478624,True,False,dolma_val_loss/chinchilla_0.05/14M/14M_seed42_case4_dolma_epoch64_wd0.1_lr3e-3.json,train_0.014B.npy,preprocessed/dolma2-0625/resharded,,,,,OLMo-dolma-0.014B
repeat,14M_seed42_case4_dolma_epoch64_wd0.2_lr3e-3,14m,14000000,0.05,14000000,64,,0.003,0.2,42,6.130235910566982,459.544677734375,3478624,True,False,dolma_val_loss/chinchilla_0.05/14M/14M_seed42_case4_dolma_epoch64_wd0.2_lr3e-3.json,train_0.014B.npy,preprocessed/dolma2-0625/resharded,,,,,OLMo-dolma-0.014B
repeat,14M_seed42_case4_dolma_epoch64_wd0.4_lr3e-3,14m,14000000,0.05,14000000,64,,0.003,0.4,42,6.1188215841257385,454.3290100097656,3478624,True,True,dolma_val_loss/chinchilla_0.05/14M/14M_seed42_case4_dolma_epoch64_wd0.4_lr3e-3.json,train_0.014B.npy,preprocessed/dolma2-0625/resharded,,,,,OLMo-dolma-0.014B
repeat,14M_seed42_case4_dolma_epoch128_wd0.1_lr1e-4,14m,14000000,0.05,14000000,128,,0.0001,0.1,42,7.334167437235958,1531.7520751953125,3478624,True,False,dolma_val_loss/chinchilla_0.05/14M/14M_seed42_case4_dolma_epoch128_wd0.1_lr1e-4.json,train_0.014B.npy,preprocessed/dolma2-0625/resharded,,,,,OLMo-dolma-0.014B
repeat,14M_seed42_case4_dolma_epoch128_wd0.2_lr1e-4,14m,14000000,0.05,14000000,128,,0.0001,0.2,42,7.341689424669963,1543.3175048828125,3478624,True,False,dolma_val_loss/chinchilla_0.05/14M/14M_seed42_case4_dolma_epoch128_wd0.2_lr1e-4.json,train_0.014B.npy,preprocessed/dolma2-0625/resharded,,,,,OLMo-dolma-0.014B
repeat,14M_seed42_case4_dolma_epoch128_wd0.4_lr1e-4,14m,14000000,0.05,14000000,128,,0.0001,0.4,42,7.3590085095933855,1570.278564453125,3478624,True,False,dolma_val_loss/chinchilla_0.05/14M/14M_seed42_case4_dolma_epoch128_wd0.4_lr1e-4.json,train_0.014B.npy,preprocessed/dolma2-0625/resharded,,,,,OLMo-dolma-0.014B
repeat,14M_seed42_case4_dolma_epoch128_wd0.8_lr1e-4,14m,14000000,0.05,14000000,128,,0.0001,0.8,42,7.398476555352553,1633.4940185546875,3478624,True,False,dolma_val_loss/chinchilla_0.05/14M/14M_seed42_case4_dolma_epoch128_wd0.8_lr1e-4.json,train_0.014B.npy,preprocessed/dolma2-0625/resharded,,,,,OLMo-dolma-0.014B
repeat,14M_seed42_case4_dolma_epoch128_wd1.6_lr1e-4,14m,14000000,0.05,14000000,128,,0.0001,1.6,42,7.483445228153386,1778.35693359375,3478624,True,False,dolma_val_loss/chinchilla_0.05/14M/14M_seed42_case4_dolma_epoch128_wd1.6_lr1e-4.json,train_0.014B.npy,preprocessed/dolma2-0625/resharded,,,,,OLMo-dolma-0.014B
repeat,14M_seed42_case4_dolma_epoch128_wd0.1_lr3e-4,14m,14000000,0.05,14000000,128,,0.0003,0.1,42,6.558987727338004,705.5570678710938,3478624,True,False,dolma_val_loss/chinchilla_0.05/14M/14M_seed42_case4_dolma_epoch128_wd0.1_lr3e-4.json,train_0.014B.npy,preprocessed/dolma2-0625/resharded,,,,,OLMo-dolma-0.014B
repeat,14M_seed42_case4_dolma_epoch128_wd0.2_lr3e-4,14m,14000000,0.05,14000000,128,,0.0003,0.2,42,6.558669773880734,705.3327026367188,3478624,True,False,dolma_val_loss/chinchilla_0.05/14M/14M_seed42_case4_dolma_epoch128_wd0.2_lr3e-4.json,train_0.014B.npy,preprocessed/dolma2-0625/resharded,,,,,OLMo-dolma-0.014B
repeat,14M_seed42_case4_dolma_epoch128_wd0.4_lr3e-4,14m,14000000,0.05,14000000,128,,0.0003,0.4,42,6.560359149096875,706.5252685546875,3478624,True,False,dolma_val_loss/chinchilla_0.05/14M/14M_seed42_case4_dolma_epoch128_wd0.4_lr3e-4.json,train_0.014B.npy,preprocessed/dolma2-0625/resharded,,,,,OLMo-dolma-0.014B
repeat,14M_seed42_case4_dolma_epoch128_wd0.8_lr3e-4,14m,14000000,0.05,14000000,128,,0.0003,0.8,42,6.566473037503703,710.8582153320312,3478624,True,False,dolma_val_loss/chinchilla_0.05/14M/14M_seed42_case4_dolma_epoch128_wd0.8_lr3e-4.json,train_0.014B.npy,preprocessed/dolma2-0625/resharded,,,,,OLMo-dolma-0.014B
repeat,14M_seed42_case4_dolma_epoch128_wd1.6_lr3e-4,14m,14000000,0.05,14000000,128,,0.0003,1.6,42,6.580257369134813,720.724853515625,3478624,True,False,dolma_val_loss/chinchilla_0.05/14M/14M_seed42_case4_dolma_epoch128_wd1.6_lr3e-4.json,train_0.014B.npy,preprocessed/dolma2-0625/resharded,,,,,OLMo-dolma-0.014B
repeat,14M_seed42_case4_dolma_epoch128_wd0.1_lr1e-3,14m,14000000,0.05,14000000,128,,0.001,0.1,42,6.8050267203410115,902.3717041015625,3478624,True,False,dolma_val_loss/chinchilla_0.05/14M/14M_seed42_case4_dolma_epoch128_wd0.1_lr1e-3.json,train_0.014B.npy,preprocessed/dolma2-0625/resharded,,,,,OLMo-dolma-0.014B
repeat,14M_seed42_case4_dolma_epoch128_wd0.2_lr1e-3,14m,14000000,0.05,14000000,128,,0.001,0.2,42,6.750803257540059,854.7452392578125,3478624,True,False,dolma_val_loss/chinchilla_0.05/14M/14M_seed42_case4_dolma_epoch128_wd0.2_lr1e-3.json,train_0.014B.npy,preprocessed/dolma2-0625/resharded,,,,,OLMo-dolma-0.014B
repeat,14M_seed42_case4_dolma_epoch128_wd0.4_lr1e-3,14m,14000000,0.05,14000000,128,,0.001,0.4,42,6.722478999767131,830.8745727539062,3478624,True,False,dolma_val_loss/chinchilla_0.05/14M/14M_seed42_case4_dolma_epoch128_wd0.4_lr1e-3.json,train_0.014B.npy,preprocessed/dolma2-0625/resharded,,,,,OLMo-dolma-0.014B
repeat,14M_seed42_case4_dolma_epoch128_wd0.8_lr1e-3,14m,14000000,0.05,14000000,128,,0.001,0.8,42,6.608480089925194,741.3552856445312,3478624,True,False,dolma_val_loss/chinchilla_0.05/14M/14M_seed42_case4_dolma_epoch128_wd0.8_lr1e-3.json,train_0.014B.npy,preprocessed/dolma2-0625/resharded,,,,,OLMo-dolma-0.014B
repeat,14M_seed42_case4_dolma_epoch128_wd1.6_lr1e-3,14m,14000000,0.05,14000000,128,,0.001,1.6,42,6.483564026529644,654.2986450195312,3478624,True,False,dolma_val_loss/chinchilla_0.05/14M/14M_seed42_case4_dolma_epoch128_wd1.6_lr1e-3.json,train_0.014B.npy,preprocessed/dolma2-0625/resharded,,,,,OLMo-dolma-0.014B
repeat,14M_seed42_case4_dolma_epoch128_wd0.1_lr3e-3,14m,14000000,0.05,14000000,128,,0.003,0.1,42,7.228574844800119,1378.2567138671875,3478624,True,False,dolma_val_loss/chinchilla_0.05/14M/14M_seed42_case4_dolma_epoch128_wd0.1_lr3e-3.json,train_0.014B.npy,preprocessed/dolma2-0625/resharded,,,,,OLMo-dolma-0.014B
repeat,14M_seed42_case4_dolma_epoch128_wd0.2_lr3e-3,14m,14000000,0.05,14000000,128,,0.003,0.2,42,7.032779076448403,1133.175537109375,3478624,True,False,dolma_val_loss/chinchilla_0.05/14M/14M_seed42_case4_dolma_epoch128_wd0.2_lr3e-3.json,train_0.014B.npy,preprocessed/dolma2-0625/resharded,,,,,OLMo-dolma-0.014B
repeat,14M_seed42_case4_dolma_epoch128_wd0.4_lr3e-3,14m,14000000,0.05,14000000,128,,0.003,0.4,42,6.783937361388934,883.540771484375,3478624,True,False,dolma_val_loss/chinchilla_0.05/14M/14M_seed42_case4_dolma_epoch128_wd0.4_lr3e-3.json,train_0.014B.npy,preprocessed/dolma2-0625/resharded,,,,,OLMo-dolma-0.014B
repeat,14M_seed42_case4_dolma_epoch128_wd0.8_lr3e-3,14m,14000000,0.05,14000000,128,,0.003,0.8,42,6.596560119215106,732.57080078125,3478624,True,False,dolma_val_loss/chinchilla_0.05/14M/14M_seed42_case4_dolma_epoch128_wd0.8_lr3e-3.json,train_0.014B.npy,preprocessed/dolma2-0625/resharded,,,,,OLMo-dolma-0.014B
repeat,14M_seed42_case4_dolma_epoch128_wd1.6_lr3e-3,14m,14000000,0.05,14000000,128,,0.003,1.6,42,6.376552194622024,587.897216796875,3478624,True,True,dolma_val_loss/chinchilla_0.05/14M/14M_seed42_case4_dolma_epoch128_wd1.6_lr3e-3.json,train_0.014B.npy,preprocessed/dolma2-0625/resharded,,,,,OLMo-dolma-0.014B
repeat,14M_seed42_case4_dolma_epoch128_wd3.2_lr3e-3,14m,14000000,0.05,14000000,128,,0.003,3.2,42,6.6785163980809115,795.1385498046875,3478624,True,False,dolma_val_loss/chinchilla_0.05/14M/14M_seed42_case4_dolma_epoch128_wd3.2_lr3e-3.json,train_0.014B.npy,preprocessed/dolma2-0625/resharded,,,,,OLMo-dolma-0.014B
repeat,14M_seed42_case4_dolma_epoch128_wd6.4_lr3e-3,14m,14000000,0.05,14000000,128,,0.003,6.4,42,8.437996739857889,4619.29248046875,3478624,True,False,dolma_val_loss/chinchilla_0.05/14M/14M_seed42_case4_dolma_epoch128_wd6.4_lr3e-3.json,train_0.014B.npy,preprocessed/dolma2-0625/resharded,,,,,OLMo-dolma-0.014B
repeat,14M_seed42_case4_dolma_epoch1_wd0.1_lr1e-4,14m,14000000,0.1,28000000,1,,0.0001,0.1,42,11.32597382319736,82948.359375,3478624,True,False,dolma_val_loss/chinchilla_0.1/14M/14M_seed42_case4_dolma_epoch1_wd0.1_lr1e-4.json,train_0.028B.npy,preprocessed/dolma2-0625/resharded,,,,,OLMo-dolma-0.028B
repeat,14M_seed42_case4_dolma_epoch1_wd0.4_lr1e-4,14m,14000000,0.1,28000000,1,,0.0001,0.4,42,11.326009169232576,82951.2890625,3478624,True,False,dolma_val_loss/chinchilla_0.1/14M/14M_seed42_case4_dolma_epoch1_wd0.4_lr1e-4.json,train_0.028B.npy,preprocessed/dolma2-0625/resharded,,,,,OLMo-dolma-0.028B
repeat,14M_seed42_case4_dolma_epoch1_wd1.6_lr1e-3,14m,14000000,0.1,28000000,1,,0.001,1.6,42,10.551847640695179,38248.03515625,3478624,True,False,dolma_val_loss/chinchilla_0.1/14M/14M_seed42_case4_dolma_epoch1_wd1.6_lr1e-3.json,train_0.028B.npy,preprocessed/dolma2-0625/resharded,,,,,OLMo-dolma-0.028B
repeat,14M_seed42_case4_dolma_epoch1_wd0.1_lr3e-3,14m,14000000,0.1,28000000,1,,0.003,0.1,42,9.214234216211011,10039.015625,3478624,True,True,dolma_val_loss/chinchilla_0.1/14M/14M_seed42_case4_dolma_epoch1_wd0.1_lr3e-3.json,train_0.028B.npy,preprocessed/dolma2-0625/resharded,,,,,OLMo-dolma-0.028B
repeat,14M_seed42_case4_dolma_epoch1_wd0.2_lr3e-3,14m,14000000,0.1,28000000,1,,0.003,0.2,42,9.219035141453157,10087.3271484375,3478624,True,False,dolma_val_loss/chinchilla_0.1/14M/14M_seed42_case4_dolma_epoch1_wd0.2_lr3e-3.json,train_0.028B.npy,preprocessed/dolma2-0625/resharded,,,,,OLMo-dolma-0.028B
repeat,14M_seed42_case4_dolma_epoch1_wd0.4_lr3e-3,14m,14000000,0.1,28000000,1,,0.003,0.4,42,9.228714352244818,10185.4345703125,3478624,True,False,dolma_val_loss/chinchilla_0.1/14M/14M_seed42_case4_dolma_epoch1_wd0.4_lr3e-3.json,train_0.028B.npy,preprocessed/dolma2-0625/resharded,,,,,OLMo-dolma-0.028B
repeat,14M_seed42_case4_dolma_epoch2_wd0.4_lr1e-4,14m,14000000,0.1,28000000,2,,0.0001,0.4,42,11.207160632268858,73656.0078125,3478624,True,False,dolma_val_loss/chinchilla_0.1/14M/14M_seed42_case4_dolma_epoch2_wd0.4_lr1e-4.json,train_0.028B.npy,preprocessed/dolma2-0625/resharded,,,,,OLMo-dolma-0.028B
repeat,14M_seed42_case4_dolma_epoch2_wd0.2_lr3e-4,14m,14000000,0.1,28000000,2,,0.0003,0.2,42,10.796018915217536,48826.01953125,3478624,True,False,dolma_val_loss/chinchilla_0.1/14M/14M_seed42_case4_dolma_epoch2_wd0.2_lr3e-4.json,train_0.028B.npy,preprocessed/dolma2-0625/resharded,,,,,OLMo-dolma-0.028B
repeat,14M_seed42_case4_dolma_epoch2_wd0.8_lr3e-4,14m,14000000,0.1,28000000,2,,0.0003,0.8,42,10.798634632572435,48953.91015625,3478624,True,False,dolma_val_loss/chinchilla_0.1/14M/14M_seed42_case4_dolma_epoch2_wd0.8_lr3e-4.json,train_0.028B.npy,preprocessed/dolma2-0625/resharded,,,,,OLMo-dolma-0.028B
repeat,14M_seed42_case4_dolma_epoch2_wd0.4_lr1e-3,14m,14000000,0.1,28000000,2,,0.001,0.4,42,9.658657254871557,15656.7451171875,3478624,True,False,dolma_val_loss/chinchilla_0.1/14M/14M_seed42_case4_dolma_epoch2_wd0.4_lr1e-3.json,train_0.028B.npy,preprocessed/dolma2-0625/resharded,,,,,OLMo-dolma-0.028B
repeat,14M_seed42_case4_dolma_epoch2_wd0.8_lr1e-3,14m,14000000,0.1,28000000,2,,0.001,0.8,42,9.67067620705706,15846.060546875,3478624,True,False,dolma_val_loss/chinchilla_0.1/14M/14M_seed42_case4_dolma_epoch2_wd0.8_lr1e-3.json,train_0.028B.npy,preprocessed/dolma2-0625/resharded,,,,,OLMo-dolma-0.028B
repeat,14M_seed42_case4_dolma_epoch2_wd1.6_lr1e-3,14m,14000000,0.1,28000000,2,,0.001,1.6,42,9.694590199651321,16229.576171875,3478624,True,False,dolma_val_loss/chinchilla_0.1/14M/14M_seed42_case4_dolma_epoch2_wd1.6_lr1e-3.json,train_0.028B.npy,preprocessed/dolma2-0625/resharded,,,,,OLMo-dolma-0.028B
repeat,14M_seed42_case4_dolma_epoch2_wd0.1_lr3e-3,14m,14000000,0.1,28000000,2,,0.003,0.1,42,8.214416546998676,3693.8203125,3478624,True,True,dolma_val_loss/chinchilla_0.1/14M/14M_seed42_case4_dolma_epoch2_wd0.1_lr3e-3.json,train_0.028B.npy,preprocessed/dolma2-0625/resharded,,,,,OLMo-dolma-0.028B
repeat,14M_seed42_case4_dolma_epoch2_wd0.2_lr3e-3,14m,14000000,0.1,28000000,2,,0.003,0.2,42,8.219006093228467,3710.81396484375,3478624,True,False,dolma_val_loss/chinchilla_0.1/14M/14M_seed42_case4_dolma_epoch2_wd0.2_lr3e-3.json,train_0.028B.npy,preprocessed/dolma2-0625/resharded,,,,,OLMo-dolma-0.028B
repeat,14M_seed42_case4_dolma_epoch2_wd0.4_lr3e-3,14m,14000000,0.1,28000000,2,,0.003,0.4,42,8.227887104435906,3743.9150390625,3478624,True,False,dolma_val_loss/chinchilla_0.1/14M/14M_seed42_case4_dolma_epoch2_wd0.4_lr3e-3.json,train_0.028B.npy,preprocessed/dolma2-0625/resharded,,,,,OLMo-dolma-0.028B
repeat,14M_seed42_case4_dolma_epoch2_wd0.8_lr3e-3,14m,14000000,0.1,28000000,2,,0.003,0.8,42,8.245724317798459,3811.29638671875,3478624,True,False,dolma_val_loss/chinchilla_0.1/14M/14M_seed42_case4_dolma_epoch2_wd0.8_lr3e-3.json,train_0.028B.npy,preprocessed/dolma2-0625/resharded,,,,,OLMo-dolma-0.028B
repeat,14M_seed42_case4_dolma_epoch2_wd1.6_lr3e-3,14m,14000000,0.1,28000000,2,,0.003,1.6,42,8.287021096588091,3971.982666015625,3478624,True,False,dolma_val_loss/chinchilla_0.1/14M/14M_seed42_case4_dolma_epoch2_wd1.6_lr3e-3.json,train_0.028B.npy,preprocessed/dolma2-0625/resharded,,,,,OLMo-dolma-0.028B
repeat,14M_seed42_case4_dolma_epoch4_wd0.1_lr1e-4,14m,14000000,0.1,28000000,4,,0.0001,0.1,42,10.957095606501396,57359.578125,3478624,True,False,dolma_val_loss/chinchilla_0.1/14M/14M_seed42_case4_dolma_epoch4_wd0.1_lr1e-4.json,train_0.028B.npy,preprocessed/dolma2-0625/resharded,,,,,OLMo-dolma-0.028B
repeat,14M_seed42_case4_dolma_epoch4_wd0.1_lr3e-4,14m,14000000,0.1,28000000,4,,0.0003,0.1,42,10.109984803572836,24587.27734375,3478624,True,False,dolma_val_loss/chinchilla_0.1/14M/14M_seed42_case4_dolma_epoch4_wd0.1_lr3e-4.json,train_0.028B.npy,preprocessed/dolma2-0625/resharded,,,,,OLMo-dolma-0.028B
repeat,14M_seed42_case4_dolma_epoch4_wd0.8_lr1e-3,14m,14000000,0.1,28000000,4,,0.001,0.8,42,8.514376643328925,4985.93701171875,3478624,True,False,dolma_val_loss/chinchilla_0.1/14M/14M_seed42_case4_dolma_epoch4_wd0.8_lr1e-3.json,train_0.028B.npy,preprocessed/dolma2-0625/resharded,,,,,OLMo-dolma-0.028B
repeat,14M_seed42_case4_dolma_epoch4_wd1.6_lr1e-3,14m,14000000,0.1,28000000,4,,0.001,1.6,42,8.5628845605904,5233.75537109375,3478624,True,False,dolma_val_loss/chinchilla_0.1/14M/14M_seed42_case4_dolma_epoch4_wd1.6_lr1e-3.json,train_0.028B.npy,preprocessed/dolma2-0625/resharded,,,,,OLMo-dolma-0.028B
repeat,14M_seed42_case4_dolma_epoch4_wd0.1_lr3e-3,14m,14000000,0.1,28000000,4,,0.003,0.1,42,7.861804808211567,2596.2021484375,3478624,True,False,dolma_val_loss/chinchilla_0.1/14M/14M_seed42_case4_dolma_epoch4_wd0.1_lr3e-3.json,train_0.028B.npy,preprocessed/dolma2-0625/resharded,,,,,OLMo-dolma-0.028B
repeat,14M_seed42_case4_dolma_epoch4_wd0.2_lr3e-3,14m,14000000,0.1,28000000,4,,0.003,0.2,42,7.861508537122006,2595.432373046875,3478624,True,True,dolma_val_loss/chinchilla_0.1/14M/14M_seed42_case4_dolma_epoch4_wd0.2_lr3e-3.json,train_0.028B.npy,preprocessed/dolma2-0625/resharded,,,,,OLMo-dolma-0.028B
repeat,14M_seed42_case4_dolma_epoch4_wd0.4_lr3e-3,14m,14000000,0.1,28000000,4,,0.003,0.4,42,7.867219904380654,2610.298583984375,3478624,True,False,dolma_val_loss/chinchilla_0.1/14M/14M_seed42_case4_dolma_epoch4_wd0.4_lr3e-3.json,train_0.028B.npy,preprocessed/dolma2-0625/resharded,,,,,OLMo-dolma-0.028B
repeat,14M_seed42_case4_dolma_epoch8_wd0.8_lr1e-4,14m,14000000,0.1,28000000,8,,0.0001,0.8,42,10.473961715784567,35382.1171875,3478624,True,False,dolma_val_loss/chinchilla_0.1/14M/14M_seed42_case4_dolma_epoch8_wd0.8_lr1e-4.json,train_0.028B.npy,preprocessed/dolma2-0625/resharded,,,,,OLMo-dolma-0.028B
repeat,14M_seed42_case4_dolma_epoch8_wd0.1_lr3e-4,14m,14000000,0.1,28000000,8,,0.0003,0.1,42,9.080949200331707,8786.298828125,3478624,True,False,dolma_val_loss/chinchilla_0.1/14M/14M_seed42_case4_dolma_epoch8_wd0.1_lr3e-4.json,train_0.028B.npy,preprocessed/dolma2-0625/resharded,,,,,OLMo-dolma-0.028B
repeat,14M_seed42_case4_dolma_epoch8_wd0.4_lr3e-4,14m,14000000,0.1,28000000,8,,0.0003,0.4,42,9.094165990548857,8903.1982421875,3478624,True,False,dolma_val_loss/chinchilla_0.1/14M/14M_seed42_case4_dolma_epoch8_wd0.4_lr3e-4.json,train_0.028B.npy,preprocessed/dolma2-0625/resharded,,,,,OLMo-dolma-0.028B
repeat,14M_seed42_case4_dolma_epoch8_wd0.4_lr1e-3,14m,14000000,0.1,28000000,8,,0.001,0.4,42,7.56409954491547,1927.731689453125,3478624,True,False,dolma_val_loss/chinchilla_0.1/14M/14M_seed42_case4_dolma_epoch8_wd0.4_lr1e-3.json,train_0.028B.npy,preprocessed/dolma2-0625/resharded,,,,,OLMo-dolma-0.028B
repeat,14M_seed42_case4_dolma_epoch8_wd0.8_lr1e-3,14m,14000000,0.1,28000000,8,,0.001,0.8,42,7.594827765832077,1987.88720703125,3478624,True,False,dolma_val_loss/chinchilla_0.1/14M/14M_seed42_case4_dolma_epoch8_wd0.8_lr1e-3.json,train_0.028B.npy,preprocessed/dolma2-0625/resharded,,,,,OLMo-dolma-0.028B
repeat,14M_seed42_case4_dolma_epoch8_wd0.4_lr3e-3,14m,14000000,0.1,28000000,8,,0.003,0.4,42,7.105286683942999,1218.3912353515625,3478624,True,True,dolma_val_loss/chinchilla_0.1/14M/14M_seed42_case4_dolma_epoch8_wd0.4_lr3e-3.json,train_0.028B.npy,preprocessed/dolma2-0625/resharded,,,,,OLMo-dolma-0.028B
repeat,14M_seed42_case4_dolma_epoch8_wd1.6_lr3e-3,14m,14000000,0.1,28000000,8,,0.003,1.6,42,7.277996068811978,1448.083251953125,3478624,True,False,dolma_val_loss/chinchilla_0.1/14M/14M_seed42_case4_dolma_epoch8_wd1.6_lr3e-3.json,train_0.028B.npy,preprocessed/dolma2-0625/resharded,,,,,OLMo-dolma-0.028B
repeat,14M_seed42_case4_dolma_epoch16_wd0.1_lr1e-4,14m,14000000,0.1,28000000,16,,0.0001,0.1,42,9.628958636071422,15198.6015625,3478624,True,False,dolma_val_loss/chinchilla_0.1/14M/14M_seed42_case4_dolma_epoch16_wd0.1_lr1e-4.json,train_0.028B.npy,preprocessed/dolma2-0625/resharded,,,,,OLMo-dolma-0.028B
repeat,14M_seed42_case4_dolma_epoch16_wd0.4_lr1e-4,14m,14000000,0.1,28000000,16,,0.0001,0.4,42,9.636938313204311,15320.3623046875,3478624,True,False,dolma_val_loss/chinchilla_0.1/14M/14M_seed42_case4_dolma_epoch16_wd0.4_lr1e-4.json,train_0.028B.npy,preprocessed/dolma2-0625/resharded,,,,,OLMo-dolma-0.028B
repeat,14M_seed42_case4_dolma_epoch16_wd0.8_lr1e-4,14m,14000000,0.1,28000000,16,,0.0001,0.8,42,9.647818359547932,15487.96484375,3478624,True,False,dolma_val_loss/chinchilla_0.1/14M/14M_seed42_case4_dolma_epoch16_wd0.8_lr1e-4.json,train_0.028B.npy,preprocessed/dolma2-0625/resharded,,,,,OLMo-dolma-0.028B
repeat,14M_seed42_case4_dolma_epoch16_wd1.6_lr1e-4,14m,14000000,0.1,28000000,16,,0.0001,1.6,42,9.669392999282008,15825.7333984375,3478624,True,False,dolma_val_loss/chinchilla_0.1/14M/14M_seed42_case4_dolma_epoch16_wd1.6_lr1e-4.json,train_0.028B.npy,preprocessed/dolma2-0625/resharded,,,,,OLMo-dolma-0.028B
repeat,14M_seed42_case4_dolma_epoch16_wd0.1_lr3e-4,14m,14000000,0.1,28000000,16,,0.0003,0.1,42,7.937918422252996,2801.522216796875,3478624,True,False,dolma_val_loss/chinchilla_0.1/14M/14M_seed42_case4_dolma_epoch16_wd0.1_lr3e-4.json,train_0.028B.npy,preprocessed/dolma2-0625/resharded,,,,,OLMo-dolma-0.028B
repeat,14M_seed42_case4_dolma_epoch16_wd0.8_lr3e-4,14m,14000000,0.1,28000000,16,,0.0003,0.8,42,7.993818446941053,2962.58740234375,3478624,True,False,dolma_val_loss/chinchilla_0.1/14M/14M_seed42_case4_dolma_epoch16_wd0.8_lr3e-4.json,train_0.028B.npy,preprocessed/dolma2-0625/resharded,,,,,OLMo-dolma-0.028B
repeat,14M_seed42_case4_dolma_epoch16_wd0.2_lr1e-3,14m,14000000,0.1,28000000,16,,0.001,0.2,42,6.631755061861385,758.8126220703125,3478624,True,False,dolma_val_loss/chinchilla_0.1/14M/14M_seed42_case4_dolma_epoch16_wd0.2_lr1e-3.json,train_0.028B.npy,preprocessed/dolma2-0625/resharded,,,,,OLMo-dolma-0.028B
repeat,14M_seed42_case4_dolma_epoch16_wd0.4_lr1e-3,14m,14000000,0.1,28000000,16,,0.001,0.4,42,6.649534727325688,772.4248046875,3478624,True,False,dolma_val_loss/chinchilla_0.1/14M/14M_seed42_case4_dolma_epoch16_wd0.4_lr1e-3.json,train_0.028B.npy,preprocessed/dolma2-0625/resharded,,,,,OLMo-dolma-0.028B
repeat,14M_seed42_case4_dolma_epoch16_wd0.8_lr1e-3,14m,14000000,0.1,28000000,16,,0.001,0.8,42,6.69335431830746,807.0245971679688,3478624,True,False,dolma_val_loss/chinchilla_0.1/14M/14M_seed42_case4_dolma_epoch16_wd0.8_lr1e-3.json,train_0.028B.npy,preprocessed/dolma2-0625/resharded,,,,,OLMo-dolma-0.028B
repeat,14M_seed42_case4_dolma_epoch16_wd1.6_lr1e-3,14m,14000000,0.1,28000000,16,,0.001,1.6,42,6.794943321973583,893.3186645507812,3478624,True,False,dolma_val_loss/chinchilla_0.1/14M/14M_seed42_case4_dolma_epoch16_wd1.6_lr1e-3.json,train_0.028B.npy,preprocessed/dolma2-0625/resharded,,,,,OLMo-dolma-0.028B
repeat,14M_seed42_case4_dolma_epoch16_wd0.1_lr3e-3,14m,14000000,0.1,28000000,16,,0.003,0.1,42,6.386994921070084,594.068603515625,3478624,True,True,dolma_val_loss/chinchilla_0.1/14M/14M_seed42_case4_dolma_epoch16_wd0.1_lr3e-3.json,train_0.028B.npy,preprocessed/dolma2-0625/resharded,,,,,OLMo-dolma-0.028B
repeat,14M_seed42_case4_dolma_epoch16_wd0.2_lr3e-3,14m,14000000,0.1,28000000,16,,0.003,0.2,42,6.397308490326496,600.2272338867188,3478624,True,False,dolma_val_loss/chinchilla_0.1/14M/14M_seed42_case4_dolma_epoch16_wd0.2_lr3e-3.json,train_0.028B.npy,preprocessed/dolma2-0625/resharded,,,,,OLMo-dolma-0.028B
repeat,14M_seed42_case4_dolma_epoch16_wd0.8_lr3e-3,14m,14000000,0.1,28000000,16,,0.003,0.8,42,6.456883918332476,637.07275390625,3478624,True,False,dolma_val_loss/chinchilla_0.1/14M/14M_seed42_case4_dolma_epoch16_wd0.8_lr3e-3.json,train_0.028B.npy,preprocessed/dolma2-0625/resharded,,,,,OLMo-dolma-0.028B
repeat,14M_seed42_case4_dolma_epoch16_wd1.6_lr3e-3,14m,14000000,0.1,28000000,16,,0.003,1.6,42,6.583286301717962,722.9111328125,3478624,True,False,dolma_val_loss/chinchilla_0.1/14M/14M_seed42_case4_dolma_epoch16_wd1.6_lr3e-3.json,train_0.028B.npy,preprocessed/dolma2-0625/resharded,,,,,OLMo-dolma-0.028B
repeat,14M_seed42_case4_dolma_epoch32_wd0.1_lr1e-4,14m,14000000,0.1,28000000,32,,0.0001,0.1,42,8.501595077901356,4922.61669921875,3478624,True,False,dolma_val_loss/chinchilla_0.1/14M/14M_seed42_case4_dolma_epoch32_wd0.1_lr1e-4.json,train_0.028B.npy,preprocessed/dolma2-0625/resharded,,,,,OLMo-dolma-0.028B
repeat,14M_seed42_case4_dolma_epoch32_wd0.2_lr1e-4,14m,14000000,0.1,28000000,32,,0.0001,0.2,42,8.507675028847839,4952.6357421875,3478624,True,False,dolma_val_loss/chinchilla_0.1/14M/14M_seed42_case4_dolma_epoch32_wd0.2_lr1e-4.json,train_0.028B.npy,preprocessed/dolma2-0625/resharded,,,,,OLMo-dolma-0.028B
repeat,14M_seed42_case4_dolma_epoch32_wd0.4_lr1e-4,14m,14000000,0.1,28000000,32,,0.0001,0.4,42,8.520364548294186,5015.8828125,3478624,True,False,dolma_val_loss/chinchilla_0.1/14M/14M_seed42_case4_dolma_epoch32_wd0.4_lr1e-4.json,train_0.028B.npy,preprocessed/dolma2-0625/resharded,,,,,OLMo-dolma-0.028B
repeat,14M_seed42_case4_dolma_epoch32_wd0.8_lr1e-4,14m,14000000,0.1,28000000,32,,0.0001,0.8,42,8.54542710841696,5143.1826171875,3478624,True,False,dolma_val_loss/chinchilla_0.1/14M/14M_seed42_case4_dolma_epoch32_wd0.8_lr1e-4.json,train_0.028B.npy,preprocessed/dolma2-0625/resharded,,,,,OLMo-dolma-0.028B
repeat,14M_seed42_case4_dolma_epoch32_wd1.6_lr1e-4,14m,14000000,0.1,28000000,32,,0.0001,1.6,42,8.594786311480712,5403.416015625,3478624,True,False,dolma_val_loss/chinchilla_0.1/14M/14M_seed42_case4_dolma_epoch32_wd1.6_lr1e-4.json,train_0.028B.npy,preprocessed/dolma2-0625/resharded,,,,,OLMo-dolma-0.028B
repeat,14M_seed42_case4_dolma_epoch32_wd0.1_lr3e-4,14m,14000000,0.1,28000000,32,,0.0003,0.1,42,6.859324323027493,952.7232666015625,3478624,True,False,dolma_val_loss/chinchilla_0.1/14M/14M_seed42_case4_dolma_epoch32_wd0.1_lr3e-4.json,train_0.028B.npy,preprocessed/dolma2-0625/resharded,,,,,OLMo-dolma-0.028B
repeat,14M_seed42_case4_dolma_epoch32_wd0.2_lr3e-4,14m,14000000,0.1,28000000,32,,0.0003,0.2,42,6.869171244624356,962.1507568359375,3478624,True,False,dolma_val_loss/chinchilla_0.1/14M/14M_seed42_case4_dolma_epoch32_wd0.2_lr3e-4.json,train_0.028B.npy,preprocessed/dolma2-0625/resharded,,,,,OLMo-dolma-0.028B
repeat,14M_seed42_case4_dolma_epoch32_wd0.4_lr3e-4,14m,14000000,0.1,28000000,32,,0.0003,0.4,42,6.889666787995097,982.0739135742188,3478624,True,False,dolma_val_loss/chinchilla_0.1/14M/14M_seed42_case4_dolma_epoch32_wd0.4_lr3e-4.json,train_0.028B.npy,preprocessed/dolma2-0625/resharded,,,,,OLMo-dolma-0.028B
repeat,14M_seed42_case4_dolma_epoch32_wd0.8_lr3e-4,14m,14000000,0.1,28000000,32,,0.0003,0.8,42,6.934211175177042,1026.80908203125,3478624,True,False,dolma_val_loss/chinchilla_0.1/14M/14M_seed42_case4_dolma_epoch32_wd0.8_lr3e-4.json,train_0.028B.npy,preprocessed/dolma2-0625/resharded,,,,,OLMo-dolma-0.028B
repeat,14M_seed42_case4_dolma_epoch32_wd1.6_lr3e-4,14m,14000000,0.1,28000000,32,,0.0003,1.6,42,7.0288612046880825,1128.7442626953125,3478624,True,False,dolma_val_loss/chinchilla_0.1/14M/14M_seed42_case4_dolma_epoch32_wd1.6_lr3e-4.json,train_0.028B.npy,preprocessed/dolma2-0625/resharded,,,,,OLMo-dolma-0.028B
repeat,14M_seed42_case4_dolma_epoch32_wd0.1_lr1e-3,14m,14000000,0.1,28000000,32,,0.001,0.1,42,6.011987116919627,408.29388427734375,3478624,True,False,dolma_val_loss/chinchilla_0.1/14M/14M_seed42_case4_dolma_epoch32_wd0.1_lr1e-3.json,train_0.028B.npy,preprocessed/dolma2-0625/resharded,,,,,OLMo-dolma-0.028B
repeat,14M_seed42_case4_dolma_epoch32_wd0.2_lr1e-3,14m,14000000,0.1,28000000,32,,0.001,0.2,42,6.022026599684468,412.41351318359375,3478624,True,False,dolma_val_loss/chinchilla_0.1/14M/14M_seed42_case4_dolma_epoch32_wd0.2_lr1e-3.json,train_0.028B.npy,preprocessed/dolma2-0625/resharded,,,,,OLMo-dolma-0.028B
repeat,14M_seed42_case4_dolma_epoch32_wd0.4_lr1e-3,14m,14000000,0.1,28000000,32,,0.001,0.4,42,6.039256530381046,419.58099365234375,3478624,True,False,dolma_val_loss/chinchilla_0.1/14M/14M_seed42_case4_dolma_epoch32_wd0.4_lr1e-3.json,train_0.028B.npy,preprocessed/dolma2-0625/resharded,,,,,OLMo-dolma-0.028B
repeat,14M_seed42_case4_dolma_epoch32_wd0.8_lr1e-3,14m,14000000,0.1,28000000,32,,0.001,0.8,42,6.069573982862908,432.496337890625,3478624,True,False,dolma_val_loss/chinchilla_0.1/14M/14M_seed42_case4_dolma_epoch32_wd0.8_lr1e-3.json,train_0.028B.npy,preprocessed/dolma2-0625/resharded,,,,,OLMo-dolma-0.028B
repeat,14M_seed42_case4_dolma_epoch32_wd1.6_lr1e-3,14m,14000000,0.1,28000000,32,,0.001,1.6,42,6.175738507507971,480.93798828125,3478624,True,False,dolma_val_loss/chinchilla_0.1/14M/14M_seed42_case4_dolma_epoch32_wd1.6_lr1e-3.json,train_0.028B.npy,preprocessed/dolma2-0625/resharded,,,,,OLMo-dolma-0.028B
repeat,14M_seed42_case4_dolma_epoch32_wd0.1_lr3e-3,14m,14000000,0.1,28000000,32,,0.003,0.1,42,5.754582120576807,315.6335754394531,3478624,True,False,dolma_val_loss/chinchilla_0.1/14M/14M_seed42_case4_dolma_epoch32_wd0.1_lr3e-3.json,train_0.028B.npy,preprocessed/dolma2-0625/resharded,,,,,OLMo-dolma-0.028B
repeat,14M_seed42_case4_dolma_epoch32_wd0.2_lr3e-3,14m,14000000,0.1,28000000,32,,0.003,0.2,42,5.768086004460295,319.9248046875,3478624,True,False,dolma_val_loss/chinchilla_0.1/14M/14M_seed42_case4_dolma_epoch32_wd0.2_lr3e-3.json,train_0.028B.npy,preprocessed/dolma2-0625/resharded,,,,,OLMo-dolma-0.028B
repeat,14M_seed42_case4_dolma_epoch32_wd0.4_lr3e-3,14m,14000000,0.1,28000000,32,,0.003,0.4,42,5.752640430860625,315.02130126953125,3478624,True,True,dolma_val_loss/chinchilla_0.1/14M/14M_seed42_case4_dolma_epoch32_wd0.4_lr3e-3.json,train_0.028B.npy,preprocessed/dolma2-0625/resharded,,,,,OLMo-dolma-0.028B
repeat,14M_seed42_case4_dolma_epoch32_wd0.8_lr3e-3,14m,14000000,0.1,28000000,32,,0.003,0.8,42,5.823232816231046,338.0631408691406,3478624,True,False,dolma_val_loss/chinchilla_0.1/14M/14M_seed42_case4_dolma_epoch32_wd0.8_lr3e-3.json,train_0.028B.npy,preprocessed/dolma2-0625/resharded,,,,,OLMo-dolma-0.028B
repeat,14M_seed42_case4_dolma_epoch32_wd1.6_lr3e-3,14m,14000000,0.1,28000000,32,,0.003,1.6,42,6.067357485734324,431.5388488769531,3478624,True,False,dolma_val_loss/chinchilla_0.1/14M/14M_seed42_case4_dolma_epoch32_wd1.6_lr3e-3.json,train_0.028B.npy,preprocessed/dolma2-0625/resharded,,,,,OLMo-dolma-0.028B
repeat,14M_seed42_case4_dolma_epoch64_wd0.1_lr1e-4,14m,14000000,0.1,28000000,64,,0.0001,0.1,42,7.305187135191602,1487.99853515625,3478624,True,False,dolma_val_loss/chinchilla_0.1/14M/14M_seed42_case4_dolma_epoch64_wd0.1_lr1e-4.json,train_0.028B.npy,preprocessed/dolma2-0625/resharded,,,,,OLMo-dolma-0.028B
repeat,14M_seed42_case4_dolma_epoch64_wd0.2_lr1e-4,14m,14000000,0.1,28000000,64,,0.0001,0.2,42,7.315494768291015,1503.4151611328125,3478624,True,False,dolma_val_loss/chinchilla_0.1/14M/14M_seed42_case4_dolma_epoch64_wd0.2_lr1e-4.json,train_0.028B.npy,preprocessed/dolma2-0625/resharded,,,,,OLMo-dolma-0.028B
repeat,14M_seed42_case4_dolma_epoch64_wd0.4_lr1e-4,14m,14000000,0.1,28000000,64,,0.0001,0.4,42,7.336549996779214,1535.4053955078125,3478624,True,False,dolma_val_loss/chinchilla_0.1/14M/14M_seed42_case4_dolma_epoch64_wd0.4_lr1e-4.json,train_0.028B.npy,preprocessed/dolma2-0625/resharded,,,,,OLMo-dolma-0.028B
repeat,14M_seed42_case4_dolma_epoch64_wd0.8_lr1e-4,14m,14000000,0.1,28000000,64,,0.0001,0.8,42,7.377967986138341,1600.3343505859375,3478624,True,False,dolma_val_loss/chinchilla_0.1/14M/14M_seed42_case4_dolma_epoch64_wd0.8_lr1e-4.json,train_0.028B.npy,preprocessed/dolma2-0625/resharded,,,,,OLMo-dolma-0.028B
repeat,14M_seed42_case4_dolma_epoch64_wd1.6_lr1e-4,14m,14000000,0.1,28000000,64,,0.0001,1.6,42,7.458689369732876,1734.87255859375,3478624,True,False,dolma_val_loss/chinchilla_0.1/14M/14M_seed42_case4_dolma_epoch64_wd1.6_lr1e-4.json,train_0.028B.npy,preprocessed/dolma2-0625/resharded,,,,,OLMo-dolma-0.028B
repeat,14M_seed42_case4_dolma_epoch64_wd0.1_lr3e-4,14m,14000000,0.1,28000000,64,,0.0003,0.1,42,6.221286173861754,503.35028076171875,3478624,True,False,dolma_val_loss/chinchilla_0.1/14M/14M_seed42_case4_dolma_epoch64_wd0.1_lr3e-4.json,train_0.028B.npy,preprocessed/dolma2-0625/resharded,,,,,OLMo-dolma-0.028B
repeat,14M_seed42_case4_dolma_epoch64_wd0.2_lr3e-4,14m,14000000,0.1,28000000,64,,0.0003,0.2,42,6.225230204408432,505.33935546875,3478624,True,False,dolma_val_loss/chinchilla_0.1/14M/14M_seed42_case4_dolma_epoch64_wd0.2_lr3e-4.json,train_0.028B.npy,preprocessed/dolma2-0625/resharded,,,,,OLMo-dolma-0.028B
repeat,14M_seed42_case4_dolma_epoch64_wd0.4_lr3e-4,14m,14000000,0.1,28000000,64,,0.0003,0.4,42,6.23589223136545,510.75616455078125,3478624,True,False,dolma_val_loss/chinchilla_0.1/14M/14M_seed42_case4_dolma_epoch64_wd0.4_lr3e-4.json,train_0.028B.npy,preprocessed/dolma2-0625/resharded,,,,,OLMo-dolma-0.028B
repeat,14M_seed42_case4_dolma_epoch64_wd0.8_lr3e-4,14m,14000000,0.1,28000000,64,,0.0003,0.8,42,6.268729918284275,527.8064575195312,3478624,True,False,dolma_val_loss/chinchilla_0.1/14M/14M_seed42_case4_dolma_epoch64_wd0.8_lr3e-4.json,train_0.028B.npy,preprocessed/dolma2-0625/resharded,,,,,OLMo-dolma-0.028B
repeat,14M_seed42_case4_dolma_epoch64_wd1.6_lr3e-4,14m,14000000,0.1,28000000,64,,0.0003,1.6,42,6.331455356726651,561.9738159179688,3478624,True,False,dolma_val_loss/chinchilla_0.1/14M/14M_seed42_case4_dolma_epoch64_wd1.6_lr3e-4.json,train_0.028B.npy,preprocessed/dolma2-0625/resharded,,,,,OLMo-dolma-0.028B
repeat,14M_seed42_case4_dolma_epoch64_wd0.1_lr1e-3,14m,14000000,0.1,28000000,64,,0.001,0.1,42,5.836815539179877,342.686279296875,3478624,True,False,dolma_val_loss/chinchilla_0.1/14M/14M_seed42_case4_dolma_epoch64_wd0.1_lr1e-3.json,train_0.028B.npy,preprocessed/dolma2-0625/resharded,,,,,OLMo-dolma-0.028B
repeat,14M_seed42_case4_dolma_epoch64_wd0.2_lr1e-3,14m,14000000,0.1,28000000,64,,0.001,0.2,42,5.832227114335699,341.1175842285156,3478624,True,False,dolma_val_loss/chinchilla_0.1/14M/14M_seed42_case4_dolma_epoch64_wd0.2_lr1e-3.json,train_0.028B.npy,preprocessed/dolma2-0625/resharded,,,,,OLMo-dolma-0.028B
repeat,14M_seed42_case4_dolma_epoch64_wd0.4_lr1e-3,14m,14000000,0.1,28000000,64,,0.001,0.4,42,5.822299696229341,337.747802734375,3478624,True,False,dolma_val_loss/chinchilla_0.1/14M/14M_seed42_case4_dolma_epoch64_wd0.4_lr1e-3.json,train_0.028B.npy,preprocessed/dolma2-0625/resharded,,,,,OLMo-dolma-0.028B
repeat,14M_seed42_case4_dolma_epoch64_wd0.8_lr1e-3,14m,14000000,0.1,28000000,64,,0.001,0.8,42,5.855685424537992,349.214111328125,3478624,True,False,dolma_val_loss/chinchilla_0.1/14M/14M_seed42_case4_dolma_epoch64_wd0.8_lr1e-3.json,train_0.028B.npy,preprocessed/dolma2-0625/resharded,,,,,OLMo-dolma-0.028B
repeat,14M_seed42_case4_dolma_epoch64_wd1.6_lr1e-3,14m,14000000,0.1,28000000,64,,0.001,1.6,42,5.923716846041351,373.7985534667969,3478624,True,False,dolma_val_loss/chinchilla_0.1/14M/14M_seed42_case4_dolma_epoch64_wd1.6_lr1e-3.json,train_0.028B.npy,preprocessed/dolma2-0625/resharded,,,,,OLMo-dolma-0.028B
repeat,14M_seed42_case4_dolma_epoch64_wd0.1_lr3e-3,14m,14000000,0.1,28000000,64,,0.003,0.1,42,5.782455984324729,324.5552978515625,3478624,True,False,dolma_val_loss/chinchilla_0.1/14M/14M_seed42_case4_dolma_epoch64_wd0.1_lr3e-3.json,train_0.028B.npy,preprocessed/dolma2-0625/resharded,,,,,OLMo-dolma-0.028B
repeat,14M_seed42_case4_dolma_epoch64_wd0.2_lr3e-3,14m,14000000,0.1,28000000,64,,0.003,0.2,42,5.770224053373232,320.60955810546875,3478624,True,False,dolma_val_loss/chinchilla_0.1/14M/14M_seed42_case4_dolma_epoch64_wd0.2_lr3e-3.json,train_0.028B.npy,preprocessed/dolma2-0625/resharded,,,,,OLMo-dolma-0.028B
repeat,14M_seed42_case4_dolma_epoch64_wd0.4_lr3e-3,14m,14000000,0.1,28000000,64,,0.003,0.4,42,5.720436739419541,305.0380554199219,3478624,True,False,dolma_val_loss/chinchilla_0.1/14M/14M_seed42_case4_dolma_epoch64_wd0.4_lr3e-3.json,train_0.028B.npy,preprocessed/dolma2-0625/resharded,,,,,OLMo-dolma-0.028B
repeat,14M_seed42_case4_dolma_epoch64_wd0.8_lr3e-3,14m,14000000,0.1,28000000,64,,0.003,0.8,42,5.669200801522137,289.8028564453125,3478624,True,True,dolma_val_loss/chinchilla_0.1/14M/14M_seed42_case4_dolma_epoch64_wd0.8_lr3e-3.json,train_0.028B.npy,preprocessed/dolma2-0625/resharded,,,,,OLMo-dolma-0.028B
repeat,14M_seed42_case4_dolma_epoch64_wd1.6_lr3e-3,14m,14000000,0.1,28000000,64,,0.003,1.6,42,5.759341923854761,317.1394958496094,3478624,True,False,dolma_val_loss/chinchilla_0.1/14M/14M_seed42_case4_dolma_epoch64_wd1.6_lr3e-3.json,train_0.028B.npy,preprocessed/dolma2-0625/resharded,,,,,OLMo-dolma-0.028B
repeat,14M_seed42_case4_dolma_epoch128_wd0.1_lr1e-4,14m,14000000,0.1,28000000,128,,0.0001,0.1,42,6.421789410022019,615.1029663085938,3478624,True,False,dolma_val_loss/chinchilla_0.1/14M/14M_seed42_case4_dolma_epoch128_wd0.1_lr1e-4.json,train_0.028B.npy,preprocessed/dolma2-0625/resharded,,,,,OLMo-dolma-0.028B
repeat,14M_seed42_case4_dolma_epoch128_wd0.2_lr1e-4,14m,14000000,0.1,28000000,128,,0.0001,0.2,42,6.429218788887053,619.6896362304688,3478624,True,False,dolma_val_loss/chinchilla_0.1/14M/14M_seed42_case4_dolma_epoch128_wd0.2_lr1e-4.json,train_0.028B.npy,preprocessed/dolma2-0625/resharded,,,,,OLMo-dolma-0.028B
repeat,14M_seed42_case4_dolma_epoch128_wd0.4_lr1e-4,14m,14000000,0.1,28000000,128,,0.0001,0.4,42,6.442629390584153,628.0560302734375,3478624,True,False,dolma_val_loss/chinchilla_0.1/14M/14M_seed42_case4_dolma_epoch128_wd0.4_lr1e-4.json,train_0.028B.npy,preprocessed/dolma2-0625/resharded,,,,,OLMo-dolma-0.028B
repeat,14M_seed42_case4_dolma_epoch128_wd0.8_lr1e-4,14m,14000000,0.1,28000000,128,,0.0001,0.8,42,6.478832353902496,651.2100219726562,3478624,True,False,dolma_val_loss/chinchilla_0.1/14M/14M_seed42_case4_dolma_epoch128_wd0.8_lr1e-4.json,train_0.028B.npy,preprocessed/dolma2-0625/resharded,,,,,OLMo-dolma-0.028B
repeat,14M_seed42_case4_dolma_epoch128_wd1.6_lr1e-4,14m,14000000,0.1,28000000,128,,0.0001,1.6,42,6.558560140014009,705.2556762695312,3478624,True,False,dolma_val_loss/chinchilla_0.1/14M/14M_seed42_case4_dolma_epoch128_wd1.6_lr1e-4.json,train_0.028B.npy,preprocessed/dolma2-0625/resharded,,,,,OLMo-dolma-0.028B
repeat,14M_seed42_case4_dolma_epoch128_wd0.1_lr3e-4,14m,14000000,0.1,28000000,128,,0.0003,0.1,42,6.028038091365742,414.90020751953125,3478624,True,False,dolma_val_loss/chinchilla_0.1/14M/14M_seed42_case4_dolma_epoch128_wd0.1_lr3e-4.json,train_0.028B.npy,preprocessed/dolma2-0625/resharded,,,,,OLMo-dolma-0.028B
repeat,14M_seed42_case4_dolma_epoch128_wd0.2_lr3e-4,14m,14000000,0.1,28000000,128,,0.0003,0.2,42,6.030255282675393,415.8211975097656,3478624,True,False,dolma_val_loss/chinchilla_0.1/14M/14M_seed42_case4_dolma_epoch128_wd0.2_lr3e-4.json,train_0.028B.npy,preprocessed/dolma2-0625/resharded,,,,,OLMo-dolma-0.028B
repeat,14M_seed42_case4_dolma_epoch128_wd0.4_lr3e-4,14m,14000000,0.1,28000000,128,,0.0003,0.4,42,6.0323797345947705,416.7054443359375,3478624,True,False,dolma_val_loss/chinchilla_0.1/14M/14M_seed42_case4_dolma_epoch128_wd0.4_lr3e-4.json,train_0.028B.npy,preprocessed/dolma2-0625/resharded,,,,,OLMo-dolma-0.028B
repeat,14M_seed42_case4_dolma_epoch128_wd0.8_lr3e-4,14m,14000000,0.1,28000000,128,,0.0003,0.8,42,6.039534638574944,419.6976623535156,3478624,True,False,dolma_val_loss/chinchilla_0.1/14M/14M_seed42_case4_dolma_epoch128_wd0.8_lr3e-4.json,train_0.028B.npy,preprocessed/dolma2-0625/resharded,,,,,OLMo-dolma-0.028B
repeat,14M_seed42_case4_dolma_epoch128_wd1.6_lr3e-4,14m,14000000,0.1,28000000,128,,0.0003,1.6,42,6.055070431640589,426.2689208984375,3478624,True,False,dolma_val_loss/chinchilla_0.1/14M/14M_seed42_case4_dolma_epoch128_wd1.6_lr3e-4.json,train_0.028B.npy,preprocessed/dolma2-0625/resharded,,,,,OLMo-dolma-0.028B
repeat,14M_seed42_case4_dolma_epoch128_wd0.1_lr1e-3,14m,14000000,0.1,28000000,128,,0.001,0.1,42,6.22273644893314,504.0806884765625,3478624,True,False,dolma_val_loss/chinchilla_0.1/14M/14M_seed42_case4_dolma_epoch128_wd0.1_lr1e-3.json,train_0.028B.npy,preprocessed/dolma2-0625/resharded,,,,,OLMo-dolma-0.028B
repeat,14M_seed42_case4_dolma_epoch128_wd0.2_lr1e-3,14m,14000000,0.1,28000000,128,,0.001,0.2,42,6.209115266907395,497.26123046875,3478624,True,False,dolma_val_loss/chinchilla_0.1/14M/14M_seed42_case4_dolma_epoch128_wd0.2_lr1e-3.json,train_0.028B.npy,preprocessed/dolma2-0625/resharded,,,,,OLMo-dolma-0.028B
repeat,14M_seed42_case4_dolma_epoch128_wd0.4_lr1e-3,14m,14000000,0.1,28000000,128,,0.001,0.4,42,6.118128774295661,454.01434326171875,3478624,True,False,dolma_val_loss/chinchilla_0.1/14M/14M_seed42_case4_dolma_epoch128_wd0.4_lr1e-3.json,train_0.028B.npy,preprocessed/dolma2-0625/resharded,,,,,OLMo-dolma-0.028B
repeat,14M_seed42_case4_dolma_epoch128_wd0.8_lr1e-3,14m,14000000,0.1,28000000,128,,0.001,0.8,42,5.979686652665366,395.3164978027344,3478624,True,False,dolma_val_loss/chinchilla_0.1/14M/14M_seed42_case4_dolma_epoch128_wd0.8_lr1e-3.json,train_0.028B.npy,preprocessed/dolma2-0625/resharded,,,,,OLMo-dolma-0.028B
repeat,14M_seed42_case4_dolma_epoch128_wd1.6_lr1e-3,14m,14000000,0.1,28000000,128,,0.001,1.6,42,5.930922589538097,376.5016784667969,3478624,True,False,dolma_val_loss/chinchilla_0.1/14M/14M_seed42_case4_dolma_epoch128_wd1.6_lr1e-3.json,train_0.028B.npy,preprocessed/dolma2-0625/resharded,,,,,OLMo-dolma-0.028B
repeat,14M_seed42_case4_dolma_epoch128_wd0.1_lr3e-3,14m,14000000,0.1,28000000,128,,0.003,0.1,42,6.440392857513263,626.6530151367188,3478624,True,False,dolma_val_loss/chinchilla_0.1/14M/14M_seed42_case4_dolma_epoch128_wd0.1_lr3e-3.json,train_0.028B.npy,preprocessed/dolma2-0625/resharded,,,,,OLMo-dolma-0.028B
repeat,14M_seed42_case4_dolma_epoch128_wd0.2_lr3e-3,14m,14000000,0.1,28000000,128,,0.003,0.2,42,6.309651375246766,549.8532104492188,3478624,True,False,dolma_val_loss/chinchilla_0.1/14M/14M_seed42_case4_dolma_epoch128_wd0.2_lr3e-3.json,train_0.028B.npy,preprocessed/dolma2-0625/resharded,,,,,OLMo-dolma-0.028B
repeat,14M_seed42_case4_dolma_epoch128_wd0.4_lr3e-3,14m,14000000,0.1,28000000,128,,0.003,0.4,42,6.07227329531128,433.6654052734375,3478624,True,False,dolma_val_loss/chinchilla_0.1/14M/14M_seed42_case4_dolma_epoch128_wd0.4_lr3e-3.json,train_0.028B.npy,preprocessed/dolma2-0625/resharded,,,,,OLMo-dolma-0.028B
repeat,14M_seed42_case4_dolma_epoch128_wd0.8_lr3e-3,14m,14000000,0.1,28000000,128,,0.003,0.8,42,5.795583021021521,328.84393310546875,3478624,True,False,dolma_val_loss/chinchilla_0.1/14M/14M_seed42_case4_dolma_epoch128_wd0.8_lr3e-3.json,train_0.028B.npy,preprocessed/dolma2-0625/resharded,,,,,OLMo-dolma-0.028B
repeat,14M_seed42_case4_dolma_epoch128_wd1.6_lr3e-3,14m,14000000,0.1,28000000,128,,0.003,1.6,42,5.735967740242577,309.8126220703125,3478624,True,True,dolma_val_loss/chinchilla_0.1/14M/14M_seed42_case4_dolma_epoch128_wd1.6_lr3e-3.json,train_0.028B.npy,preprocessed/dolma2-0625/resharded,,,,,OLMo-dolma-0.028B
repeat,14M_seed42_case4_dolma_epoch128_wd3.2_lr3e-3,14m,14000000,0.1,28000000,128,,0.003,3.2,42,6.504542564888916,668.1697998046875,3478624,True,False,dolma_val_loss/chinchilla_0.1/14M/14M_seed42_case4_dolma_epoch128_wd3.2_lr3e-3.json,train_0.028B.npy,preprocessed/dolma2-0625/resharded,,,,,OLMo-dolma-0.028B
repeat,14M_seed42_case4_dolma_epoch128_wd6.4_lr3e-3,14m,14000000,0.1,28000000,128,,0.003,6.4,42,8.421078136000219,4541.79541015625,3478624,True,False,dolma_val_loss/chinchilla_0.1/14M/14M_seed42_case4_dolma_epoch128_wd6.4_lr3e-3.json,train_0.028B.npy,preprocessed/dolma2-0625/resharded,,,,,OLMo-dolma-0.028B
repeat,14M_seed42_case4_dolma_epoch1_wd0.8_lr1e-4,14m,14000000,0.25,70000000,1,,0.0001,0.8,42,11.144684363140964,69195.0625,3478624,True,False,dolma_val_loss/chinchilla_0.25/14M/14M_seed42_case4_dolma_epoch1_wd0.8_lr1e-4.json,train_0.07B.npy,preprocessed/dolma2-0625/resharded,,,,,OLMo-dolma-0.07B
repeat,14M_seed42_case4_dolma_epoch1_wd0.1_lr1e-3,14m,14000000,0.25,70000000,1,,0.001,0.1,42,9.252421551309917,10429.7900390625,3478624,True,False,dolma_val_loss/chinchilla_0.25/14M/14M_seed42_case4_dolma_epoch1_wd0.1_lr1e-3.json,train_0.07B.npy,preprocessed/dolma2-0625/resharded,,,,,OLMo-dolma-0.07B
repeat,14M_seed42_case4_dolma_epoch1_wd0.2_lr1e-3,14m,14000000,0.25,70000000,1,,0.001,0.2,42,9.25659154604059,10473.376953125,3478624,True,False,dolma_val_loss/chinchilla_0.25/14M/14M_seed42_case4_dolma_epoch1_wd0.2_lr1e-3.json,train_0.07B.npy,preprocessed/dolma2-0625/resharded,,,,,OLMo-dolma-0.07B
repeat,14M_seed42_case4_dolma_epoch1_wd0.4_lr1e-3,14m,14000000,0.25,70000000,1,,0.001,0.4,42,9.26513163061543,10563.2041015625,3478624,True,False,dolma_val_loss/chinchilla_0.25/14M/14M_seed42_case4_dolma_epoch1_wd0.4_lr1e-3.json,train_0.07B.npy,preprocessed/dolma2-0625/resharded,,,,,OLMo-dolma-0.07B
repeat,14M_seed42_case4_dolma_epoch1_wd0.8_lr1e-3,14m,14000000,0.25,70000000,1,,0.001,0.8,42,9.281602312016233,10738.6201171875,3478624,True,False,dolma_val_loss/chinchilla_0.25/14M/14M_seed42_case4_dolma_epoch1_wd0.8_lr1e-3.json,train_0.07B.npy,preprocessed/dolma2-0625/resharded,,,,,OLMo-dolma-0.07B
repeat,14M_seed42_case4_dolma_epoch1_wd1.6_lr1e-3,14m,14000000,0.25,70000000,1,,0.001,1.6,42,9.315120997229705,11104.666015625,3478624,True,False,dolma_val_loss/chinchilla_0.25/14M/14M_seed42_case4_dolma_epoch1_wd1.6_lr1e-3.json,train_0.07B.npy,preprocessed/dolma2-0625/resharded,,,,,OLMo-dolma-0.07B
repeat,14M_seed42_case4_dolma_epoch1_wd0.1_lr3e-3,14m,14000000,0.25,70000000,1,,0.003,0.1,42,8.074471755873784,3211.4296875,3478624,True,True,dolma_val_loss/chinchilla_0.25/14M/14M_seed42_case4_dolma_epoch1_wd0.1_lr3e-3.json,train_0.07B.npy,preprocessed/dolma2-0625/resharded,,,,,OLMo-dolma-0.07B
repeat,14M_seed42_case4_dolma_epoch1_wd0.2_lr3e-3,14m,14000000,0.25,70000000,1,,0.003,0.2,42,8.07637310553572,3217.542236328125,3478624,True,False,dolma_val_loss/chinchilla_0.25/14M/14M_seed42_case4_dolma_epoch1_wd0.2_lr3e-3.json,train_0.07B.npy,preprocessed/dolma2-0625/resharded,,,,,OLMo-dolma-0.07B
repeat,14M_seed42_case4_dolma_epoch1_wd0.4_lr3e-3,14m,14000000,0.25,70000000,1,,0.003,0.4,42,8.079990235683214,3229.2021484375,3478624,True,False,dolma_val_loss/chinchilla_0.25/14M/14M_seed42_case4_dolma_epoch1_wd0.4_lr3e-3.json,train_0.07B.npy,preprocessed/dolma2-0625/resharded,,,,,OLMo-dolma-0.07B
repeat,14M_seed42_case4_dolma_epoch1_wd0.8_lr3e-3,14m,14000000,0.25,70000000,1,,0.003,0.8,42,8.088094307031495,3255.47900390625,3478624,True,False,dolma_val_loss/chinchilla_0.25/14M/14M_seed42_case4_dolma_epoch1_wd0.8_lr3e-3.json,train_0.07B.npy,preprocessed/dolma2-0625/resharded,,,,,OLMo-dolma-0.07B
repeat,14M_seed42_case4_dolma_epoch1_wd1.6_lr3e-3,14m,14000000,0.25,70000000,1,,0.003,1.6,42,8.107618628836342,3319.662353515625,3478624,True,False,dolma_val_loss/chinchilla_0.25/14M/14M_seed42_case4_dolma_epoch1_wd1.6_lr3e-3.json,train_0.07B.npy,preprocessed/dolma2-0625/resharded,,,,,OLMo-dolma-0.07B
repeat,14M_seed42_case4_dolma_epoch2_wd0.4_lr1e-4,14m,14000000,0.25,70000000,2,,0.0001,0.4,42,10.835852353017764,50810.2109375,3478624,True,False,dolma_val_loss/chinchilla_0.25/14M/14M_seed42_case4_dolma_epoch2_wd0.4_lr1e-4.json,train_0.07B.npy,preprocessed/dolma2-0625/resharded,,,,,OLMo-dolma-0.07B
repeat,14M_seed42_case4_dolma_epoch2_wd0.1_lr1e-3,14m,14000000,0.25,70000000,2,,0.001,0.1,42,8.153106613515009,3474.155517578125,3478624,True,False,dolma_val_loss/chinchilla_0.25/14M/14M_seed42_case4_dolma_epoch2_wd0.1_lr1e-3.json,train_0.07B.npy,preprocessed/dolma2-0625/resharded,,,,,OLMo-dolma-0.07B
repeat,14M_seed42_case4_dolma_epoch2_wd0.2_lr1e-3,14m,14000000,0.25,70000000,2,,0.001,0.2,42,8.159530819036448,3496.545166015625,3478624,True,False,dolma_val_loss/chinchilla_0.25/14M/14M_seed42_case4_dolma_epoch2_wd0.2_lr1e-3.json,train_0.07B.npy,preprocessed/dolma2-0625/resharded,,,,,OLMo-dolma-0.07B
repeat,14M_seed42_case4_dolma_epoch2_wd0.4_lr1e-3,14m,14000000,0.25,70000000,2,,0.001,0.4,42,8.172592548952636,3542.514892578125,3478624,True,False,dolma_val_loss/chinchilla_0.25/14M/14M_seed42_case4_dolma_epoch2_wd0.4_lr1e-3.json,train_0.07B.npy,preprocessed/dolma2-0625/resharded,,,,,OLMo-dolma-0.07B
repeat,14M_seed42_case4_dolma_epoch2_wd1.6_lr1e-3,14m,14000000,0.25,70000000,2,,0.001,1.6,42,8.258625723540625,3860.78564453125,3478624,True,False,dolma_val_loss/chinchilla_0.25/14M/14M_seed42_case4_dolma_epoch2_wd1.6_lr1e-3.json,train_0.07B.npy,preprocessed/dolma2-0625/resharded,,,,,OLMo-dolma-0.07B
repeat,14M_seed42_case4_dolma_epoch2_wd0.1_lr3e-3,14m,14000000,0.25,70000000,2,,0.003,0.1,42,7.640297403524802,2080.362548828125,3478624,True,True,dolma_val_loss/chinchilla_0.25/14M/14M_seed42_case4_dolma_epoch2_wd0.1_lr3e-3.json,train_0.07B.npy,preprocessed/dolma2-0625/resharded,,,,,OLMo-dolma-0.07B
repeat,14M_seed42_case4_dolma_epoch2_wd0.2_lr3e-3,14m,14000000,0.25,70000000,2,,0.003,0.2,42,7.64075014812228,2081.303955078125,3478624,True,False,dolma_val_loss/chinchilla_0.25/14M/14M_seed42_case4_dolma_epoch2_wd0.2_lr3e-3.json,train_0.07B.npy,preprocessed/dolma2-0625/resharded,,,,,OLMo-dolma-0.07B
repeat,14M_seed42_case4_dolma_epoch2_wd0.4_lr3e-3,14m,14000000,0.25,70000000,2,,0.003,0.4,42,7.652175541035137,2105.220458984375,3478624,True,False,dolma_val_loss/chinchilla_0.25/14M/14M_seed42_case4_dolma_epoch2_wd0.4_lr3e-3.json,train_0.07B.npy,preprocessed/dolma2-0625/resharded,,,,,OLMo-dolma-0.07B
repeat,14M_seed42_case4_dolma_epoch2_wd0.8_lr3e-3,14m,14000000,0.25,70000000,2,,0.003,0.8,42,7.696677638406064,2201.0234375,3478624,True,False,dolma_val_loss/chinchilla_0.25/14M/14M_seed42_case4_dolma_epoch2_wd0.8_lr3e-3.json,train_0.07B.npy,preprocessed/dolma2-0625/resharded,,,,,OLMo-dolma-0.07B
repeat,14M_seed42_case4_dolma_epoch4_wd0.1_lr1e-4,14m,14000000,0.25,70000000,4,,0.0001,0.1,42,10.238766451334726,27966.61328125,3478624,True,False,dolma_val_loss/chinchilla_0.25/14M/14M_seed42_case4_dolma_epoch4_wd0.1_lr1e-4.json,train_0.07B.npy,preprocessed/dolma2-0625/resharded,,,,,OLMo-dolma-0.07B
repeat,14M_seed42_case4_dolma_epoch4_wd0.2_lr1e-4,14m,14000000,0.25,70000000,4,,0.0001,0.2,42,10.240156472457977,28005.5,3478624,True,False,dolma_val_loss/chinchilla_0.25/14M/14M_seed42_case4_dolma_epoch4_wd0.2_lr1e-4.json,train_0.07B.npy,preprocessed/dolma2-0625/resharded,,,,,OLMo-dolma-0.07B
repeat,14M_seed42_case4_dolma_epoch4_wd0.4_lr1e-4,14m,14000000,0.25,70000000,4,,0.0001,0.4,42,10.242865093712341,28081.48046875,3478624,True,False,dolma_val_loss/chinchilla_0.25/14M/14M_seed42_case4_dolma_epoch4_wd0.4_lr1e-4.json,train_0.07B.npy,preprocessed/dolma2-0625/resharded,,,,,OLMo-dolma-0.07B
repeat,14M_seed42_case4_dolma_epoch4_wd0.8_lr1e-4,14m,14000000,0.25,70000000,4,,0.0001,0.8,42,10.248083338490575,28228.37890625,3478624,True,False,dolma_val_loss/chinchilla_0.25/14M/14M_seed42_case4_dolma_epoch4_wd0.8_lr1e-4.json,train_0.07B.npy,preprocessed/dolma2-0625/resharded,,,,,OLMo-dolma-0.07B
repeat,14M_seed42_case4_dolma_epoch4_wd1.6_lr1e-4,14m,14000000,0.25,70000000,4,,0.0001,1.6,42,10.258266692194152,28517.306640625,3478624,True,False,dolma_val_loss/chinchilla_0.25/14M/14M_seed42_case4_dolma_epoch4_wd1.6_lr1e-4.json,train_0.07B.npy,preprocessed/dolma2-0625/resharded,,,,,OLMo-dolma-0.07B
repeat,14M_seed42_case4_dolma_epoch4_wd0.1_lr3e-4,14m,14000000,0.25,70000000,4,,0.0003,0.1,42,8.707230608752376,6046.47412109375,3478624,True,False,dolma_val_loss/chinchilla_0.25/14M/14M_seed42_case4_dolma_epoch4_wd0.1_lr3e-4.json,train_0.07B.npy,preprocessed/dolma2-0625/resharded,,,,,OLMo-dolma-0.07B
repeat,14M_seed42_case4_dolma_epoch4_wd0.2_lr3e-4,14m,14000000,0.25,70000000,4,,0.0003,0.2,42,8.712677284650661,6079.49560546875,3478624,True,False,dolma_val_loss/chinchilla_0.25/14M/14M_seed42_case4_dolma_epoch4_wd0.2_lr3e-4.json,train_0.07B.npy,preprocessed/dolma2-0625/resharded,,,,,OLMo-dolma-0.07B
repeat,14M_seed42_case4_dolma_epoch4_wd0.4_lr3e-4,14m,14000000,0.25,70000000,4,,0.0003,0.4,42,8.723888195194736,6148.03857421875,3478624,True,False,dolma_val_loss/chinchilla_0.25/14M/14M_seed42_case4_dolma_epoch4_wd0.4_lr3e-4.json,train_0.07B.npy,preprocessed/dolma2-0625/resharded,,,,,OLMo-dolma-0.07B
repeat,14M_seed42_case4_dolma_epoch4_wd0.8_lr3e-4,14m,14000000,0.25,70000000,4,,0.0003,0.8,42,8.74631167021788,6287.4580078125,3478624,True,False,dolma_val_loss/chinchilla_0.25/14M/14M_seed42_case4_dolma_epoch4_wd0.8_lr3e-4.json,train_0.07B.npy,preprocessed/dolma2-0625/resharded,,,,,OLMo-dolma-0.07B
repeat,14M_seed42_case4_dolma_epoch4_wd1.6_lr3e-4,14m,14000000,0.25,70000000,4,,0.0003,1.6,42,8.790191530798618,6569.4912109375,3478624,True,False,dolma_val_loss/chinchilla_0.25/14M/14M_seed42_case4_dolma_epoch4_wd1.6_lr3e-4.json,train_0.07B.npy,preprocessed/dolma2-0625/resharded,,,,,OLMo-dolma-0.07B
repeat,14M_seed42_case4_dolma_epoch4_wd0.1_lr1e-3,14m,14000000,0.25,70000000,4,,0.001,0.1,42,7.198374830054705,1337.255615234375,3478624,True,False,dolma_val_loss/chinchilla_0.25/14M/14M_seed42_case4_dolma_epoch4_wd0.1_lr1e-3.json,train_0.07B.npy,preprocessed/dolma2-0625/resharded,,,,,OLMo-dolma-0.07B
repeat,14M_seed42_case4_dolma_epoch4_wd0.2_lr1e-3,14m,14000000,0.25,70000000,4,,0.001,0.2,42,7.2000237019005215,1339.46240234375,3478624,True,False,dolma_val_loss/chinchilla_0.25/14M/14M_seed42_case4_dolma_epoch4_wd0.2_lr1e-3.json,train_0.07B.npy,preprocessed/dolma2-0625/resharded,,,,,OLMo-dolma-0.07B
repeat,14M_seed42_case4_dolma_epoch4_wd0.4_lr1e-3,14m,14000000,0.25,70000000,4,,0.001,0.4,42,7.222522519887938,1369.940673828125,3478624,True,False,dolma_val_loss/chinchilla_0.25/14M/14M_seed42_case4_dolma_epoch4_wd0.4_lr1e-3.json,train_0.07B.npy,preprocessed/dolma2-0625/resharded,,,,,OLMo-dolma-0.07B
repeat,14M_seed42_case4_dolma_epoch4_wd0.8_lr1e-3,14m,14000000,0.25,70000000,4,,0.001,0.8,42,7.2750640960097925,1443.8436279296875,3478624,True,False,dolma_val_loss/chinchilla_0.25/14M/14M_seed42_case4_dolma_epoch4_wd0.8_lr1e-3.json,train_0.07B.npy,preprocessed/dolma2-0625/resharded,,,,,OLMo-dolma-0.07B
repeat,14M_seed42_case4_dolma_epoch4_wd1.6_lr1e-3,14m,14000000,0.25,70000000,4,,0.001,1.6,42,7.357133953313419,1567.337890625,3478624,True,False,dolma_val_loss/chinchilla_0.25/14M/14M_seed42_case4_dolma_epoch4_wd1.6_lr1e-3.json,train_0.07B.npy,preprocessed/dolma2-0625/resharded,,,,,OLMo-dolma-0.07B
repeat,14M_seed42_case4_dolma_epoch4_wd0.1_lr3e-3,14m,14000000,0.25,70000000,4,,0.003,0.1,42,6.880097292903656,972.7210693359375,3478624,True,True,dolma_val_loss/chinchilla_0.25/14M/14M_seed42_case4_dolma_epoch4_wd0.1_lr3e-3.json,train_0.07B.npy,preprocessed/dolma2-0625/resharded,,,,,OLMo-dolma-0.07B
repeat,14M_seed42_case4_dolma_epoch4_wd0.2_lr3e-3,14m,14000000,0.25,70000000,4,,0.003,0.2,42,6.88761583743538,980.0618286132812,3478624,True,False,dolma_val_loss/chinchilla_0.25/14M/14M_seed42_case4_dolma_epoch4_wd0.2_lr3e-3.json,train_0.07B.npy,preprocessed/dolma2-0625/resharded,,,,,OLMo-dolma-0.07B
repeat,14M_seed42_case4_dolma_epoch4_wd0.4_lr3e-3,14m,14000000,0.25,70000000,4,,0.003,0.4,42,6.916363089609704,1008.6451416015625,3478624,True,False,dolma_val_loss/chinchilla_0.25/14M/14M_seed42_case4_dolma_epoch4_wd0.4_lr3e-3.json,train_0.07B.npy,preprocessed/dolma2-0625/resharded,,,,,OLMo-dolma-0.07B
repeat,14M_seed42_case4_dolma_epoch4_wd0.8_lr3e-3,14m,14000000,0.25,70000000,4,,0.003,0.8,42,6.940829507721659,1033.6270751953125,3478624,True,False,dolma_val_loss/chinchilla_0.25/14M/14M_seed42_case4_dolma_epoch4_wd0.8_lr3e-3.json,train_0.07B.npy,preprocessed/dolma2-0625/resharded,,,,,OLMo-dolma-0.07B
repeat,14M_seed42_case4_dolma_epoch4_wd1.6_lr3e-3,14m,14000000,0.25,70000000,4,,0.003,1.6,42,7.138710517114445,1259.8028564453125,3478624,True,False,dolma_val_loss/chinchilla_0.25/14M/14M_seed42_case4_dolma_epoch4_wd1.6_lr3e-3.json,train_0.07B.npy,preprocessed/dolma2-0625/resharded,,,,,OLMo-dolma-0.07B
repeat,14M_seed42_case4_dolma_epoch8_wd0.1_lr1e-4,14m,14000000,0.25,70000000,8,,0.0001,0.1,42,9.286940743392494,10796.103515625,3478624,True,False,dolma_val_loss/chinchilla_0.25/14M/14M_seed42_case4_dolma_epoch8_wd0.1_lr1e-4.json,train_0.07B.npy,preprocessed/dolma2-0625/resharded,,,,,OLMo-dolma-0.07B
repeat,14M_seed42_case4_dolma_epoch8_wd0.2_lr1e-4,14m,14000000,0.25,70000000,8,,0.0001,0.2,42,9.290568331945197,10835.3408203125,3478624,True,False,dolma_val_loss/chinchilla_0.25/14M/14M_seed42_case4_dolma_epoch8_wd0.2_lr1e-4.json,train_0.07B.npy,preprocessed/dolma2-0625/resharded,,,,,OLMo-dolma-0.07B
repeat,14M_seed42_case4_dolma_epoch8_wd0.4_lr1e-4,14m,14000000,0.25,70000000,8,,0.0001,0.4,42,9.297975604255852,10915.8984375,3478624,True,False,dolma_val_loss/chinchilla_0.25/14M/14M_seed42_case4_dolma_epoch8_wd0.4_lr1e-4.json,train_0.07B.npy,preprocessed/dolma2-0625/resharded,,,,,OLMo-dolma-0.07B
repeat,14M_seed42_case4_dolma_epoch8_wd0.8_lr1e-4,14m,14000000,0.25,70000000,8,,0.0001,0.8,42,9.312882009434622,11079.8388671875,3478624,True,False,dolma_val_loss/chinchilla_0.25/14M/14M_seed42_case4_dolma_epoch8_wd0.8_lr1e-4.json,train_0.07B.npy,preprocessed/dolma2-0625/resharded,,,,,OLMo-dolma-0.07B
repeat,14M_seed42_case4_dolma_epoch8_wd1.6_lr1e-4,14m,14000000,0.25,70000000,8,,0.0001,1.6,42,9.342056841212798,11407.8525390625,3478624,True,False,dolma_val_loss/chinchilla_0.25/14M/14M_seed42_case4_dolma_epoch8_wd1.6_lr1e-4.json,train_0.07B.npy,preprocessed/dolma2-0625/resharded,,,,,OLMo-dolma-0.07B
repeat,14M_seed42_case4_dolma_epoch8_wd0.1_lr3e-4,14m,14000000,0.25,70000000,8,,0.0003,0.1,42,7.575064425926521,1948.986328125,3478624,True,False,dolma_val_loss/chinchilla_0.25/14M/14M_seed42_case4_dolma_epoch8_wd0.1_lr3e-4.json,train_0.07B.npy,preprocessed/dolma2-0625/resharded,,,,,OLMo-dolma-0.07B
repeat,14M_seed42_case4_dolma_epoch8_wd0.4_lr3e-4,14m,14000000,0.25,70000000,8,,0.0003,0.4,42,7.602759750879811,2003.71826171875,3478624,True,False,dolma_val_loss/chinchilla_0.25/14M/14M_seed42_case4_dolma_epoch8_wd0.4_lr3e-4.json,train_0.07B.npy,preprocessed/dolma2-0625/resharded,,,,,OLMo-dolma-0.07B
repeat,14M_seed42_case4_dolma_epoch8_wd0.8_lr3e-4,14m,14000000,0.25,70000000,8,,0.0003,0.8,42,7.6392902729148435,2078.268310546875,3478624,True,False,dolma_val_loss/chinchilla_0.25/14M/14M_seed42_case4_dolma_epoch8_wd0.8_lr3e-4.json,train_0.07B.npy,preprocessed/dolma2-0625/resharded,,,,,OLMo-dolma-0.07B
repeat,14M_seed42_case4_dolma_epoch8_wd1.6_lr3e-4,14m,14000000,0.25,70000000,8,,0.0003,1.6,42,7.713434075081438,2238.215576171875,3478624,True,False,dolma_val_loss/chinchilla_0.25/14M/14M_seed42_case4_dolma_epoch8_wd1.6_lr3e-4.json,train_0.07B.npy,preprocessed/dolma2-0625/resharded,,,,,OLMo-dolma-0.07B
repeat,14M_seed42_case4_dolma_epoch8_wd0.1_lr1e-3,14m,14000000,0.25,70000000,8,,0.001,0.1,42,6.3597553439194145,578.10498046875,3478624,True,False,dolma_val_loss/chinchilla_0.25/14M/14M_seed42_case4_dolma_epoch8_wd0.1_lr1e-3.json,train_0.07B.npy,preprocessed/dolma2-0625/resharded,,,,,OLMo-dolma-0.07B
repeat,14M_seed42_case4_dolma_epoch8_wd0.2_lr1e-3,14m,14000000,0.25,70000000,8,,0.001,0.2,42,6.3754688200371215,587.2606201171875,3478624,True,False,dolma_val_loss/chinchilla_0.25/14M/14M_seed42_case4_dolma_epoch8_wd0.2_lr1e-3.json,train_0.07B.npy,preprocessed/dolma2-0625/resharded,,,,,OLMo-dolma-0.07B
repeat,14M_seed42_case4_dolma_epoch8_wd0.4_lr1e-3,14m,14000000,0.25,70000000,8,,0.001,0.4,42,6.38965076294692,595.6485595703125,3478624,True,False,dolma_val_loss/chinchilla_0.25/14M/14M_seed42_case4_dolma_epoch8_wd0.4_lr1e-3.json,train_0.07B.npy,preprocessed/dolma2-0625/resharded,,,,,OLMo-dolma-0.07B
repeat,14M_seed42_case4_dolma_epoch8_wd0.8_lr1e-3,14m,14000000,0.25,70000000,8,,0.001,0.8,42,6.4441058645866285,628.9841918945312,3478624,True,False,dolma_val_loss/chinchilla_0.25/14M/14M_seed42_case4_dolma_epoch8_wd0.8_lr1e-3.json,train_0.07B.npy,preprocessed/dolma2-0625/resharded,,,,,OLMo-dolma-0.07B
repeat,14M_seed42_case4_dolma_epoch8_wd1.6_lr1e-3,14m,14000000,0.25,70000000,8,,0.001,1.6,42,6.53621323559797,689.6701049804688,3478624,True,False,dolma_val_loss/chinchilla_0.25/14M/14M_seed42_case4_dolma_epoch8_wd1.6_lr1e-3.json,train_0.07B.npy,preprocessed/dolma2-0625/resharded,,,,,OLMo-dolma-0.07B
repeat,14M_seed42_case4_dolma_epoch8_wd0.1_lr3e-3,14m,14000000,0.25,70000000,8,,0.003,0.1,42,6.032139012237781,416.6051330566406,3478624,True,True,dolma_val_loss/chinchilla_0.25/14M/14M_seed42_case4_dolma_epoch8_wd0.1_lr3e-3.json,train_0.07B.npy,preprocessed/dolma2-0625/resharded,,,,,OLMo-dolma-0.07B
repeat,14M_seed42_case4_dolma_epoch8_wd0.2_lr3e-3,14m,14000000,0.25,70000000,8,,0.003,0.2,42,6.1220103620236,455.7799987792969,3478624,True,False,dolma_val_loss/chinchilla_0.25/14M/14M_seed42_case4_dolma_epoch8_wd0.2_lr3e-3.json,train_0.07B.npy,preprocessed/dolma2-0625/resharded,,,,,OLMo-dolma-0.07B
repeat,14M_seed42_case4_dolma_epoch8_wd0.4_lr3e-3,14m,14000000,0.25,70000000,8,,0.003,0.4,42,6.117813662131115,453.8712463378906,3478624,True,False,dolma_val_loss/chinchilla_0.25/14M/14M_seed42_case4_dolma_epoch8_wd0.4_lr3e-3.json,train_0.07B.npy,preprocessed/dolma2-0625/resharded,,,,,OLMo-dolma-0.07B
repeat,14M_seed42_case4_dolma_epoch8_wd0.8_lr3e-3,14m,14000000,0.25,70000000,8,,0.003,0.8,42,6.189814462914139,487.7556457519531,3478624,True,False,dolma_val_loss/chinchilla_0.25/14M/14M_seed42_case4_dolma_epoch8_wd0.8_lr3e-3.json,train_0.07B.npy,preprocessed/dolma2-0625/resharded,,,,,OLMo-dolma-0.07B
repeat,14M_seed42_case4_dolma_epoch8_wd1.6_lr3e-3,14m,14000000,0.25,70000000,8,,0.003,1.6,42,6.321313759793429,556.3034057617188,3478624,True,False,dolma_val_loss/chinchilla_0.25/14M/14M_seed42_case4_dolma_epoch8_wd1.6_lr3e-3.json,train_0.07B.npy,preprocessed/dolma2-0625/resharded,,,,,OLMo-dolma-0.07B
repeat,14M_seed42_case4_dolma_epoch16_wd0.1_lr1e-4,14m,14000000,0.25,70000000,16,,0.0001,0.1,42,8.109095013214995,3324.566650390625,3478624,True,False,dolma_val_loss/chinchilla_0.25/14M/14M_seed42_case4_dolma_epoch16_wd0.1_lr1e-4.json,train_0.07B.npy,preprocessed/dolma2-0625/resharded,,,,,OLMo-dolma-0.07B
repeat,14M_seed42_case4_dolma_epoch16_wd0.2_lr1e-4,14m,14000000,0.25,70000000,16,,0.0001,0.2,42,8.116738085310008,3350.075927734375,3478624,True,False,dolma_val_loss/chinchilla_0.25/14M/14M_seed42_case4_dolma_epoch16_wd0.2_lr1e-4.json,train_0.07B.npy,preprocessed/dolma2-0625/resharded,,,,,OLMo-dolma-0.07B
repeat,14M_seed42_case4_dolma_epoch16_wd0.4_lr1e-4,14m,14000000,0.25,70000000,16,,0.0001,0.4,42,8.132110033115374,3401.968994140625,3478624,True,False,dolma_val_loss/chinchilla_0.25/14M/14M_seed42_case4_dolma_epoch16_wd0.4_lr1e-4.json,train_0.07B.npy,preprocessed/dolma2-0625/resharded,,,,,OLMo-dolma-0.07B
repeat,14M_seed42_case4_dolma_epoch16_wd0.8_lr1e-4,14m,14000000,0.25,70000000,16,,0.0001,0.8,42,8.163151297760129,3509.2294921875,3478624,True,False,dolma_val_loss/chinchilla_0.25/14M/14M_seed42_case4_dolma_epoch16_wd0.8_lr1e-4.json,train_0.07B.npy,preprocessed/dolma2-0625/resharded,,,,,OLMo-dolma-0.07B
repeat,14M_seed42_case4_dolma_epoch16_wd1.6_lr1e-4,14m,14000000,0.25,70000000,16,,0.0001,1.6,42,8.225003012230689,3733.133544921875,3478624,True,False,dolma_val_loss/chinchilla_0.25/14M/14M_seed42_case4_dolma_epoch16_wd1.6_lr1e-4.json,train_0.07B.npy,preprocessed/dolma2-0625/resharded,,,,,OLMo-dolma-0.07B
repeat,14M_seed42_case4_dolma_epoch16_wd0.1_lr3e-4,14m,14000000,0.25,70000000,16,,0.0003,0.1,42,6.553864953897495,701.9519653320312,3478624,True,False,dolma_val_loss/chinchilla_0.25/14M/14M_seed42_case4_dolma_epoch16_wd0.1_lr3e-4.json,train_0.07B.npy,preprocessed/dolma2-0625/resharded,,,,,OLMo-dolma-0.07B
repeat,14M_seed42_case4_dolma_epoch16_wd0.2_lr3e-4,14m,14000000,0.25,70000000,16,,0.0003,0.2,42,6.560349863872405,706.5189208984375,3478624,True,False,dolma_val_loss/chinchilla_0.25/14M/14M_seed42_case4_dolma_epoch16_wd0.2_lr3e-4.json,train_0.07B.npy,preprocessed/dolma2-0625/resharded,,,,,OLMo-dolma-0.07B
repeat,14M_seed42_case4_dolma_epoch16_wd0.4_lr3e-4,14m,14000000,0.25,70000000,16,,0.0003,0.4,42,6.579663027741671,720.29638671875,3478624,True,False,dolma_val_loss/chinchilla_0.25/14M/14M_seed42_case4_dolma_epoch16_wd0.4_lr3e-4.json,train_0.07B.npy,preprocessed/dolma2-0625/resharded,,,,,OLMo-dolma-0.07B
repeat,14M_seed42_case4_dolma_epoch16_wd0.8_lr3e-4,14m,14000000,0.25,70000000,16,,0.0003,0.8,42,6.6198789714517865,749.8541870117188,3478624,True,False,dolma_val_loss/chinchilla_0.25/14M/14M_seed42_case4_dolma_epoch16_wd0.8_lr3e-4.json,train_0.07B.npy,preprocessed/dolma2-0625/resharded,,,,,OLMo-dolma-0.07B
repeat,14M_seed42_case4_dolma_epoch16_wd1.6_lr3e-4,14m,14000000,0.25,70000000,16,,0.0003,1.6,42,6.71439424716003,824.1842651367188,3478624,True,False,dolma_val_loss/chinchilla_0.25/14M/14M_seed42_case4_dolma_epoch16_wd1.6_lr3e-4.json,train_0.07B.npy,preprocessed/dolma2-0625/resharded,,,,,OLMo-dolma-0.07B
repeat,14M_seed42_case4_dolma_epoch16_wd0.1_lr1e-3,14m,14000000,0.25,70000000,16,,0.001,0.1,42,5.706962632261348,300.95556640625,3478624,True,False,dolma_val_loss/chinchilla_0.25/14M/14M_seed42_case4_dolma_epoch16_wd0.1_lr1e-3.json,train_0.07B.npy,preprocessed/dolma2-0625/resharded,,,,,OLMo-dolma-0.07B
repeat,14M_seed42_case4_dolma_epoch16_wd0.2_lr1e-3,14m,14000000,0.25,70000000,16,,0.001,0.2,42,5.719342306012984,304.7044372558594,3478624,True,False,dolma_val_loss/chinchilla_0.25/14M/14M_seed42_case4_dolma_epoch16_wd0.2_lr1e-3.json,train_0.07B.npy,preprocessed/dolma2-0625/resharded,,,,,OLMo-dolma-0.07B
repeat,14M_seed42_case4_dolma_epoch16_wd0.4_lr1e-3,14m,14000000,0.25,70000000,16,,0.001,0.4,42,5.7426796646214315,311.8990478515625,3478624,True,False,dolma_val_loss/chinchilla_0.25/14M/14M_seed42_case4_dolma_epoch16_wd0.4_lr1e-3.json,train_0.07B.npy,preprocessed/dolma2-0625/resharded,,,,,OLMo-dolma-0.07B
repeat,14M_seed42_case4_dolma_epoch16_wd0.8_lr1e-3,14m,14000000,0.25,70000000,16,,0.001,0.8,42,5.802952017643708,331.2759704589844,3478624,True,False,dolma_val_loss/chinchilla_0.25/14M/14M_seed42_case4_dolma_epoch16_wd0.8_lr1e-3.json,train_0.07B.npy,preprocessed/dolma2-0625/resharded,,,,,OLMo-dolma-0.07B
repeat,14M_seed42_case4_dolma_epoch16_wd1.6_lr1e-3,14m,14000000,0.25,70000000,16,,0.001,1.6,42,5.94198046596738,380.6880798339844,3478624,True,False,dolma_val_loss/chinchilla_0.25/14M/14M_seed42_case4_dolma_epoch16_wd1.6_lr1e-3.json,train_0.07B.npy,preprocessed/dolma2-0625/resharded,,,,,OLMo-dolma-0.07B
repeat,14M_seed42_case4_dolma_epoch16_wd0.1_lr3e-3,14m,14000000,0.25,70000000,16,,0.003,0.1,42,5.408965284297757,223.4002685546875,3478624,True,True,dolma_val_loss/chinchilla_0.25/14M/14M_seed42_case4_dolma_epoch16_wd0.1_lr3e-3.json,train_0.07B.npy,preprocessed/dolma2-0625/resharded,,,,,OLMo-dolma-0.07B
repeat,14M_seed42_case4_dolma_epoch16_wd0.2_lr3e-3,14m,14000000,0.25,70000000,16,,0.003,0.2,42,5.433397729787631,228.92576599121094,3478624,True,False,dolma_val_loss/chinchilla_0.25/14M/14M_seed42_case4_dolma_epoch16_wd0.2_lr3e-3.json,train_0.07B.npy,preprocessed/dolma2-0625/resharded,,,,,OLMo-dolma-0.07B
repeat,14M_seed42_case4_dolma_epoch16_wd0.4_lr3e-3,14m,14000000,0.25,70000000,16,,0.003,0.4,42,5.458498444673387,234.74468994140625,3478624,True,False,dolma_val_loss/chinchilla_0.25/14M/14M_seed42_case4_dolma_epoch16_wd0.4_lr3e-3.json,train_0.07B.npy,preprocessed/dolma2-0625/resharded,,,,,OLMo-dolma-0.07B
repeat,14M_seed42_case4_dolma_epoch16_wd0.8_lr3e-3,14m,14000000,0.25,70000000,16,,0.003,0.8,42,5.523801891230017,250.58590698242188,3478624,True,False,dolma_val_loss/chinchilla_0.25/14M/14M_seed42_case4_dolma_epoch16_wd0.8_lr3e-3.json,train_0.07B.npy,preprocessed/dolma2-0625/resharded,,,,,OLMo-dolma-0.07B
repeat,14M_seed42_case4_dolma_epoch16_wd1.6_lr3e-3,14m,14000000,0.25,70000000,16,,0.003,1.6,42,5.769313040417189,320.31756591796875,3478624,True,False,dolma_val_loss/chinchilla_0.25/14M/14M_seed42_case4_dolma_epoch16_wd1.6_lr3e-3.json,train_0.07B.npy,preprocessed/dolma2-0625/resharded,,,,,OLMo-dolma-0.07B
repeat,14M_seed42_case4_dolma_epoch32_wd0.1_lr1e-4,14m,14000000,0.25,70000000,32,,0.0001,0.1,42,6.940346577933231,1033.12841796875,3478624,True,False,dolma_val_loss/chinchilla_0.25/14M/14M_seed42_case4_dolma_epoch32_wd0.1_lr1e-4.json,train_0.07B.npy,preprocessed/dolma2-0625/resharded,,,,,OLMo-dolma-0.07B
repeat,14M_seed42_case4_dolma_epoch32_wd0.2_lr1e-4,14m,14000000,0.25,70000000,32,,0.0001,0.2,42,6.951890050828108,1045.1231689453125,3478624,True,False,dolma_val_loss/chinchilla_0.25/14M/14M_seed42_case4_dolma_epoch32_wd0.2_lr1e-4.json,train_0.07B.npy,preprocessed/dolma2-0625/resharded,,,,,OLMo-dolma-0.07B
repeat,14M_seed42_case4_dolma_epoch32_wd0.4_lr1e-4,14m,14000000,0.25,70000000,32,,0.0001,0.4,42,6.974396770731042,1068.912109375,3478624,True,False,dolma_val_loss/chinchilla_0.25/14M/14M_seed42_case4_dolma_epoch32_wd0.4_lr1e-4.json,train_0.07B.npy,preprocessed/dolma2-0625/resharded,,,,,OLMo-dolma-0.07B
repeat,14M_seed42_case4_dolma_epoch32_wd0.8_lr1e-4,14m,14000000,0.25,70000000,32,,0.0001,0.8,42,7.0220374589755625,1121.0684814453125,3478624,True,False,dolma_val_loss/chinchilla_0.25/14M/14M_seed42_case4_dolma_epoch32_wd0.8_lr1e-4.json,train_0.07B.npy,preprocessed/dolma2-0625/resharded,,,,,OLMo-dolma-0.07B
repeat,14M_seed42_case4_dolma_epoch32_wd1.6_lr1e-4,14m,14000000,0.25,70000000,32,,0.0001,1.6,42,7.116070786195517,1231.6016845703125,3478624,True,False,dolma_val_loss/chinchilla_0.25/14M/14M_seed42_case4_dolma_epoch32_wd1.6_lr1e-4.json,train_0.07B.npy,preprocessed/dolma2-0625/resharded,,,,,OLMo-dolma-0.07B
repeat,14M_seed42_case4_dolma_epoch32_wd0.1_lr3e-4,14m,14000000,0.25,70000000,32,,0.0003,0.1,42,5.9233115446597475,373.6470642089844,3478624,True,False,dolma_val_loss/chinchilla_0.25/14M/14M_seed42_case4_dolma_epoch32_wd0.1_lr3e-4.json,train_0.07B.npy,preprocessed/dolma2-0625/resharded,,,,,OLMo-dolma-0.07B
repeat,14M_seed42_case4_dolma_epoch32_wd0.2_lr3e-4,14m,14000000,0.25,70000000,32,,0.0003,0.2,42,5.931246840595345,376.623779296875,3478624,True,False,dolma_val_loss/chinchilla_0.25/14M/14M_seed42_case4_dolma_epoch32_wd0.2_lr3e-4.json,train_0.07B.npy,preprocessed/dolma2-0625/resharded,,,,,OLMo-dolma-0.07B
repeat,14M_seed42_case4_dolma_epoch32_wd0.4_lr3e-4,14m,14000000,0.25,70000000,32,,0.0003,0.4,42,5.94928626221442,383.4796142578125,3478624,True,False,dolma_val_loss/chinchilla_0.25/14M/14M_seed42_case4_dolma_epoch32_wd0.4_lr3e-4.json,train_0.07B.npy,preprocessed/dolma2-0625/resharded,,,,,OLMo-dolma-0.07B
repeat,14M_seed42_case4_dolma_epoch32_wd0.8_lr3e-4,14m,14000000,0.25,70000000,32,,0.0003,0.8,42,5.98737773210803,398.3685607910156,3478624,True,False,dolma_val_loss/chinchilla_0.25/14M/14M_seed42_case4_dolma_epoch32_wd0.8_lr3e-4.json,train_0.07B.npy,preprocessed/dolma2-0625/resharded,,,,,OLMo-dolma-0.07B
repeat,14M_seed42_case4_dolma_epoch32_wd1.6_lr3e-4,14m,14000000,0.25,70000000,32,,0.0003,1.6,42,6.083131017954001,438.39959716796875,3478624,True,False,dolma_val_loss/chinchilla_0.25/14M/14M_seed42_case4_dolma_epoch32_wd1.6_lr3e-4.json,train_0.07B.npy,preprocessed/dolma2-0625/resharded,,,,,OLMo-dolma-0.07B
repeat,14M_seed42_case4_dolma_epoch32_wd0.1_lr1e-3,14m,14000000,0.25,70000000,32,,0.001,0.1,42,5.2828908989751815,196.93836975097656,3478624,True,False,dolma_val_loss/chinchilla_0.25/14M/14M_seed42_case4_dolma_epoch32_wd0.1_lr1e-3.json,train_0.07B.npy,preprocessed/dolma2-0625/resharded,,,,,OLMo-dolma-0.07B
repeat,14M_seed42_case4_dolma_epoch32_wd0.2_lr1e-3,14m,14000000,0.25,70000000,32,,0.001,0.2,42,5.305922873639297,201.52691650390625,3478624,True,False,dolma_val_loss/chinchilla_0.25/14M/14M_seed42_case4_dolma_epoch32_wd0.2_lr1e-3.json,train_0.07B.npy,preprocessed/dolma2-0625/resharded,,,,,OLMo-dolma-0.07B
repeat,14M_seed42_case4_dolma_epoch32_wd0.4_lr1e-3,14m,14000000,0.25,70000000,32,,0.001,0.4,42,5.3176942281205335,203.91314697265625,3478624,True,False,dolma_val_loss/chinchilla_0.25/14M/14M_seed42_case4_dolma_epoch32_wd0.4_lr1e-3.json,train_0.07B.npy,preprocessed/dolma2-0625/resharded,,,,,OLMo-dolma-0.07B
repeat,14M_seed42_case4_dolma_epoch32_wd0.8_lr1e-3,14m,14000000,0.25,70000000,32,,0.001,0.8,42,5.392027842593526,219.64834594726562,3478624,True,False,dolma_val_loss/chinchilla_0.25/14M/14M_seed42_case4_dolma_epoch32_wd0.8_lr1e-3.json,train_0.07B.npy,preprocessed/dolma2-0625/resharded,,,,,OLMo-dolma-0.07B
repeat,14M_seed42_case4_dolma_epoch32_wd1.6_lr1e-3,14m,14000000,0.25,70000000,32,,0.001,1.6,42,5.551622624825264,257.6552429199219,3478624,True,False,dolma_val_loss/chinchilla_0.25/14M/14M_seed42_case4_dolma_epoch32_wd1.6_lr1e-3.json,train_0.07B.npy,preprocessed/dolma2-0625/resharded,,,,,OLMo-dolma-0.07B
repeat,14M_seed42_case4_dolma_epoch32_wd0.1_lr3e-3,14m,14000000,0.25,70000000,32,,0.003,0.1,42,5.056562167028903,157.0496368408203,3478624,True,False,dolma_val_loss/chinchilla_0.25/14M/14M_seed42_case4_dolma_epoch32_wd0.1_lr3e-3.json,train_0.07B.npy,preprocessed/dolma2-0625/resharded,,,,,OLMo-dolma-0.07B
repeat,14M_seed42_case4_dolma_epoch32_wd0.2_lr3e-3,14m,14000000,0.25,70000000,32,,0.003,0.2,42,5.008265811676947,149.64501953125,3478624,True,True,dolma_val_loss/chinchilla_0.25/14M/14M_seed42_case4_dolma_epoch32_wd0.2_lr3e-3.json,train_0.07B.npy,preprocessed/dolma2-0625/resharded,,,,,OLMo-dolma-0.07B
repeat,14M_seed42_case4_dolma_epoch32_wd0.4_lr3e-3,14m,14000000,0.25,70000000,32,,0.003,0.4,42,5.0480606882136625,155.72021484375,3478624,True,False,dolma_val_loss/chinchilla_0.25/14M/14M_seed42_case4_dolma_epoch32_wd0.4_lr3e-3.json,train_0.07B.npy,preprocessed/dolma2-0625/resharded,,,,,OLMo-dolma-0.07B
repeat,14M_seed42_case4_dolma_epoch32_wd0.8_lr3e-3,14m,14000000,0.25,70000000,32,,0.003,0.8,42,5.164053675738147,174.87185668945312,3478624,True,False,dolma_val_loss/chinchilla_0.25/14M/14M_seed42_case4_dolma_epoch32_wd0.8_lr3e-3.json,train_0.07B.npy,preprocessed/dolma2-0625/resharded,,,,,OLMo-dolma-0.07B
repeat,14M_seed42_case4_dolma_epoch32_wd1.6_lr3e-3,14m,14000000,0.25,70000000,32,,0.003,1.6,42,5.338794847179405,208.2615509033203,3478624,True,False,dolma_val_loss/chinchilla_0.25/14M/14M_seed42_case4_dolma_epoch32_wd1.6_lr3e-3.json,train_0.07B.npy,preprocessed/dolma2-0625/resharded,,,,,OLMo-dolma-0.07B
repeat,14M_seed42_case4_dolma_epoch64_wd0.2_lr3e-3,14m,14000000,0.25,70000000,64,,0.003,0.2,42,5.07795893126885,160.44625854492188,3478624,True,False,dolma_val_loss/chinchilla_0.25/14M/14M_seed42_case4_dolma_epoch64_wd0.2_lr3e-3.json,train_0.07B.npy,preprocessed/dolma2-0625/resharded,,,,,OLMo-dolma-0.07B
repeat,14M_seed42_case4_dolma_epoch64_wd0.4_lr3e-3,14m,14000000,0.25,70000000,64,,0.003,0.4,42,4.819241835224058,123.87116241455078,3478624,True,True,dolma_val_loss/chinchilla_0.25/14M/14M_seed42_case4_dolma_epoch64_wd0.4_lr3e-3.json,train_0.07B.npy,preprocessed/dolma2-0625/resharded,,,,,OLMo-dolma-0.07B
repeat,14M_seed42_case4_dolma_epoch64_wd0.8_lr3e-3,14m,14000000,0.25,70000000,64,,0.003,0.8,42,4.923093287282243,137.42706298828125,3478624,True,False,dolma_val_loss/chinchilla_0.25/14M/14M_seed42_case4_dolma_epoch64_wd0.8_lr3e-3.json,train_0.07B.npy,preprocessed/dolma2-0625/resharded,,,,,OLMo-dolma-0.07B
repeat,14M_seed42_case4_dolma_epoch1_wd0.1_lr1e-4,14m,14000000,0.5,140000000,1,,0.0001,0.1,42,10.832638468869533,50647.17578125,3478624,True,False,dolma_val_loss/chinchilla_0.5/14M/14M_seed42_case4_dolma_epoch1_wd0.1_lr1e-4.json,train_0.14B.npy,preprocessed/dolma2-0625/resharded,,,,,OLMo-dolma-0.14B
repeat,14M_seed42_case4_dolma_epoch1_wd0.1_lr3e-4,14m,14000000,0.5,140000000,1,,0.0003,0.1,42,9.818546134481803,18371.32421875,3478624,True,False,dolma_val_loss/chinchilla_0.5/14M/14M_seed42_case4_dolma_epoch1_wd0.1_lr3e-4.json,train_0.14B.npy,preprocessed/dolma2-0625/resharded,,,,,OLMo-dolma-0.14B
repeat,14M_seed42_case4_dolma_epoch1_wd0.1_lr1e-3,14m,14000000,0.5,140000000,1,,0.001,0.1,42,8.159440316943119,3496.228271484375,3478624,True,False,dolma_val_loss/chinchilla_0.5/14M/14M_seed42_case4_dolma_epoch1_wd0.1_lr1e-3.json,train_0.14B.npy,preprocessed/dolma2-0625/resharded,,,,,OLMo-dolma-0.14B
repeat,14M_seed42_case4_dolma_epoch1_wd0.2_lr1e-3,14m,14000000,0.5,140000000,1,,0.001,0.2,42,8.166099967262783,3519.589111328125,3478624,True,False,dolma_val_loss/chinchilla_0.5/14M/14M_seed42_case4_dolma_epoch1_wd0.2_lr1e-3.json,train_0.14B.npy,preprocessed/dolma2-0625/resharded,,,,,OLMo-dolma-0.14B
repeat,14M_seed42_case4_dolma_epoch1_wd0.4_lr1e-3,14m,14000000,0.5,140000000,1,,0.001,0.4,42,8.179019464524398,3565.358642578125,3478624,True,False,dolma_val_loss/chinchilla_0.5/14M/14M_seed42_case4_dolma_epoch1_wd0.4_lr1e-3.json,train_0.14B.npy,preprocessed/dolma2-0625/resharded,,,,,OLMo-dolma-0.14B
repeat,14M_seed42_case4_dolma_epoch1_wd0.8_lr1e-3,14m,14000000,0.5,140000000,1,,0.001,0.8,42,8.20606319186727,3663.093505859375,3478624,True,False,dolma_val_loss/chinchilla_0.5/14M/14M_seed42_case4_dolma_epoch1_wd0.8_lr1e-3.json,train_0.14B.npy,preprocessed/dolma2-0625/resharded,,,,,OLMo-dolma-0.14B
repeat,14M_seed42_case4_dolma_epoch1_wd1.6_lr1e-3,14m,14000000,0.5,140000000,1,,0.001,1.6,42,8.261568290341778,3872.1611328125,3478624,True,False,dolma_val_loss/chinchilla_0.5/14M/14M_seed42_case4_dolma_epoch1_wd1.6_lr1e-3.json,train_0.14B.npy,preprocessed/dolma2-0625/resharded,,,,,OLMo-dolma-0.14B
repeat,14M_seed42_case4_dolma_epoch1_wd0.1_lr3e-3,14m,14000000,0.5,140000000,1,,0.003,0.1,42,7.712363763537051,2235.82080078125,3478624,True,False,dolma_val_loss/chinchilla_0.5/14M/14M_seed42_case4_dolma_epoch1_wd0.1_lr3e-3.json,train_0.14B.npy,preprocessed/dolma2-0625/resharded,,,,,OLMo-dolma-0.14B
repeat,14M_seed42_case4_dolma_epoch1_wd0.2_lr3e-3,14m,14000000,0.5,140000000,1,,0.003,0.2,42,7.708122940580726,2226.35888671875,3478624,True,True,dolma_val_loss/chinchilla_0.5/14M/14M_seed42_case4_dolma_epoch1_wd0.2_lr3e-3.json,train_0.14B.npy,preprocessed/dolma2-0625/resharded,,,,,OLMo-dolma-0.14B
repeat,14M_seed42_case4_dolma_epoch1_wd0.4_lr3e-3,14m,14000000,0.5,140000000,1,,0.003,0.4,42,7.716904731690201,2245.99658203125,3478624,True,False,dolma_val_loss/chinchilla_0.5/14M/14M_seed42_case4_dolma_epoch1_wd0.4_lr3e-3.json,train_0.14B.npy,preprocessed/dolma2-0625/resharded,,,,,OLMo-dolma-0.14B
repeat,14M_seed42_case4_dolma_epoch1_wd0.8_lr3e-3,14m,14000000,0.5,140000000,1,,0.003,0.8,42,7.728452001631293,2272.082763671875,3478624,True,False,dolma_val_loss/chinchilla_0.5/14M/14M_seed42_case4_dolma_epoch1_wd0.8_lr3e-3.json,train_0.14B.npy,preprocessed/dolma2-0625/resharded,,,,,OLMo-dolma-0.14B
repeat,14M_seed42_case4_dolma_epoch1_wd1.6_lr3e-3,14m,14000000,0.5,140000000,1,,0.003,1.6,42,7.805261247424988,2453.47607421875,3478624,True,False,dolma_val_loss/chinchilla_0.5/14M/14M_seed42_case4_dolma_epoch1_wd1.6_lr3e-3.json,train_0.14B.npy,preprocessed/dolma2-0625/resharded,,,,,OLMo-dolma-0.14B
repeat,14M_seed42_case4_dolma_epoch2_wd0.1_lr1e-4,14m,14000000,0.5,140000000,2,,0.0001,0.1,42,10.236574640901923,27905.36328125,3478624,True,False,dolma_val_loss/chinchilla_0.5/14M/14M_seed42_case4_dolma_epoch2_wd0.1_lr1e-4.json,train_0.14B.npy,preprocessed/dolma2-0625/resharded,,,,,OLMo-dolma-0.14B
repeat,14M_seed42_case4_dolma_epoch2_wd0.2_lr1e-4,14m,14000000,0.5,140000000,2,,0.0001,0.2,42,10.237916628148309,27942.859375,3478624,True,False,dolma_val_loss/chinchilla_0.5/14M/14M_seed42_case4_dolma_epoch2_wd0.2_lr1e-4.json,train_0.14B.npy,preprocessed/dolma2-0625/resharded,,,,,OLMo-dolma-0.14B
repeat,14M_seed42_case4_dolma_epoch2_wd0.4_lr1e-4,14m,14000000,0.5,140000000,2,,0.0001,0.4,42,10.240673964336365,28020.005859375,3478624,True,False,dolma_val_loss/chinchilla_0.5/14M/14M_seed42_case4_dolma_epoch2_wd0.4_lr1e-4.json,train_0.14B.npy,preprocessed/dolma2-0625/resharded,,,,,OLMo-dolma-0.14B
repeat,14M_seed42_case4_dolma_epoch2_wd0.8_lr1e-4,14m,14000000,0.5,140000000,2,,0.0001,0.8,42,10.245849747495345,28165.40234375,3478624,True,False,dolma_val_loss/chinchilla_0.5/14M/14M_seed42_case4_dolma_epoch2_wd0.8_lr1e-4.json,train_0.14B.npy,preprocessed/dolma2-0625/resharded,,,,,OLMo-dolma-0.14B
repeat,14M_seed42_case4_dolma_epoch2_wd1.6_lr1e-4,14m,14000000,0.5,140000000,2,,0.0001,1.6,42,10.255917791063228,28450.40234375,3478624,True,False,dolma_val_loss/chinchilla_0.5/14M/14M_seed42_case4_dolma_epoch2_wd1.6_lr1e-4.json,train_0.14B.npy,preprocessed/dolma2-0625/resharded,,,,,OLMo-dolma-0.14B
repeat,14M_seed42_case4_dolma_epoch2_wd0.1_lr3e-4,14m,14000000,0.5,140000000,2,,0.0003,0.1,42,8.706721905202091,6043.4013671875,3478624,True,False,dolma_val_loss/chinchilla_0.5/14M/14M_seed42_case4_dolma_epoch2_wd0.1_lr3e-4.json,train_0.14B.npy,preprocessed/dolma2-0625/resharded,,,,,OLMo-dolma-0.14B
repeat,14M_seed42_case4_dolma_epoch2_wd0.2_lr3e-4,14m,14000000,0.5,140000000,2,,0.0003,0.2,42,8.712172615084746,6076.42919921875,3478624,True,False,dolma_val_loss/chinchilla_0.5/14M/14M_seed42_case4_dolma_epoch2_wd0.2_lr3e-4.json,train_0.14B.npy,preprocessed/dolma2-0625/resharded,,,,,OLMo-dolma-0.14B
repeat,14M_seed42_case4_dolma_epoch2_wd0.4_lr3e-4,14m,14000000,0.5,140000000,2,,0.0003,0.4,42,8.723257154916894,6144.15869140625,3478624,True,False,dolma_val_loss/chinchilla_0.5/14M/14M_seed42_case4_dolma_epoch2_wd0.4_lr3e-4.json,train_0.14B.npy,preprocessed/dolma2-0625/resharded,,,,,OLMo-dolma-0.14B
repeat,14M_seed42_case4_dolma_epoch2_wd0.8_lr3e-4,14m,14000000,0.5,140000000,2,,0.0003,0.8,42,8.745428498407344,6281.90185546875,3478624,True,False,dolma_val_loss/chinchilla_0.5/14M/14M_seed42_case4_dolma_epoch2_wd0.8_lr3e-4.json,train_0.14B.npy,preprocessed/dolma2-0625/resharded,,,,,OLMo-dolma-0.14B
repeat,14M_seed42_case4_dolma_epoch2_wd1.6_lr3e-4,14m,14000000,0.5,140000000,2,,0.0003,1.6,42,8.789304478143244,6563.6669921875,3478624,True,False,dolma_val_loss/chinchilla_0.5/14M/14M_seed42_case4_dolma_epoch2_wd1.6_lr3e-4.json,train_0.14B.npy,preprocessed/dolma2-0625/resharded,,,,,OLMo-dolma-0.14B
repeat,14M_seed42_case4_dolma_epoch2_wd0.1_lr1e-3,14m,14000000,0.5,140000000,2,,0.001,0.1,42,7.205073626403491,1346.244140625,3478624,True,False,dolma_val_loss/chinchilla_0.5/14M/14M_seed42_case4_dolma_epoch2_wd0.1_lr1e-3.json,train_0.14B.npy,preprocessed/dolma2-0625/resharded,,,,,OLMo-dolma-0.14B
repeat,14M_seed42_case4_dolma_epoch2_wd0.2_lr1e-3,14m,14000000,0.5,140000000,2,,0.001,0.2,42,7.220128437261804,1366.6646728515625,3478624,True,False,dolma_val_loss/chinchilla_0.5/14M/14M_seed42_case4_dolma_epoch2_wd0.2_lr1e-3.json,train_0.14B.npy,preprocessed/dolma2-0625/resharded,,,,,OLMo-dolma-0.14B
repeat,14M_seed42_case4_dolma_epoch2_wd0.4_lr1e-3,14m,14000000,0.5,140000000,2,,0.001,0.4,42,7.2376069348211125,1390.7618408203125,3478624,True,False,dolma_val_loss/chinchilla_0.5/14M/14M_seed42_case4_dolma_epoch2_wd0.4_lr1e-3.json,train_0.14B.npy,preprocessed/dolma2-0625/resharded,,,,,OLMo-dolma-0.14B
repeat,14M_seed42_case4_dolma_epoch2_wd0.8_lr1e-3,14m,14000000,0.5,140000000,2,,0.001,0.8,42,7.283573822322149,1456.1826171875,3478624,True,False,dolma_val_loss/chinchilla_0.5/14M/14M_seed42_case4_dolma_epoch2_wd0.8_lr1e-3.json,train_0.14B.npy,preprocessed/dolma2-0625/resharded,,,,,OLMo-dolma-0.14B
repeat,14M_seed42_case4_dolma_epoch2_wd1.6_lr1e-3,14m,14000000,0.5,140000000,2,,0.001,1.6,42,7.376390002173812,1597.8111572265625,3478624,True,False,dolma_val_loss/chinchilla_0.5/14M/14M_seed42_case4_dolma_epoch2_wd1.6_lr1e-3.json,train_0.14B.npy,preprocessed/dolma2-0625/resharded,,,,,OLMo-dolma-0.14B
repeat,14M_seed42_case4_dolma_epoch2_wd0.1_lr3e-3,14m,14000000,0.5,140000000,2,,0.003,0.1,42,6.951565709445207,1044.7843017578125,3478624,True,False,dolma_val_loss/chinchilla_0.5/14M/14M_seed42_case4_dolma_epoch2_wd0.1_lr3e-3.json,train_0.14B.npy,preprocessed/dolma2-0625/resharded,,,,,OLMo-dolma-0.14B
repeat,14M_seed42_case4_dolma_epoch2_wd0.2_lr3e-3,14m,14000000,0.5,140000000,2,,0.003,0.2,42,6.926149045671956,1018.5638427734375,3478624,True,True,dolma_val_loss/chinchilla_0.5/14M/14M_seed42_case4_dolma_epoch2_wd0.2_lr3e-3.json,train_0.14B.npy,preprocessed/dolma2-0625/resharded,,,,,OLMo-dolma-0.14B
repeat,14M_seed42_case4_dolma_epoch2_wd0.4_lr3e-3,14m,14000000,0.5,140000000,2,,0.003,0.4,42,6.983908779966096,1079.1280517578125,3478624,True,False,dolma_val_loss/chinchilla_0.5/14M/14M_seed42_case4_dolma_epoch2_wd0.4_lr3e-3.json,train_0.14B.npy,preprocessed/dolma2-0625/resharded,,,,,OLMo-dolma-0.14B
repeat,14M_seed42_case4_dolma_epoch2_wd0.8_lr3e-3,14m,14000000,0.5,140000000,2,,0.003,0.8,42,7.118425074019928,1234.50439453125,3478624,True,False,dolma_val_loss/chinchilla_0.5/14M/14M_seed42_case4_dolma_epoch2_wd0.8_lr3e-3.json,train_0.14B.npy,preprocessed/dolma2-0625/resharded,,,,,OLMo-dolma-0.14B
repeat,14M_seed42_case4_dolma_epoch2_wd1.6_lr3e-3,14m,14000000,0.5,140000000,2,,0.003,1.6,42,7.0690003011293046,1174.9727783203125,3478624,True,False,dolma_val_loss/chinchilla_0.5/14M/14M_seed42_case4_dolma_epoch2_wd1.6_lr3e-3.json,train_0.14B.npy,preprocessed/dolma2-0625/resharded,,,,,OLMo-dolma-0.14B
repeat,14M_seed42_case4_dolma_epoch4_wd0.1_lr1e-4,14m,14000000,0.5,140000000,4,,0.0001,0.1,42,9.285521185710527,10780.7939453125,3478624,True,False,dolma_val_loss/chinchilla_0.5/14M/14M_seed42_case4_dolma_epoch4_wd0.1_lr1e-4.json,train_0.14B.npy,preprocessed/dolma2-0625/resharded,,,,,OLMo-dolma-0.14B
repeat,14M_seed42_case4_dolma_epoch4_wd0.2_lr1e-4,14m,14000000,0.5,140000000,4,,0.0001,0.2,42,9.289322479266856,10821.853515625,3478624,True,False,dolma_val_loss/chinchilla_0.5/14M/14M_seed42_case4_dolma_epoch4_wd0.2_lr1e-4.json,train_0.14B.npy,preprocessed/dolma2-0625/resharded,,,,,OLMo-dolma-0.14B
repeat,14M_seed42_case4_dolma_epoch4_wd0.4_lr1e-4,14m,14000000,0.5,140000000,4,,0.0001,0.4,42,9.296457644810895,10899.337890625,3478624,True,False,dolma_val_loss/chinchilla_0.5/14M/14M_seed42_case4_dolma_epoch4_wd0.4_lr1e-4.json,train_0.14B.npy,preprocessed/dolma2-0625/resharded,,,,,OLMo-dolma-0.14B
repeat,14M_seed42_case4_dolma_epoch4_wd0.8_lr1e-4,14m,14000000,0.5,140000000,4,,0.0001,0.8,42,9.31147835734919,11064.2958984375,3478624,True,False,dolma_val_loss/chinchilla_0.5/14M/14M_seed42_case4_dolma_epoch4_wd0.8_lr1e-4.json,train_0.14B.npy,preprocessed/dolma2-0625/resharded,,,,,OLMo-dolma-0.14B
repeat,14M_seed42_case4_dolma_epoch4_wd1.6_lr1e-4,14m,14000000,0.5,140000000,4,,0.0001,1.6,42,9.340547533659995,11390.6435546875,3478624,True,False,dolma_val_loss/chinchilla_0.5/14M/14M_seed42_case4_dolma_epoch4_wd1.6_lr1e-4.json,train_0.14B.npy,preprocessed/dolma2-0625/resharded,,,,,OLMo-dolma-0.14B
repeat,14M_seed42_case4_dolma_epoch4_wd0.1_lr3e-4,14m,14000000,0.5,140000000,4,,0.0003,0.1,42,7.574517590352581,1947.920654296875,3478624,True,False,dolma_val_loss/chinchilla_0.5/14M/14M_seed42_case4_dolma_epoch4_wd0.1_lr3e-4.json,train_0.14B.npy,preprocessed/dolma2-0625/resharded,,,,,OLMo-dolma-0.14B
repeat,14M_seed42_case4_dolma_epoch4_wd0.2_lr3e-4,14m,14000000,0.5,140000000,4,,0.0003,0.2,42,7.583766474854488,1966.02001953125,3478624,True,False,dolma_val_loss/chinchilla_0.5/14M/14M_seed42_case4_dolma_epoch4_wd0.2_lr3e-4.json,train_0.14B.npy,preprocessed/dolma2-0625/resharded,,,,,OLMo-dolma-0.14B
repeat,14M_seed42_case4_dolma_epoch4_wd0.4_lr3e-4,14m,14000000,0.5,140000000,4,,0.0003,0.4,42,7.603079663147474,2004.359375,3478624,True,False,dolma_val_loss/chinchilla_0.5/14M/14M_seed42_case4_dolma_epoch4_wd0.4_lr3e-4.json,train_0.14B.npy,preprocessed/dolma2-0625/resharded,,,,,OLMo-dolma-0.14B
repeat,14M_seed42_case4_dolma_epoch4_wd0.8_lr3e-4,14m,14000000,0.5,140000000,4,,0.0003,0.8,42,7.638316921712885,2076.246826171875,3478624,True,False,dolma_val_loss/chinchilla_0.5/14M/14M_seed42_case4_dolma_epoch4_wd0.8_lr3e-4.json,train_0.14B.npy,preprocessed/dolma2-0625/resharded,,,,,OLMo-dolma-0.14B
repeat,14M_seed42_case4_dolma_epoch4_wd1.6_lr3e-4,14m,14000000,0.5,140000000,4,,0.0003,1.6,42,7.716992825520549,2246.19482421875,3478624,True,False,dolma_val_loss/chinchilla_0.5/14M/14M_seed42_case4_dolma_epoch4_wd1.6_lr3e-4.json,train_0.14B.npy,preprocessed/dolma2-0625/resharded,,,,,OLMo-dolma-0.14B
repeat,14M_seed42_case4_dolma_epoch4_wd0.1_lr1e-3,14m,14000000,0.5,140000000,4,,0.001,0.1,42,6.354578750005233,575.1201782226562,3478624,True,False,dolma_val_loss/chinchilla_0.5/14M/14M_seed42_case4_dolma_epoch4_wd0.1_lr1e-3.json,train_0.14B.npy,preprocessed/dolma2-0625/resharded,,,,,OLMo-dolma-0.14B
repeat,14M_seed42_case4_dolma_epoch4_wd0.2_lr1e-3,14m,14000000,0.5,140000000,4,,0.001,0.2,42,6.3647893933554975,581.0225219726562,3478624,True,False,dolma_val_loss/chinchilla_0.5/14M/14M_seed42_case4_dolma_epoch4_wd0.2_lr1e-3.json,train_0.14B.npy,preprocessed/dolma2-0625/resharded,,,,,OLMo-dolma-0.14B
repeat,14M_seed42_case4_dolma_epoch4_wd0.4_lr1e-3,14m,14000000,0.5,140000000,4,,0.001,0.4,42,6.384162715232598,592.3886108398438,3478624,True,False,dolma_val_loss/chinchilla_0.5/14M/14M_seed42_case4_dolma_epoch4_wd0.4_lr1e-3.json,train_0.14B.npy,preprocessed/dolma2-0625/resharded,,,,,OLMo-dolma-0.14B
repeat,14M_seed42_case4_dolma_epoch4_wd0.8_lr1e-3,14m,14000000,0.5,140000000,4,,0.001,0.8,42,6.449147496534931,632.1632690429688,3478624,True,False,dolma_val_loss/chinchilla_0.5/14M/14M_seed42_case4_dolma_epoch4_wd0.8_lr1e-3.json,train_0.14B.npy,preprocessed/dolma2-0625/resharded,,,,,OLMo-dolma-0.14B
repeat,14M_seed42_case4_dolma_epoch4_wd1.6_lr1e-3,14m,14000000,0.5,140000000,4,,0.001,1.6,42,6.555361734538503,703.00341796875,3478624,True,False,dolma_val_loss/chinchilla_0.5/14M/14M_seed42_case4_dolma_epoch4_wd1.6_lr1e-3.json,train_0.14B.npy,preprocessed/dolma2-0625/resharded,,,,,OLMo-dolma-0.14B
repeat,14M_seed42_case4_dolma_epoch4_wd0.1_lr3e-3,14m,14000000,0.5,140000000,4,,0.003,0.1,42,6.048273838366792,423.38165283203125,3478624,True,False,dolma_val_loss/chinchilla_0.5/14M/14M_seed42_case4_dolma_epoch4_wd0.1_lr3e-3.json,train_0.14B.npy,preprocessed/dolma2-0625/resharded,,,,,OLMo-dolma-0.14B
repeat,14M_seed42_case4_dolma_epoch4_wd0.2_lr3e-3,14m,14000000,0.5,140000000,4,,0.003,0.2,42,6.04707719913272,422.875244140625,3478624,True,True,dolma_val_loss/chinchilla_0.5/14M/14M_seed42_case4_dolma_epoch4_wd0.2_lr3e-3.json,train_0.14B.npy,preprocessed/dolma2-0625/resharded,,,,,OLMo-dolma-0.14B
repeat,14M_seed42_case4_dolma_epoch4_wd0.4_lr3e-3,14m,14000000,0.5,140000000,4,,0.003,0.4,42,6.157596025020642,472.2913818359375,3478624,True,False,dolma_val_loss/chinchilla_0.5/14M/14M_seed42_case4_dolma_epoch4_wd0.4_lr3e-3.json,train_0.14B.npy,preprocessed/dolma2-0625/resharded,,,,,OLMo-dolma-0.14B
repeat,14M_seed42_case4_dolma_epoch4_wd0.8_lr3e-3,14m,14000000,0.5,140000000,4,,0.003,0.8,42,6.207593096476285,496.50469970703125,3478624,True,False,dolma_val_loss/chinchilla_0.5/14M/14M_seed42_case4_dolma_epoch4_wd0.8_lr3e-3.json,train_0.14B.npy,preprocessed/dolma2-0625/resharded,,,,,OLMo-dolma-0.14B
repeat,14M_seed42_case4_dolma_epoch4_wd1.6_lr3e-3,14m,14000000,0.5,140000000,4,,0.003,1.6,42,6.326424704082549,559.15380859375,3478624,True,False,dolma_val_loss/chinchilla_0.5/14M/14M_seed42_case4_dolma_epoch4_wd1.6_lr3e-3.json,train_0.14B.npy,preprocessed/dolma2-0625/resharded,,,,,OLMo-dolma-0.14B
repeat,14M_seed42_case4_dolma_epoch8_wd0.1_lr1e-4,14m,14000000,0.5,140000000,8,,0.0001,0.1,42,8.111911917170994,3333.94580078125,3478624,True,False,dolma_val_loss/chinchilla_0.5/14M/14M_seed42_case4_dolma_epoch8_wd0.1_lr1e-4.json,train_0.14B.npy,preprocessed/dolma2-0625/resharded,,,,,OLMo-dolma-0.14B
repeat,14M_seed42_case4_dolma_epoch8_wd0.2_lr1e-4,14m,14000000,0.5,140000000,8,,0.0001,0.2,42,8.11948026601853,3359.27392578125,3478624,True,False,dolma_val_loss/chinchilla_0.5/14M/14M_seed42_case4_dolma_epoch8_wd0.2_lr1e-4.json,train_0.14B.npy,preprocessed/dolma2-0625/resharded,,,,,OLMo-dolma-0.14B
repeat,14M_seed42_case4_dolma_epoch8_wd0.4_lr1e-4,14m,14000000,0.5,140000000,8,,0.0001,0.4,42,8.135303859073256,3412.851806640625,3478624,True,False,dolma_val_loss/chinchilla_0.5/14M/14M_seed42_case4_dolma_epoch8_wd0.4_lr1e-4.json,train_0.14B.npy,preprocessed/dolma2-0625/resharded,,,,,OLMo-dolma-0.14B
repeat,14M_seed42_case4_dolma_epoch8_wd0.8_lr1e-4,14m,14000000,0.5,140000000,8,,0.0001,0.8,42,8.16638658270146,3520.599609375,3478624,True,False,dolma_val_loss/chinchilla_0.5/14M/14M_seed42_case4_dolma_epoch8_wd0.8_lr1e-4.json,train_0.14B.npy,preprocessed/dolma2-0625/resharded,,,,,OLMo-dolma-0.14B
repeat,14M_seed42_case4_dolma_epoch8_wd1.6_lr1e-4,14m,14000000,0.5,140000000,8,,0.0001,1.6,42,8.228143194576317,3744.8720703125,3478624,True,False,dolma_val_loss/chinchilla_0.5/14M/14M_seed42_case4_dolma_epoch8_wd1.6_lr1e-4.json,train_0.14B.npy,preprocessed/dolma2-0625/resharded,,,,,OLMo-dolma-0.14B
repeat,14M_seed42_case4_dolma_epoch8_wd0.1_lr3e-4,14m,14000000,0.5,140000000,8,,0.0003,0.1,42,6.5526366356251335,701.0902709960938,3478624,True,False,dolma_val_loss/chinchilla_0.5/14M/14M_seed42_case4_dolma_epoch8_wd0.1_lr3e-4.json,train_0.14B.npy,preprocessed/dolma2-0625/resharded,,,,,OLMo-dolma-0.14B
repeat,14M_seed42_case4_dolma_epoch8_wd0.2_lr3e-4,14m,14000000,0.5,140000000,8,,0.0003,0.2,42,6.565011640586237,709.820068359375,3478624,True,False,dolma_val_loss/chinchilla_0.5/14M/14M_seed42_case4_dolma_epoch8_wd0.2_lr3e-4.json,train_0.14B.npy,preprocessed/dolma2-0625/resharded,,,,,OLMo-dolma-0.14B
repeat,14M_seed42_case4_dolma_epoch8_wd0.4_lr3e-4,14m,14000000,0.5,140000000,8,,0.0003,0.4,42,6.579950301146934,720.5035400390625,3478624,True,False,dolma_val_loss/chinchilla_0.5/14M/14M_seed42_case4_dolma_epoch8_wd0.4_lr3e-4.json,train_0.14B.npy,preprocessed/dolma2-0625/resharded,,,,,OLMo-dolma-0.14B
repeat,14M_seed42_case4_dolma_epoch8_wd0.8_lr3e-4,14m,14000000,0.5,140000000,8,,0.0003,0.8,42,6.623622929764668,752.6669921875,3478624,True,False,dolma_val_loss/chinchilla_0.5/14M/14M_seed42_case4_dolma_epoch8_wd0.8_lr3e-4.json,train_0.14B.npy,preprocessed/dolma2-0625/resharded,,,,,OLMo-dolma-0.14B
repeat,14M_seed42_case4_dolma_epoch8_wd1.6_lr3e-4,14m,14000000,0.5,140000000,8,,0.0003,1.6,42,6.718005716759567,827.1661987304688,3478624,True,False,dolma_val_loss/chinchilla_0.5/14M/14M_seed42_case4_dolma_epoch8_wd1.6_lr3e-4.json,train_0.14B.npy,preprocessed/dolma2-0625/resharded,,,,,OLMo-dolma-0.14B
repeat,14M_seed42_case4_dolma_epoch8_wd0.1_lr1e-3,14m,14000000,0.5,140000000,8,,0.001,0.1,42,5.675149478414229,291.5318908691406,3478624,True,False,dolma_val_loss/chinchilla_0.5/14M/14M_seed42_case4_dolma_epoch8_wd0.1_lr1e-3.json,train_0.14B.npy,preprocessed/dolma2-0625/resharded,,,,,OLMo-dolma-0.14B
repeat,14M_seed42_case4_dolma_epoch8_wd0.2_lr1e-3,14m,14000000,0.5,140000000,8,,0.001,0.2,42,5.700880666498359,299.13067626953125,3478624,True,False,dolma_val_loss/chinchilla_0.5/14M/14M_seed42_case4_dolma_epoch8_wd0.2_lr1e-3.json,train_0.14B.npy,preprocessed/dolma2-0625/resharded,,,,,OLMo-dolma-0.14B
repeat,14M_seed42_case4_dolma_epoch8_wd0.4_lr1e-3,14m,14000000,0.5,140000000,8,,0.001,0.4,42,5.718068842108978,304.3167419433594,3478624,True,False,dolma_val_loss/chinchilla_0.5/14M/14M_seed42_case4_dolma_epoch8_wd0.4_lr1e-3.json,train_0.14B.npy,preprocessed/dolma2-0625/resharded,,,,,OLMo-dolma-0.14B
repeat,14M_seed42_case4_dolma_epoch8_wd0.8_lr1e-3,14m,14000000,0.5,140000000,8,,0.001,0.8,42,5.775834359490769,322.41339111328125,3478624,True,False,dolma_val_loss/chinchilla_0.5/14M/14M_seed42_case4_dolma_epoch8_wd0.8_lr1e-3.json,train_0.14B.npy,preprocessed/dolma2-0625/resharded,,,,,OLMo-dolma-0.14B
repeat,14M_seed42_case4_dolma_epoch8_wd1.6_lr1e-3,14m,14000000,0.5,140000000,8,,0.001,1.6,42,5.9476012276828065,382.8339538574219,3478624,True,False,dolma_val_loss/chinchilla_0.5/14M/14M_seed42_case4_dolma_epoch8_wd1.6_lr1e-3.json,train_0.14B.npy,preprocessed/dolma2-0625/resharded,,,,,OLMo-dolma-0.14B
repeat,14M_seed42_case4_dolma_epoch8_wd0.1_lr3e-3,14m,14000000,0.5,140000000,8,,0.003,0.1,42,5.3493873504041,210.47926330566406,3478624,True,True,dolma_val_loss/chinchilla_0.5/14M/14M_seed42_case4_dolma_epoch8_wd0.1_lr3e-3.json,train_0.14B.npy,preprocessed/dolma2-0625/resharded,,,,,OLMo-dolma-0.14B
repeat,14M_seed42_case4_dolma_epoch8_wd0.2_lr3e-3,14m,14000000,0.5,140000000,8,,0.003,0.2,42,5.3754353869125495,216.03390502929688,3478624,True,False,dolma_val_loss/chinchilla_0.5/14M/14M_seed42_case4_dolma_epoch8_wd0.2_lr3e-3.json,train_0.14B.npy,preprocessed/dolma2-0625/resharded,,,,,OLMo-dolma-0.14B
repeat,14M_seed42_case4_dolma_epoch8_wd0.4_lr3e-3,14m,14000000,0.5,140000000,8,,0.003,0.4,42,5.402507893538464,221.9623565673828,3478624,True,False,dolma_val_loss/chinchilla_0.5/14M/14M_seed42_case4_dolma_epoch8_wd0.4_lr3e-3.json,train_0.14B.npy,preprocessed/dolma2-0625/resharded,,,,,OLMo-dolma-0.14B
repeat,14M_seed42_case4_dolma_epoch8_wd0.8_lr3e-3,14m,14000000,0.5,140000000,8,,0.003,0.8,42,5.513343852162454,247.97894287109375,3478624,True,False,dolma_val_loss/chinchilla_0.5/14M/14M_seed42_case4_dolma_epoch8_wd0.8_lr3e-3.json,train_0.14B.npy,preprocessed/dolma2-0625/resharded,,,,,OLMo-dolma-0.14B
repeat,14M_seed42_case4_dolma_epoch8_wd1.6_lr3e-3,14m,14000000,0.5,140000000,8,,0.003,1.6,42,5.786478196040347,325.8633117675781,3478624,True,False,dolma_val_loss/chinchilla_0.5/14M/14M_seed42_case4_dolma_epoch8_wd1.6_lr3e-3.json,train_0.14B.npy,preprocessed/dolma2-0625/resharded,,,,,OLMo-dolma-0.14B
repeat,14M_seed42_case4_dolma_epoch16_wd0.1_lr1e-4,14m,14000000,0.5,140000000,16,,0.0001,0.1,42,6.939042617295481,1031.7818603515625,3478624,True,False,dolma_val_loss/chinchilla_0.5/14M/14M_seed42_case4_dolma_epoch16_wd0.1_lr1e-4.json,train_0.14B.npy,preprocessed/dolma2-0625/resharded,,,,,OLMo-dolma-0.14B
repeat,14M_seed42_case4_dolma_epoch16_wd0.2_lr1e-4,14m,14000000,0.5,140000000,16,,0.0001,0.2,42,6.950081742063053,1043.235107421875,3478624,True,False,dolma_val_loss/chinchilla_0.5/14M/14M_seed42_case4_dolma_epoch16_wd0.2_lr1e-4.json,train_0.14B.npy,preprocessed/dolma2-0625/resharded,,,,,OLMo-dolma-0.14B
repeat,14M_seed42_case4_dolma_epoch16_wd0.4_lr1e-4,14m,14000000,0.5,140000000,16,,0.0001,0.4,42,6.972941914738369,1067.358154296875,3478624,True,False,dolma_val_loss/chinchilla_0.5/14M/14M_seed42_case4_dolma_epoch16_wd0.4_lr1e-4.json,train_0.14B.npy,preprocessed/dolma2-0625/resharded,,,,,OLMo-dolma-0.14B
repeat,14M_seed42_case4_dolma_epoch16_wd0.8_lr1e-4,14m,14000000,0.5,140000000,16,,0.0001,0.8,42,7.01895779636148,1117.6209716796875,3478624,True,False,dolma_val_loss/chinchilla_0.5/14M/14M_seed42_case4_dolma_epoch16_wd0.8_lr1e-4.json,train_0.14B.npy,preprocessed/dolma2-0625/resharded,,,,,OLMo-dolma-0.14B
repeat,14M_seed42_case4_dolma_epoch16_wd1.6_lr1e-4,14m,14000000,0.5,140000000,16,,0.0001,1.6,42,7.115877891868353,1231.3643798828125,3478624,True,False,dolma_val_loss/chinchilla_0.5/14M/14M_seed42_case4_dolma_epoch16_wd1.6_lr1e-4.json,train_0.14B.npy,preprocessed/dolma2-0625/resharded,,,,,OLMo-dolma-0.14B
repeat,14M_seed42_case4_dolma_epoch16_wd0.1_lr3e-4,14m,14000000,0.5,140000000,16,,0.0003,0.1,42,5.8985658161875305,364.5142822265625,3478624,True,False,dolma_val_loss/chinchilla_0.5/14M/14M_seed42_case4_dolma_epoch16_wd0.1_lr3e-4.json,train_0.14B.npy,preprocessed/dolma2-0625/resharded,,,,,OLMo-dolma-0.14B
repeat,14M_seed42_case4_dolma_epoch16_wd0.2_lr3e-4,14m,14000000,0.5,140000000,16,,0.0003,0.2,42,5.907377446064162,367.7403869628906,3478624,True,False,dolma_val_loss/chinchilla_0.5/14M/14M_seed42_case4_dolma_epoch16_wd0.2_lr3e-4.json,train_0.14B.npy,preprocessed/dolma2-0625/resharded,,,,,OLMo-dolma-0.14B
repeat,14M_seed42_case4_dolma_epoch16_wd0.4_lr3e-4,14m,14000000,0.5,140000000,16,,0.0003,0.4,42,5.927266545597371,375.12774658203125,3478624,True,False,dolma_val_loss/chinchilla_0.5/14M/14M_seed42_case4_dolma_epoch16_wd0.4_lr3e-4.json,train_0.14B.npy,preprocessed/dolma2-0625/resharded,,,,,OLMo-dolma-0.14B
repeat,14M_seed42_case4_dolma_epoch16_wd0.8_lr3e-4,14m,14000000,0.5,140000000,16,,0.0003,0.8,42,5.96187603125928,388.3379211425781,3478624,True,False,dolma_val_loss/chinchilla_0.5/14M/14M_seed42_case4_dolma_epoch16_wd0.8_lr3e-4.json,train_0.14B.npy,preprocessed/dolma2-0625/resharded,,,,,OLMo-dolma-0.14B
repeat,14M_seed42_case4_dolma_epoch16_wd1.6_lr3e-4,14m,14000000,0.5,140000000,16,,0.0003,1.6,42,6.051590278415851,424.7880859375,3478624,True,False,dolma_val_loss/chinchilla_0.5/14M/14M_seed42_case4_dolma_epoch16_wd1.6_lr3e-4.json,train_0.14B.npy,preprocessed/dolma2-0625/resharded,,,,,OLMo-dolma-0.14B
repeat,14M_seed42_case4_dolma_epoch16_wd0.1_lr1e-3,14m,14000000,0.5,140000000,16,,0.001,0.1,42,5.172518029657255,176.3583984375,3478624,True,False,dolma_val_loss/chinchilla_0.5/14M/14M_seed42_case4_dolma_epoch16_wd0.1_lr1e-3.json,train_0.14B.npy,preprocessed/dolma2-0625/resharded,,,,,OLMo-dolma-0.14B
repeat,14M_seed42_case4_dolma_epoch16_wd0.2_lr1e-3,14m,14000000,0.5,140000000,16,,0.001,0.2,42,5.182841365804769,178.18838500976562,3478624,True,False,dolma_val_loss/chinchilla_0.5/14M/14M_seed42_case4_dolma_epoch16_wd0.2_lr1e-3.json,train_0.14B.npy,preprocessed/dolma2-0625/resharded,,,,,OLMo-dolma-0.14B
repeat,14M_seed42_case4_dolma_epoch16_wd0.4_lr1e-3,14m,14000000,0.5,140000000,16,,0.001,0.4,42,5.207551253170165,182.64630126953125,3478624,True,False,dolma_val_loss/chinchilla_0.5/14M/14M_seed42_case4_dolma_epoch16_wd0.4_lr1e-3.json,train_0.14B.npy,preprocessed/dolma2-0625/resharded,,,,,OLMo-dolma-0.14B
repeat,14M_seed42_case4_dolma_epoch16_wd0.8_lr1e-3,14m,14000000,0.5,140000000,16,,0.001,0.8,42,5.2972893269285946,199.7945098876953,3478624,True,False,dolma_val_loss/chinchilla_0.5/14M/14M_seed42_case4_dolma_epoch16_wd0.8_lr1e-3.json,train_0.14B.npy,preprocessed/dolma2-0625/resharded,,,,,OLMo-dolma-0.14B
repeat,14M_seed42_case4_dolma_epoch16_wd1.6_lr1e-3,14m,14000000,0.5,140000000,16,,0.001,1.6,42,5.509815435491923,247.10546875,3478624,True,False,dolma_val_loss/chinchilla_0.5/14M/14M_seed42_case4_dolma_epoch16_wd1.6_lr1e-3.json,train_0.14B.npy,preprocessed/dolma2-0625/resharded,,,,,OLMo-dolma-0.14B
repeat,14M_seed42_case4_dolma_epoch16_wd0.1_lr3e-3,14m,14000000,0.5,140000000,16,,0.003,0.1,42,4.796749454290444,121.11610412597656,3478624,True,True,dolma_val_loss/chinchilla_0.5/14M/14M_seed42_case4_dolma_epoch16_wd0.1_lr3e-3.json,train_0.14B.npy,preprocessed/dolma2-0625/resharded,,,,,OLMo-dolma-0.14B
repeat,14M_seed42_case4_dolma_epoch16_wd0.2_lr3e-3,14m,14000000,0.5,140000000,16,,0.003,0.2,42,4.831274792026581,125.3707046508789,3478624,True,False,dolma_val_loss/chinchilla_0.5/14M/14M_seed42_case4_dolma_epoch16_wd0.2_lr3e-3.json,train_0.14B.npy,preprocessed/dolma2-0625/resharded,,,,,OLMo-dolma-0.14B
repeat,14M_seed42_case4_dolma_epoch16_wd0.4_lr3e-3,14m,14000000,0.5,140000000,16,,0.003,0.4,42,4.880041317457819,131.63607788085938,3478624,True,False,dolma_val_loss/chinchilla_0.5/14M/14M_seed42_case4_dolma_epoch16_wd0.4_lr3e-3.json,train_0.14B.npy,preprocessed/dolma2-0625/resharded,,,,,OLMo-dolma-0.14B
repeat,14M_seed42_case4_dolma_epoch16_wd0.8_lr3e-3,14m,14000000,0.5,140000000,16,,0.003,0.8,42,5.030676066379241,153.03640747070312,3478624,True,False,dolma_val_loss/chinchilla_0.5/14M/14M_seed42_case4_dolma_epoch16_wd0.8_lr3e-3.json,train_0.14B.npy,preprocessed/dolma2-0625/resharded,,,,,OLMo-dolma-0.14B
repeat,14M_seed42_case4_dolma_epoch16_wd1.6_lr3e-3,14m,14000000,0.5,140000000,16,,0.003,1.6,42,5.316375300093963,203.64437866210938,3478624,True,False,dolma_val_loss/chinchilla_0.5/14M/14M_seed42_case4_dolma_epoch16_wd1.6_lr3e-3.json,train_0.14B.npy,preprocessed/dolma2-0625/resharded,,,,,OLMo-dolma-0.14B
repeat,14M_seed42_case4_dolma_epoch32_wd0.2_lr3e-3,14m,14000000,0.5,140000000,32,,0.003,0.2,42,4.595708079786675,99.05823516845703,3478624,True,False,dolma_val_loss/chinchilla_0.5/14M/14M_seed42_case4_dolma_epoch32_wd0.2_lr3e-3.json,train_0.14B.npy,preprocessed/dolma2-0625/resharded,,,,,OLMo-dolma-0.14B
repeat,14M_seed42_case4_dolma_epoch32_wd0.4_lr3e-3,14m,14000000,0.5,140000000,32,,0.003,0.4,42,4.554437997877245,95.05332946777344,3478624,True,True,dolma_val_loss/chinchilla_0.5/14M/14M_seed42_case4_dolma_epoch32_wd0.4_lr3e-3.json,train_0.14B.npy,preprocessed/dolma2-0625/resharded,,,,,OLMo-dolma-0.14B
repeat,14M_seed42_case4_dolma_epoch32_wd0.8_lr3e-3,14m,14000000,0.5,140000000,32,,0.003,0.8,42,4.842194247936873,126.74713897705078,3478624,True,False,dolma_val_loss/chinchilla_0.5/14M/14M_seed42_case4_dolma_epoch32_wd0.8_lr3e-3.json,train_0.14B.npy,preprocessed/dolma2-0625/resharded,,,,,OLMo-dolma-0.14B
repeat,14M_seed42_case4_dolma_epoch32_wd1.6_lr3e-3,14m,14000000,0.5,140000000,32,,0.003,1.6,42,5.071323085232817,159.38504028320312,3478624,True,False,dolma_val_loss/chinchilla_0.5/14M/14M_seed42_case4_dolma_epoch32_wd1.6_lr3e-3.json,train_0.14B.npy,preprocessed/dolma2-0625/resharded,,,,,OLMo-dolma-0.14B
repeat,14M_seed42_case4_dolma_epoch1_wd0.1_lr1e-4,14m,14000000,1.0,280000000,1,,0.0001,0.1,42,10.237220116019204,27923.384765625,3478624,True,False,dolma_val_loss/chinchilla_1/14M/14M_seed42_case4_dolma_epoch1_wd0.1_lr1e-4.json,train_0.28B.npy,preprocessed/dolma2-0625/resharded,,,,,OLMo-dolma-0.28B
repeat,14M_seed42_case4_dolma_epoch1_wd0.2_lr1e-4,14m,14000000,1.0,280000000,1,,0.0001,0.2,42,10.238497715602895,27959.091796875,3478624,True,False,dolma_val_loss/chinchilla_1/14M/14M_seed42_case4_dolma_epoch1_wd0.2_lr1e-4.json,train_0.28B.npy,preprocessed/dolma2-0625/resharded,,,,,OLMo-dolma-0.28B
repeat,14M_seed42_case4_dolma_epoch1_wd0.4_lr1e-4,14m,14000000,1.0,280000000,1,,0.0001,0.4,42,10.24129189651614,28037.326171875,3478624,True,False,dolma_val_loss/chinchilla_1/14M/14M_seed42_case4_dolma_epoch1_wd0.4_lr1e-4.json,train_0.28B.npy,preprocessed/dolma2-0625/resharded,,,,,OLMo-dolma-0.28B
repeat,14M_seed42_case4_dolma_epoch1_wd0.8_lr1e-4,14m,14000000,1.0,280000000,1,,0.0001,0.8,42,10.246335342697645,28179.076171875,3478624,True,False,dolma_val_loss/chinchilla_1/14M/14M_seed42_case4_dolma_epoch1_wd0.8_lr1e-4.json,train_0.28B.npy,preprocessed/dolma2-0625/resharded,,,,,OLMo-dolma-0.28B
repeat,14M_seed42_case4_dolma_epoch1_wd1.6_lr1e-4,14m,14000000,1.0,280000000,1,,0.0001,1.6,42,10.256577503665063,28469.18359375,3478624,True,False,dolma_val_loss/chinchilla_1/14M/14M_seed42_case4_dolma_epoch1_wd1.6_lr1e-4.json,train_0.28B.npy,preprocessed/dolma2-0625/resharded,,,,,OLMo-dolma-0.28B
repeat,14M_seed42_case4_dolma_epoch1_wd0.1_lr3e-4,14m,14000000,1.0,280000000,1,,0.0003,0.1,42,8.704956175683169,6032.73681640625,3478624,True,False,dolma_val_loss/chinchilla_1/14M/14M_seed42_case4_dolma_epoch1_wd0.1_lr3e-4.json,train_0.28B.npy,preprocessed/dolma2-0625/resharded,,,,,OLMo-dolma-0.28B
repeat,14M_seed42_case4_dolma_epoch1_wd0.2_lr3e-4,14m,14000000,1.0,280000000,1,,0.0003,0.2,42,8.710343433584255,6065.32470703125,3478624,True,False,dolma_val_loss/chinchilla_1/14M/14M_seed42_case4_dolma_epoch1_wd0.2_lr3e-4.json,train_0.28B.npy,preprocessed/dolma2-0625/resharded,,,,,OLMo-dolma-0.28B
repeat,14M_seed42_case4_dolma_epoch1_wd0.4_lr3e-4,14m,14000000,1.0,280000000,1,,0.0003,0.4,42,8.721450546126949,6133.0703125,3478624,True,False,dolma_val_loss/chinchilla_1/14M/14M_seed42_case4_dolma_epoch1_wd0.4_lr3e-4.json,train_0.28B.npy,preprocessed/dolma2-0625/resharded,,,,,OLMo-dolma-0.28B
repeat,14M_seed42_case4_dolma_epoch1_wd0.8_lr3e-4,14m,14000000,1.0,280000000,1,,0.0003,0.8,42,8.743734485211052,6271.27099609375,3478624,True,False,dolma_val_loss/chinchilla_1/14M/14M_seed42_case4_dolma_epoch1_wd0.8_lr3e-4.json,train_0.28B.npy,preprocessed/dolma2-0625/resharded,,,,,OLMo-dolma-0.28B
repeat,14M_seed42_case4_dolma_epoch1_wd1.6_lr3e-4,14m,14000000,1.0,280000000,1,,0.0003,1.6,42,8.787555480697073,6552.197265625,3478624,True,False,dolma_val_loss/chinchilla_1/14M/14M_seed42_case4_dolma_epoch1_wd1.6_lr3e-4.json,train_0.28B.npy,preprocessed/dolma2-0625/resharded,,,,,OLMo-dolma-0.28B
repeat,14M_seed42_case4_dolma_epoch1_wd0.1_lr1e-3,14m,14000000,1.0,280000000,1,,0.001,0.1,42,7.214724838909679,1359.2998046875,3478624,True,False,dolma_val_loss/chinchilla_1/14M/14M_seed42_case4_dolma_epoch1_wd0.1_lr1e-3.json,train_0.28B.npy,preprocessed/dolma2-0625/resharded,,,,,OLMo-dolma-0.28B
repeat,14M_seed42_case4_dolma_epoch1_wd0.2_lr1e-3,14m,14000000,1.0,280000000,1,,0.001,0.2,42,7.224792888513308,1373.0543212890625,3478624,True,False,dolma_val_loss/chinchilla_1/14M/14M_seed42_case4_dolma_epoch1_wd0.2_lr1e-3.json,train_0.28B.npy,preprocessed/dolma2-0625/resharded,,,,,OLMo-dolma-0.28B
repeat,14M_seed42_case4_dolma_epoch1_wd0.4_lr1e-3,14m,14000000,1.0,280000000,1,,0.001,0.4,42,7.252285110305333,1411.3260498046875,3478624,True,False,dolma_val_loss/chinchilla_1/14M/14M_seed42_case4_dolma_epoch1_wd0.4_lr1e-3.json,train_0.28B.npy,preprocessed/dolma2-0625/resharded,,,,,OLMo-dolma-0.28B
repeat,14M_seed42_case4_dolma_epoch1_wd0.8_lr1e-3,14m,14000000,1.0,280000000,1,,0.001,0.8,42,7.28764068761568,1462.1168212890625,3478624,True,False,dolma_val_loss/chinchilla_1/14M/14M_seed42_case4_dolma_epoch1_wd0.8_lr1e-3.json,train_0.28B.npy,preprocessed/dolma2-0625/resharded,,,,,OLMo-dolma-0.28B
repeat,14M_seed42_case4_dolma_epoch1_wd1.6_lr1e-3,14m,14000000,1.0,280000000,1,,0.001,1.6,42,7.379150287315473,1602.2279052734375,3478624,True,False,dolma_val_loss/chinchilla_1/14M/14M_seed42_case4_dolma_epoch1_wd1.6_lr1e-3.json,train_0.28B.npy,preprocessed/dolma2-0625/resharded,,,,,OLMo-dolma-0.28B
repeat,14M_seed42_case4_dolma_epoch1_wd0.1_lr3e-3,14m,14000000,1.0,280000000,1,,0.003,0.1,42,6.856714448556248,950.2396850585938,3478624,True,True,dolma_val_loss/chinchilla_1/14M/14M_seed42_case4_dolma_epoch1_wd0.1_lr3e-3.json,train_0.28B.npy,preprocessed/dolma2-0625/resharded,,,,,OLMo-dolma-0.28B
repeat,14M_seed42_case4_dolma_epoch1_wd0.2_lr3e-3,14m,14000000,1.0,280000000,1,,0.003,0.2,42,6.914632782344848,1006.9012451171875,3478624,True,False,dolma_val_loss/chinchilla_1/14M/14M_seed42_case4_dolma_epoch1_wd0.2_lr3e-3.json,train_0.28B.npy,preprocessed/dolma2-0625/resharded,,,,,OLMo-dolma-0.28B
repeat,14M_seed42_case4_dolma_epoch1_wd0.4_lr3e-3,14m,14000000,1.0,280000000,1,,0.003,0.4,42,6.915903065340095,1008.1810913085938,3478624,True,False,dolma_val_loss/chinchilla_1/14M/14M_seed42_case4_dolma_epoch1_wd0.4_lr3e-3.json,train_0.28B.npy,preprocessed/dolma2-0625/resharded,,,,,OLMo-dolma-0.28B
repeat,14M_seed42_case4_dolma_epoch1_wd0.8_lr3e-3,14m,14000000,1.0,280000000,1,,0.003,0.8,42,6.945734998066495,1038.710205078125,3478624,True,False,dolma_val_loss/chinchilla_1/14M/14M_seed42_case4_dolma_epoch1_wd0.8_lr3e-3.json,train_0.28B.npy,preprocessed/dolma2-0625/resharded,,,,,OLMo-dolma-0.28B
repeat,14M_seed42_case4_dolma_epoch1_wd1.6_lr3e-3,14m,14000000,1.0,280000000,1,,0.003,1.6,42,7.034023281929327,1134.586181640625,3478624,True,False,dolma_val_loss/chinchilla_1/14M/14M_seed42_case4_dolma_epoch1_wd1.6_lr3e-3.json,train_0.28B.npy,preprocessed/dolma2-0625/resharded,,,,,OLMo-dolma-0.28B
repeat,14M_seed42_case4_dolma_epoch2_wd0.1_lr1e-4,14m,14000000,1.0,280000000,2,,0.0001,0.1,42,9.284311630188807,10767.7548828125,3478624,True,False,dolma_val_loss/chinchilla_1/14M/14M_seed42_case4_dolma_epoch2_wd0.1_lr1e-4.json,train_0.28B.npy,preprocessed/dolma2-0625/resharded,,,,,OLMo-dolma-0.28B
repeat,14M_seed42_case4_dolma_epoch2_wd0.2_lr1e-4,14m,14000000,1.0,280000000,2,,0.0001,0.2,42,9.287985408487172,10807.3935546875,3478624,True,False,dolma_val_loss/chinchilla_1/14M/14M_seed42_case4_dolma_epoch2_wd0.2_lr1e-4.json,train_0.28B.npy,preprocessed/dolma2-0625/resharded,,,,,OLMo-dolma-0.28B
repeat,14M_seed42_case4_dolma_epoch2_wd0.4_lr1e-4,14m,14000000,1.0,280000000,2,,0.0001,0.4,42,9.295308208275204,10886.8193359375,3478624,True,False,dolma_val_loss/chinchilla_1/14M/14M_seed42_case4_dolma_epoch2_wd0.4_lr1e-4.json,train_0.28B.npy,preprocessed/dolma2-0625/resharded,,,,,OLMo-dolma-0.28B
repeat,14M_seed42_case4_dolma_epoch2_wd0.8_lr1e-4,14m,14000000,1.0,280000000,2,,0.0001,0.8,42,9.310247084648942,11050.681640625,3478624,True,False,dolma_val_loss/chinchilla_1/14M/14M_seed42_case4_dolma_epoch2_wd0.8_lr1e-4.json,train_0.28B.npy,preprocessed/dolma2-0625/resharded,,,,,OLMo-dolma-0.28B
repeat,14M_seed42_case4_dolma_epoch2_wd1.6_lr1e-4,14m,14000000,1.0,280000000,2,,0.0001,1.6,42,9.339525759064953,11379.015625,3478624,True,False,dolma_val_loss/chinchilla_1/14M/14M_seed42_case4_dolma_epoch2_wd1.6_lr1e-4.json,train_0.28B.npy,preprocessed/dolma2-0625/resharded,,,,,OLMo-dolma-0.28B
repeat,14M_seed42_case4_dolma_epoch2_wd0.1_lr3e-4,14m,14000000,1.0,280000000,2,,0.0003,0.1,42,7.585940863455008,1970.2994384765625,3478624,True,False,dolma_val_loss/chinchilla_1/14M/14M_seed42_case4_dolma_epoch2_wd0.1_lr3e-4.json,train_0.28B.npy,preprocessed/dolma2-0625/resharded,,,,,OLMo-dolma-0.28B
repeat,14M_seed42_case4_dolma_epoch2_wd0.2_lr3e-4,14m,14000000,1.0,280000000,2,,0.0003,0.2,42,7.594989031582603,1988.2076416015625,3478624,True,False,dolma_val_loss/chinchilla_1/14M/14M_seed42_case4_dolma_epoch2_wd0.2_lr3e-4.json,train_0.28B.npy,preprocessed/dolma2-0625/resharded,,,,,OLMo-dolma-0.28B
repeat,14M_seed42_case4_dolma_epoch2_wd0.4_lr3e-4,14m,14000000,1.0,280000000,2,,0.0003,0.4,42,7.612861570908003,2024.0618896484375,3478624,True,False,dolma_val_loss/chinchilla_1/14M/14M_seed42_case4_dolma_epoch2_wd0.4_lr3e-4.json,train_0.28B.npy,preprocessed/dolma2-0625/resharded,,,,,OLMo-dolma-0.28B
repeat,14M_seed42_case4_dolma_epoch2_wd0.8_lr3e-4,14m,14000000,1.0,280000000,2,,0.0003,0.8,42,7.648830765681344,2098.191162109375,3478624,True,False,dolma_val_loss/chinchilla_1/14M/14M_seed42_case4_dolma_epoch2_wd0.8_lr3e-4.json,train_0.28B.npy,preprocessed/dolma2-0625/resharded,,,,,OLMo-dolma-0.28B
repeat,14M_seed42_case4_dolma_epoch2_wd1.6_lr3e-4,14m,14000000,1.0,280000000,2,,0.0003,1.6,42,7.7241459898019755,2262.319580078125,3478624,True,False,dolma_val_loss/chinchilla_1/14M/14M_seed42_case4_dolma_epoch2_wd1.6_lr3e-4.json,train_0.28B.npy,preprocessed/dolma2-0625/resharded,,,,,OLMo-dolma-0.28B
repeat,14M_seed42_case4_dolma_epoch2_wd0.1_lr1e-3,14m,14000000,1.0,280000000,2,,0.001,0.1,42,6.3550053510460875,575.3653564453125,3478624,True,False,dolma_val_loss/chinchilla_1/14M/14M_seed42_case4_dolma_epoch2_wd0.1_lr1e-3.json,train_0.28B.npy,preprocessed/dolma2-0625/resharded,,,,,OLMo-dolma-0.28B
repeat,14M_seed42_case4_dolma_epoch2_wd0.2_lr1e-3,14m,14000000,1.0,280000000,2,,0.001,0.2,42,6.362870458966296,579.90869140625,3478624,True,False,dolma_val_loss/chinchilla_1/14M/14M_seed42_case4_dolma_epoch2_wd0.2_lr1e-3.json,train_0.28B.npy,preprocessed/dolma2-0625/resharded,,,,,OLMo-dolma-0.28B
repeat,14M_seed42_case4_dolma_epoch2_wd0.4_lr1e-3,14m,14000000,1.0,280000000,2,,0.001,0.4,42,6.393538038874957,597.9684448242188,3478624,True,False,dolma_val_loss/chinchilla_1/14M/14M_seed42_case4_dolma_epoch2_wd0.4_lr1e-3.json,train_0.28B.npy,preprocessed/dolma2-0625/resharded,,,,,OLMo-dolma-0.28B
repeat,14M_seed42_case4_dolma_epoch2_wd0.8_lr1e-3,14m,14000000,1.0,280000000,2,,0.001,0.8,42,6.4383184339341595,625.354248046875,3478624,True,False,dolma_val_loss/chinchilla_1/14M/14M_seed42_case4_dolma_epoch2_wd0.8_lr1e-3.json,train_0.28B.npy,preprocessed/dolma2-0625/resharded,,,,,OLMo-dolma-0.28B
repeat,14M_seed42_case4_dolma_epoch2_wd1.6_lr1e-3,14m,14000000,1.0,280000000,2,,0.001,1.6,42,6.5401789521618765,692.4103393554688,3478624,True,False,dolma_val_loss/chinchilla_1/14M/14M_seed42_case4_dolma_epoch2_wd1.6_lr1e-3.json,train_0.28B.npy,preprocessed/dolma2-0625/resharded,,,,,OLMo-dolma-0.28B
repeat,14M_seed42_case4_dolma_epoch2_wd0.1_lr3e-3,14m,14000000,1.0,280000000,2,,0.003,0.1,42,6.053240161179077,425.489501953125,3478624,True,True,dolma_val_loss/chinchilla_1/14M/14M_seed42_case4_dolma_epoch2_wd0.1_lr3e-3.json,train_0.28B.npy,preprocessed/dolma2-0625/resharded,,,,,OLMo-dolma-0.28B
repeat,14M_seed42_case4_dolma_epoch2_wd0.2_lr3e-3,14m,14000000,1.0,280000000,2,,0.003,0.2,42,6.141274407055419,464.6453552246094,3478624,True,False,dolma_val_loss/chinchilla_1/14M/14M_seed42_case4_dolma_epoch2_wd0.2_lr3e-3.json,train_0.28B.npy,preprocessed/dolma2-0625/resharded,,,,,OLMo-dolma-0.28B
repeat,14M_seed42_case4_dolma_epoch2_wd0.4_lr3e-3,14m,14000000,1.0,280000000,2,,0.003,0.4,42,6.116249136899434,453.1617431640625,3478624,True,False,dolma_val_loss/chinchilla_1/14M/14M_seed42_case4_dolma_epoch2_wd0.4_lr3e-3.json,train_0.28B.npy,preprocessed/dolma2-0625/resharded,,,,,OLMo-dolma-0.28B
repeat,14M_seed42_case4_dolma_epoch2_wd0.8_lr3e-3,14m,14000000,1.0,280000000,2,,0.003,0.8,42,6.15955119670028,473.2156066894531,3478624,True,False,dolma_val_loss/chinchilla_1/14M/14M_seed42_case4_dolma_epoch2_wd0.8_lr3e-3.json,train_0.28B.npy,preprocessed/dolma2-0625/resharded,,,,,OLMo-dolma-0.28B
repeat,14M_seed42_case4_dolma_epoch2_wd1.6_lr3e-3,14m,14000000,1.0,280000000,2,,0.003,1.6,42,6.354231788257458,574.9205322265625,3478624,True,False,dolma_val_loss/chinchilla_1/14M/14M_seed42_case4_dolma_epoch2_wd1.6_lr3e-3.json,train_0.28B.npy,preprocessed/dolma2-0625/resharded,,,,,OLMo-dolma-0.28B
repeat,14M_seed42_case4_dolma_epoch4_wd0.1_lr1e-4,14m,14000000,1.0,280000000,4,,0.0001,0.1,42,8.11581689966416,3346.9912109375,3478624,True,False,dolma_val_loss/chinchilla_1/14M/14M_seed42_case4_dolma_epoch4_wd0.1_lr1e-4.json,train_0.28B.npy,preprocessed/dolma2-0625/resharded,,,,,OLMo-dolma-0.28B
repeat,14M_seed42_case4_dolma_epoch4_wd0.2_lr1e-4,14m,14000000,1.0,280000000,4,,0.0001,0.2,42,8.123218838901217,3371.855712890625,3478624,True,False,dolma_val_loss/chinchilla_1/14M/14M_seed42_case4_dolma_epoch4_wd0.2_lr1e-4.json,train_0.28B.npy,preprocessed/dolma2-0625/resharded,,,,,OLMo-dolma-0.28B
repeat,14M_seed42_case4_dolma_epoch4_wd0.4_lr1e-4,14m,14000000,1.0,280000000,4,,0.0001,0.4,42,8.13820499384127,3422.76708984375,3478624,True,False,dolma_val_loss/chinchilla_1/14M/14M_seed42_case4_dolma_epoch4_wd0.4_lr1e-4.json,train_0.28B.npy,preprocessed/dolma2-0625/resharded,,,,,OLMo-dolma-0.28B
repeat,14M_seed42_case4_dolma_epoch4_wd0.8_lr1e-4,14m,14000000,1.0,280000000,4,,0.0001,0.8,42,8.169460524410118,3531.4375,3478624,True,False,dolma_val_loss/chinchilla_1/14M/14M_seed42_case4_dolma_epoch4_wd0.8_lr1e-4.json,train_0.28B.npy,preprocessed/dolma2-0625/resharded,,,,,OLMo-dolma-0.28B
repeat,14M_seed42_case4_dolma_epoch4_wd1.6_lr1e-4,14m,14000000,1.0,280000000,4,,0.0001,1.6,42,8.230960074108594,3755.436767578125,3478624,True,False,dolma_val_loss/chinchilla_1/14M/14M_seed42_case4_dolma_epoch4_wd1.6_lr1e-4.json,train_0.28B.npy,preprocessed/dolma2-0625/resharded,,,,,OLMo-dolma-0.28B
repeat,14M_seed42_case4_dolma_epoch4_wd0.1_lr3e-4,14m,14000000,1.0,280000000,4,,0.0003,0.1,42,6.550384060170842,699.5127563476562,3478624,True,False,dolma_val_loss/chinchilla_1/14M/14M_seed42_case4_dolma_epoch4_wd0.1_lr3e-4.json,train_0.28B.npy,preprocessed/dolma2-0625/resharded,,,,,OLMo-dolma-0.28B
repeat,14M_seed42_case4_dolma_epoch4_wd0.2_lr3e-4,14m,14000000,1.0,280000000,4,,0.0003,0.2,42,6.5606405944973005,706.7244262695312,3478624,True,False,dolma_val_loss/chinchilla_1/14M/14M_seed42_case4_dolma_epoch4_wd0.2_lr3e-4.json,train_0.28B.npy,preprocessed/dolma2-0625/resharded,,,,,OLMo-dolma-0.28B
repeat,14M_seed42_case4_dolma_epoch4_wd0.4_lr3e-4,14m,14000000,1.0,280000000,4,,0.0003,0.4,42,6.581107472772909,721.3378295898438,3478624,True,False,dolma_val_loss/chinchilla_1/14M/14M_seed42_case4_dolma_epoch4_wd0.4_lr3e-4.json,train_0.28B.npy,preprocessed/dolma2-0625/resharded,,,,,OLMo-dolma-0.28B
repeat,14M_seed42_case4_dolma_epoch4_wd0.8_lr3e-4,14m,14000000,1.0,280000000,4,,0.0003,0.8,42,6.62254976050471,751.8595581054688,3478624,True,False,dolma_val_loss/chinchilla_1/14M/14M_seed42_case4_dolma_epoch4_wd0.8_lr3e-4.json,train_0.28B.npy,preprocessed/dolma2-0625/resharded,,,,,OLMo-dolma-0.28B
repeat,14M_seed42_case4_dolma_epoch4_wd1.6_lr3e-4,14m,14000000,1.0,280000000,4,,0.0003,1.6,42,6.7182968324791466,827.4072265625,3478624,True,False,dolma_val_loss/chinchilla_1/14M/14M_seed42_case4_dolma_epoch4_wd1.6_lr3e-4.json,train_0.28B.npy,preprocessed/dolma2-0625/resharded,,,,,OLMo-dolma-0.28B
repeat,14M_seed42_case4_dolma_epoch4_wd0.1_lr1e-3,14m,14000000,1.0,280000000,4,,0.001,0.1,42,5.677283852259183,292.15478515625,3478624,True,False,dolma_val_loss/chinchilla_1/14M/14M_seed42_case4_dolma_epoch4_wd0.1_lr1e-3.json,train_0.28B.npy,preprocessed/dolma2-0625/resharded,,,,,OLMo-dolma-0.28B
repeat,14M_seed42_case4_dolma_epoch4_wd0.2_lr1e-3,14m,14000000,1.0,280000000,4,,0.001,0.2,42,5.684819901088337,294.3647766113281,3478624,True,False,dolma_val_loss/chinchilla_1/14M/14M_seed42_case4_dolma_epoch4_wd0.2_lr1e-3.json,train_0.28B.npy,preprocessed/dolma2-0625/resharded,,,,,OLMo-dolma-0.28B
repeat,14M_seed42_case4_dolma_epoch4_wd0.4_lr1e-3,14m,14000000,1.0,280000000,4,,0.001,0.4,42,5.702846291038744,299.7193603515625,3478624,True,False,dolma_val_loss/chinchilla_1/14M/14M_seed42_case4_dolma_epoch4_wd0.4_lr1e-3.json,train_0.28B.npy,preprocessed/dolma2-0625/resharded,,,,,OLMo-dolma-0.28B
repeat,14M_seed42_case4_dolma_epoch4_wd0.8_lr1e-3,14m,14000000,1.0,280000000,4,,0.001,0.8,42,5.7788132585400955,323.375244140625,3478624,True,False,dolma_val_loss/chinchilla_1/14M/14M_seed42_case4_dolma_epoch4_wd0.8_lr1e-3.json,train_0.28B.npy,preprocessed/dolma2-0625/resharded,,,,,OLMo-dolma-0.28B
repeat,14M_seed42_case4_dolma_epoch4_wd1.6_lr1e-3,14m,14000000,1.0,280000000,4,,0.001,1.6,42,5.914976299856863,370.5454406738281,3478624,True,False,dolma_val_loss/chinchilla_1/14M/14M_seed42_case4_dolma_epoch4_wd1.6_lr1e-3.json,train_0.28B.npy,preprocessed/dolma2-0625/resharded,,,,,OLMo-dolma-0.28B
repeat,14M_seed42_case4_dolma_epoch4_wd0.1_lr3e-3,14m,14000000,1.0,280000000,4,,0.003,0.1,42,5.367819461711796,214.39483642578125,3478624,True,False,dolma_val_loss/chinchilla_1/14M/14M_seed42_case4_dolma_epoch4_wd0.1_lr3e-3.json,train_0.28B.npy,preprocessed/dolma2-0625/resharded,,,,,OLMo-dolma-0.28B
repeat,14M_seed42_case4_dolma_epoch4_wd0.2_lr3e-3,14m,14000000,1.0,280000000,4,,0.003,0.2,42,5.352073923496425,211.0455780029297,3478624,True,True,dolma_val_loss/chinchilla_1/14M/14M_seed42_case4_dolma_epoch4_wd0.2_lr3e-3.json,train_0.28B.npy,preprocessed/dolma2-0625/resharded,,,,,OLMo-dolma-0.28B
repeat,14M_seed42_case4_dolma_epoch4_wd0.4_lr3e-3,14m,14000000,1.0,280000000,4,,0.003,0.4,42,5.396417616131003,220.6146697998047,3478624,True,False,dolma_val_loss/chinchilla_1/14M/14M_seed42_case4_dolma_epoch4_wd0.4_lr3e-3.json,train_0.28B.npy,preprocessed/dolma2-0625/resharded,,,,,OLMo-dolma-0.28B
repeat,14M_seed42_case4_dolma_epoch4_wd0.8_lr3e-3,14m,14000000,1.0,280000000,4,,0.003,0.8,42,5.531846892899836,252.61004638671875,3478624,True,False,dolma_val_loss/chinchilla_1/14M/14M_seed42_case4_dolma_epoch4_wd0.8_lr3e-3.json,train_0.28B.npy,preprocessed/dolma2-0625/resharded,,,,,OLMo-dolma-0.28B
repeat,14M_seed42_case4_dolma_epoch4_wd1.6_lr3e-3,14m,14000000,1.0,280000000,4,,0.003,1.6,42,5.743230092306928,312.07073974609375,3478624,True,False,dolma_val_loss/chinchilla_1/14M/14M_seed42_case4_dolma_epoch4_wd1.6_lr3e-3.json,train_0.28B.npy,preprocessed/dolma2-0625/resharded,,,,,OLMo-dolma-0.28B
repeat,14M_seed42_case4_dolma_epoch8_wd1.6_lr1e-4,14m,14000000,1.0,280000000,8,,0.0001,1.6,42,7.115426060072307,1230.807861328125,3478624,True,False,dolma_val_loss/chinchilla_1/14M/14M_seed42_case4_dolma_epoch8_wd1.6_lr1e-4.json,train_0.28B.npy,preprocessed/dolma2-0625/resharded,,,,,OLMo-dolma-0.28B
repeat,14M_seed42_case4_dolma_epoch8_wd1.6_lr3e-4,14m,14000000,1.0,280000000,8,,0.0003,1.6,42,6.0475441466846656,423.07269287109375,3478624,True,False,dolma_val_loss/chinchilla_1/14M/14M_seed42_case4_dolma_epoch8_wd1.6_lr3e-4.json,train_0.28B.npy,preprocessed/dolma2-0625/resharded,,,,,OLMo-dolma-0.28B
repeat,14M_seed42_case4_dolma_epoch8_wd1.6_lr1e-3,14m,14000000,1.0,280000000,8,,0.001,1.6,42,5.457946597604824,234.61521911621094,3478624,True,False,dolma_val_loss/chinchilla_1/14M/14M_seed42_case4_dolma_epoch8_wd1.6_lr1e-3.json,train_0.28B.npy,preprocessed/dolma2-0625/resharded,,,,,OLMo-dolma-0.28B
repeat,14M_seed42_case4_dolma_epoch8_wd0.1_lr3e-3,14m,14000000,1.0,280000000,8,,0.003,0.1,42,4.789287811902242,120.21575164794922,3478624,True,True,dolma_val_loss/chinchilla_1/14M/14M_seed42_case4_dolma_epoch8_wd0.1_lr3e-3.json,train_0.28B.npy,preprocessed/dolma2-0625/resharded,,,,,OLMo-dolma-0.28B
repeat,14M_seed42_case4_dolma_epoch8_wd1.6_lr3e-3,14m,14000000,1.0,280000000,8,,0.003,1.6,42,5.308122913883074,201.97079467773438,3478624,True,False,dolma_val_loss/chinchilla_1/14M/14M_seed42_case4_dolma_epoch8_wd1.6_lr3e-3.json,train_0.28B.npy,preprocessed/dolma2-0625/resharded,,,,,OLMo-dolma-0.28B
repeat,14M_seed42_case4_dolma_epoch16_wd0.1_lr3e-3,14m,14000000,1.0,280000000,16,,0.003,0.1,42,4.46269523362823,86.72091674804688,3478624,True,True,dolma_val_loss/chinchilla_1/14M/14M_seed42_case4_dolma_epoch16_wd0.1_lr3e-3.json,train_0.28B.npy,preprocessed/dolma2-0625/resharded,,,,,OLMo-dolma-0.28B
repeat,14M_seed42_case4_dolma_epoch32_wd0.2_lr3e-3,14m,14000000,1.0,280000000,32,,0.003,0.2,42,4.307565716195137,74.2594985961914,3478624,True,True,dolma_val_loss/chinchilla_1/14M/14M_seed42_case4_dolma_epoch32_wd0.2_lr3e-3.json,train_0.28B.npy,preprocessed/dolma2-0625/resharded,,,,,OLMo-dolma-0.28B
repeat,14M_seed42_case4_dolma_epoch32_wd0.4_lr3e-3,14m,14000000,1.0,280000000,32,,0.003,0.4,42,4.342631405849833,76.9096450805664,3478624,True,False,dolma_val_loss/chinchilla_1/14M/14M_seed42_case4_dolma_epoch32_wd0.4_lr3e-3.json,train_0.28B.npy,preprocessed/dolma2-0625/resharded,,,,,OLMo-dolma-0.28B
repeat,14M_seed42_case4_dolma_epoch32_wd0.8_lr3e-3,14m,14000000,1.0,280000000,32,,0.003,0.8,42,4.491735569035231,89.2762451171875,3478624,True,False,dolma_val_loss/chinchilla_1/14M/14M_seed42_case4_dolma_epoch32_wd0.8_lr3e-3.json,train_0.28B.npy,preprocessed/dolma2-0625/resharded,,,,,OLMo-dolma-0.28B
repeat,14M_seed42_case4_dolma_epoch32_wd1.6_lr3e-3,14m,14000000,1.0,280000000,32,,0.003,1.6,42,4.910525652092991,135.71075439453125,3478624,True,False,dolma_val_loss/chinchilla_1/14M/14M_seed42_case4_dolma_epoch32_wd1.6_lr3e-3.json,train_0.28B.npy,preprocessed/dolma2-0625/resharded,,,,,OLMo-dolma-0.28B
repeat,14M_seed42_case4_dolma_epoch1_wd0.1_lr1e-4,14m,14000000,2.0,560000000,1,,0.0001,0.1,42,9.284829082062826,10773.33203125,3478624,True,False,dolma_val_loss/chinchilla_2/14M/14M_seed42_case4_dolma_epoch1_wd0.1_lr1e-4.json,train_0.56B.npy,preprocessed/dolma2-0625/resharded,,,,,OLMo-dolma-0.56B
repeat,14M_seed42_case4_dolma_epoch1_wd0.2_lr1e-4,14m,14000000,2.0,560000000,1,,0.0001,0.2,42,9.2885266622586,10813.2392578125,3478624,True,False,dolma_val_loss/chinchilla_2/14M/14M_seed42_case4_dolma_epoch1_wd0.2_lr1e-4.json,train_0.56B.npy,preprocessed/dolma2-0625/resharded,,,,,OLMo-dolma-0.56B
repeat,14M_seed42_case4_dolma_epoch1_wd0.4_lr1e-4,14m,14000000,2.0,560000000,1,,0.0001,0.4,42,9.295894203213056,10893.20703125,3478624,True,False,dolma_val_loss/chinchilla_2/14M/14M_seed42_case4_dolma_epoch1_wd0.4_lr1e-4.json,train_0.56B.npy,preprocessed/dolma2-0625/resharded,,,,,OLMo-dolma-0.56B
repeat,14M_seed42_case4_dolma_epoch1_wd0.8_lr1e-4,14m,14000000,2.0,560000000,1,,0.0001,0.8,42,9.310906533362312,11057.966796875,3478624,True,False,dolma_val_loss/chinchilla_2/14M/14M_seed42_case4_dolma_epoch1_wd0.8_lr1e-4.json,train_0.56B.npy,preprocessed/dolma2-0625/resharded,,,,,OLMo-dolma-0.56B
repeat,14M_seed42_case4_dolma_epoch1_wd1.6_lr1e-4,14m,14000000,2.0,560000000,1,,0.0001,1.6,42,9.340169489009204,11386.3427734375,3478624,True,False,dolma_val_loss/chinchilla_2/14M/14M_seed42_case4_dolma_epoch1_wd1.6_lr1e-4.json,train_0.56B.npy,preprocessed/dolma2-0625/resharded,,,,,OLMo-dolma-0.56B
repeat,14M_seed42_case4_dolma_epoch1_wd0.1_lr3e-4,14m,14000000,2.0,560000000,1,,0.0003,0.1,42,7.579700994835036,1958.0433349609375,3478624,True,False,dolma_val_loss/chinchilla_2/14M/14M_seed42_case4_dolma_epoch1_wd0.1_lr3e-4.json,train_0.56B.npy,preprocessed/dolma2-0625/resharded,,,,,OLMo-dolma-0.56B
repeat,14M_seed42_case4_dolma_epoch1_wd0.2_lr3e-4,14m,14000000,2.0,560000000,1,,0.0003,0.2,42,7.588758160997846,1975.85791015625,3478624,True,False,dolma_val_loss/chinchilla_2/14M/14M_seed42_case4_dolma_epoch1_wd0.2_lr3e-4.json,train_0.56B.npy,preprocessed/dolma2-0625/resharded,,,,,OLMo-dolma-0.56B
repeat,14M_seed42_case4_dolma_epoch1_wd0.4_lr3e-4,14m,14000000,2.0,560000000,1,,0.0003,0.4,42,7.6068927739942485,2012.0162353515625,3478624,True,False,dolma_val_loss/chinchilla_2/14M/14M_seed42_case4_dolma_epoch1_wd0.4_lr3e-4.json,train_0.56B.npy,preprocessed/dolma2-0625/resharded,,,,,OLMo-dolma-0.56B
repeat,14M_seed42_case4_dolma_epoch1_wd0.8_lr3e-4,14m,14000000,2.0,560000000,1,,0.0003,0.8,42,7.644079880429868,2088.245849609375,3478624,True,False,dolma_val_loss/chinchilla_2/14M/14M_seed42_case4_dolma_epoch1_wd0.8_lr3e-4.json,train_0.56B.npy,preprocessed/dolma2-0625/resharded,,,,,OLMo-dolma-0.56B
repeat,14M_seed42_case4_dolma_epoch1_wd1.6_lr3e-4,14m,14000000,2.0,560000000,1,,0.0003,1.6,42,7.718902582416343,2250.488525390625,3478624,True,False,dolma_val_loss/chinchilla_2/14M/14M_seed42_case4_dolma_epoch1_wd1.6_lr3e-4.json,train_0.56B.npy,preprocessed/dolma2-0625/resharded,,,,,OLMo-dolma-0.56B
repeat,14M_seed42_case4_dolma_epoch1_wd0.1_lr1e-3,14m,14000000,2.0,560000000,1,,0.001,0.1,42,6.3523119446461624,573.81787109375,3478624,True,False,dolma_val_loss/chinchilla_2/14M/14M_seed42_case4_dolma_epoch1_wd0.1_lr1e-3.json,train_0.56B.npy,preprocessed/dolma2-0625/resharded,,,,,OLMo-dolma-0.56B
repeat,14M_seed42_case4_dolma_epoch1_wd0.2_lr1e-3,14m,14000000,2.0,560000000,1,,0.001,0.2,42,6.354913375177786,575.3124389648438,3478624,True,False,dolma_val_loss/chinchilla_2/14M/14M_seed42_case4_dolma_epoch1_wd0.2_lr1e-3.json,train_0.56B.npy,preprocessed/dolma2-0625/resharded,,,,,OLMo-dolma-0.56B
repeat,14M_seed42_case4_dolma_epoch1_wd0.4_lr1e-3,14m,14000000,2.0,560000000,1,,0.001,0.4,42,6.382058258338777,591.1431274414062,3478624,True,False,dolma_val_loss/chinchilla_2/14M/14M_seed42_case4_dolma_epoch1_wd0.4_lr1e-3.json,train_0.56B.npy,preprocessed/dolma2-0625/resharded,,,,,OLMo-dolma-0.56B
repeat,14M_seed42_case4_dolma_epoch1_wd0.8_lr1e-3,14m,14000000,2.0,560000000,1,,0.001,0.8,42,6.445094530653949,629.606201171875,3478624,True,False,dolma_val_loss/chinchilla_2/14M/14M_seed42_case4_dolma_epoch1_wd0.8_lr1e-3.json,train_0.56B.npy,preprocessed/dolma2-0625/resharded,,,,,OLMo-dolma-0.56B
repeat,14M_seed42_case4_dolma_epoch1_wd1.6_lr1e-3,14m,14000000,2.0,560000000,1,,0.001,1.6,42,6.543350150876939,694.6098022460938,3478624,True,False,dolma_val_loss/chinchilla_2/14M/14M_seed42_case4_dolma_epoch1_wd1.6_lr1e-3.json,train_0.56B.npy,preprocessed/dolma2-0625/resharded,,,,,OLMo-dolma-0.56B
repeat,14M_seed42_case4_dolma_epoch1_wd0.1_lr3e-3,14m,14000000,2.0,560000000,1,,0.003,0.1,42,6.00818412051068,406.7439880371094,3478624,True,True,dolma_val_loss/chinchilla_2/14M/14M_seed42_case4_dolma_epoch1_wd0.1_lr3e-3.json,train_0.56B.npy,preprocessed/dolma2-0625/resharded,,,,,OLMo-dolma-0.56B
repeat,14M_seed42_case4_dolma_epoch1_wd0.2_lr3e-3,14m,14000000,2.0,560000000,1,,0.003,0.2,42,6.095310613787008,443.77191162109375,3478624,True,False,dolma_val_loss/chinchilla_2/14M/14M_seed42_case4_dolma_epoch1_wd0.2_lr3e-3.json,train_0.56B.npy,preprocessed/dolma2-0625/resharded,,,,,OLMo-dolma-0.56B
repeat,14M_seed42_case4_dolma_epoch1_wd0.4_lr3e-3,14m,14000000,2.0,560000000,1,,0.003,0.4,42,6.066101945191053,430.99737548828125,3478624,True,False,dolma_val_loss/chinchilla_2/14M/14M_seed42_case4_dolma_epoch1_wd0.4_lr3e-3.json,train_0.56B.npy,preprocessed/dolma2-0625/resharded,,,,,OLMo-dolma-0.56B
repeat,14M_seed42_case4_dolma_epoch1_wd0.8_lr3e-3,14m,14000000,2.0,560000000,1,,0.003,0.8,42,6.202390865657297,493.928466796875,3478624,True,False,dolma_val_loss/chinchilla_2/14M/14M_seed42_case4_dolma_epoch1_wd0.8_lr3e-3.json,train_0.56B.npy,preprocessed/dolma2-0625/resharded,,,,,OLMo-dolma-0.56B
repeat,14M_seed42_case4_dolma_epoch1_wd1.6_lr3e-3,14m,14000000,2.0,560000000,1,,0.003,1.6,42,6.302680680575181,546.0335693359375,3478624,True,False,dolma_val_loss/chinchilla_2/14M/14M_seed42_case4_dolma_epoch1_wd1.6_lr3e-3.json,train_0.56B.npy,preprocessed/dolma2-0625/resharded,,,,,OLMo-dolma-0.56B
repeat,14M_seed42_case4_dolma_epoch2_wd0.1_lr1e-4,14m,14000000,2.0,560000000,2,,0.0001,0.1,42,8.117547568091265,3352.78955078125,3478624,True,False,dolma_val_loss/chinchilla_2/14M/14M_seed42_case4_dolma_epoch2_wd0.1_lr1e-4.json,train_0.56B.npy,preprocessed/dolma2-0625/resharded,,,,,OLMo-dolma-0.56B
repeat,14M_seed42_case4_dolma_epoch2_wd0.2_lr1e-4,14m,14000000,2.0,560000000,2,,0.0001,0.2,42,8.125090017128091,3378.170654296875,3478624,True,False,dolma_val_loss/chinchilla_2/14M/14M_seed42_case4_dolma_epoch2_wd0.2_lr1e-4.json,train_0.56B.npy,preprocessed/dolma2-0625/resharded,,,,,OLMo-dolma-0.56B
repeat,14M_seed42_case4_dolma_epoch2_wd0.4_lr1e-4,14m,14000000,2.0,560000000,2,,0.0001,0.4,42,8.140490022593838,3430.596923828125,3478624,True,False,dolma_val_loss/chinchilla_2/14M/14M_seed42_case4_dolma_epoch2_wd0.4_lr1e-4.json,train_0.56B.npy,preprocessed/dolma2-0625/resharded,,,,,OLMo-dolma-0.56B
repeat,14M_seed42_case4_dolma_epoch2_wd0.8_lr1e-4,14m,14000000,2.0,560000000,2,,0.0001,0.8,42,8.171339824085257,3538.081787109375,3478624,True,False,dolma_val_loss/chinchilla_2/14M/14M_seed42_case4_dolma_epoch2_wd0.8_lr1e-4.json,train_0.56B.npy,preprocessed/dolma2-0625/resharded,,,,,OLMo-dolma-0.56B
repeat,14M_seed42_case4_dolma_epoch2_wd1.6_lr1e-4,14m,14000000,2.0,560000000,2,,0.0001,1.6,42,8.23272987705479,3762.08984375,3478624,True,False,dolma_val_loss/chinchilla_2/14M/14M_seed42_case4_dolma_epoch2_wd1.6_lr1e-4.json,train_0.56B.npy,preprocessed/dolma2-0625/resharded,,,,,OLMo-dolma-0.56B
repeat,14M_seed42_case4_dolma_epoch2_wd0.1_lr3e-4,14m,14000000,2.0,560000000,2,,0.0003,0.1,42,6.547414579062233,697.4387817382812,3478624,True,False,dolma_val_loss/chinchilla_2/14M/14M_seed42_case4_dolma_epoch2_wd0.1_lr3e-4.json,train_0.56B.npy,preprocessed/dolma2-0625/resharded,,,,,OLMo-dolma-0.56B
repeat,14M_seed42_case4_dolma_epoch2_wd0.2_lr3e-4,14m,14000000,2.0,560000000,2,,0.0003,0.2,42,6.55815066224652,704.9668579101562,3478624,True,False,dolma_val_loss/chinchilla_2/14M/14M_seed42_case4_dolma_epoch2_wd0.2_lr3e-4.json,train_0.56B.npy,preprocessed/dolma2-0625/resharded,,,,,OLMo-dolma-0.56B
repeat,14M_seed42_case4_dolma_epoch2_wd0.4_lr3e-4,14m,14000000,2.0,560000000,2,,0.0003,0.4,42,6.57782354694106,718.972900390625,3478624,True,False,dolma_val_loss/chinchilla_2/14M/14M_seed42_case4_dolma_epoch2_wd0.4_lr3e-4.json,train_0.56B.npy,preprocessed/dolma2-0625/resharded,,,,,OLMo-dolma-0.56B
repeat,14M_seed42_case4_dolma_epoch2_wd0.8_lr3e-4,14m,14000000,2.0,560000000,2,,0.0003,0.8,42,6.620705200623148,750.47412109375,3478624,True,False,dolma_val_loss/chinchilla_2/14M/14M_seed42_case4_dolma_epoch2_wd0.8_lr3e-4.json,train_0.56B.npy,preprocessed/dolma2-0625/resharded,,,,,OLMo-dolma-0.56B
repeat,14M_seed42_case4_dolma_epoch2_wd1.6_lr3e-4,14m,14000000,2.0,560000000,2,,0.0003,1.6,42,6.718865864582204,827.8780517578125,3478624,True,False,dolma_val_loss/chinchilla_2/14M/14M_seed42_case4_dolma_epoch2_wd1.6_lr3e-4.json,train_0.56B.npy,preprocessed/dolma2-0625/resharded,,,,,OLMo-dolma-0.56B
repeat,14M_seed42_case4_dolma_epoch2_wd0.1_lr1e-3,14m,14000000,2.0,560000000,2,,0.001,0.1,42,5.664636613921149,288.4831237792969,3478624,True,False,dolma_val_loss/chinchilla_2/14M/14M_seed42_case4_dolma_epoch2_wd0.1_lr1e-3.json,train_0.56B.npy,preprocessed/dolma2-0625/resharded,,,,,OLMo-dolma-0.56B
repeat,14M_seed42_case4_dolma_epoch2_wd0.2_lr1e-3,14m,14000000,2.0,560000000,2,,0.001,0.2,42,5.66935854695842,289.8486022949219,3478624,True,False,dolma_val_loss/chinchilla_2/14M/14M_seed42_case4_dolma_epoch2_wd0.2_lr1e-3.json,train_0.56B.npy,preprocessed/dolma2-0625/resharded,,,,,OLMo-dolma-0.56B
repeat,14M_seed42_case4_dolma_epoch2_wd0.4_lr1e-3,14m,14000000,2.0,560000000,2,,0.001,0.4,42,5.6975702273151185,298.1421203613281,3478624,True,False,dolma_val_loss/chinchilla_2/14M/14M_seed42_case4_dolma_epoch2_wd0.4_lr1e-3.json,train_0.56B.npy,preprocessed/dolma2-0625/resharded,,,,,OLMo-dolma-0.56B
repeat,14M_seed42_case4_dolma_epoch2_wd0.8_lr1e-3,14m,14000000,2.0,560000000,2,,0.001,0.8,42,5.760779822136008,317.5959167480469,3478624,True,False,dolma_val_loss/chinchilla_2/14M/14M_seed42_case4_dolma_epoch2_wd0.8_lr1e-3.json,train_0.56B.npy,preprocessed/dolma2-0625/resharded,,,,,OLMo-dolma-0.56B
repeat,14M_seed42_case4_dolma_epoch2_wd1.6_lr1e-3,14m,14000000,2.0,560000000,2,,0.001,1.6,42,5.9064751864850376,367.4087829589844,3478624,True,False,dolma_val_loss/chinchilla_2/14M/14M_seed42_case4_dolma_epoch2_wd1.6_lr1e-3.json,train_0.56B.npy,preprocessed/dolma2-0625/resharded,,,,,OLMo-dolma-0.56B
repeat,14M_seed42_case4_dolma_epoch2_wd0.1_lr3e-3,14m,14000000,2.0,560000000,2,,0.003,0.1,42,5.308081159849861,201.9623260498047,3478624,True,True,dolma_val_loss/chinchilla_2/14M/14M_seed42_case4_dolma_epoch2_wd0.1_lr3e-3.json,train_0.56B.npy,preprocessed/dolma2-0625/resharded,,,,,OLMo-dolma-0.56B
repeat,14M_seed42_case4_dolma_epoch2_wd0.2_lr3e-3,14m,14000000,2.0,560000000,2,,0.003,0.2,42,5.349707215859633,210.546630859375,3478624,True,False,dolma_val_loss/chinchilla_2/14M/14M_seed42_case4_dolma_epoch2_wd0.2_lr3e-3.json,train_0.56B.npy,preprocessed/dolma2-0625/resharded,,,,,OLMo-dolma-0.56B
repeat,14M_seed42_case4_dolma_epoch2_wd0.4_lr3e-3,14m,14000000,2.0,560000000,2,,0.003,0.4,42,5.378375031429678,216.66990661621094,3478624,True,False,dolma_val_loss/chinchilla_2/14M/14M_seed42_case4_dolma_epoch2_wd0.4_lr3e-3.json,train_0.56B.npy,preprocessed/dolma2-0625/resharded,,,,,OLMo-dolma-0.56B
repeat,14M_seed42_case4_dolma_epoch2_wd0.8_lr3e-3,14m,14000000,2.0,560000000,2,,0.003,0.8,42,5.483327454590792,240.64610290527344,3478624,True,False,dolma_val_loss/chinchilla_2/14M/14M_seed42_case4_dolma_epoch2_wd0.8_lr3e-3.json,train_0.56B.npy,preprocessed/dolma2-0625/resharded,,,,,OLMo-dolma-0.56B
repeat,14M_seed42_case4_dolma_epoch2_wd1.6_lr3e-3,14m,14000000,2.0,560000000,2,,0.003,1.6,42,5.7018806314135455,299.429931640625,3478624,True,False,dolma_val_loss/chinchilla_2/14M/14M_seed42_case4_dolma_epoch2_wd1.6_lr3e-3.json,train_0.56B.npy,preprocessed/dolma2-0625/resharded,,,,,OLMo-dolma-0.56B
repeat,14M_seed42_case4_dolma_epoch4_wd0.1_lr1e-4,14m,14000000,2.0,560000000,4,,0.0001,0.1,42,6.943062974352431,1035.938232421875,3478624,True,False,dolma_val_loss/chinchilla_2/14M/14M_seed42_case4_dolma_epoch4_wd0.1_lr1e-4.json,train_0.56B.npy,preprocessed/dolma2-0625/resharded,,,,,OLMo-dolma-0.56B
repeat,14M_seed42_case4_dolma_epoch4_wd0.2_lr1e-4,14m,14000000,2.0,560000000,4,,0.0001,0.2,42,6.954143219820898,1047.48046875,3478624,True,False,dolma_val_loss/chinchilla_2/14M/14M_seed42_case4_dolma_epoch4_wd0.2_lr1e-4.json,train_0.56B.npy,preprocessed/dolma2-0625/resharded,,,,,OLMo-dolma-0.56B
repeat,14M_seed42_case4_dolma_epoch4_wd0.4_lr1e-4,14m,14000000,2.0,560000000,4,,0.0001,0.4,42,6.975278674192547,1069.85546875,3478624,True,False,dolma_val_loss/chinchilla_2/14M/14M_seed42_case4_dolma_epoch4_wd0.4_lr1e-4.json,train_0.56B.npy,preprocessed/dolma2-0625/resharded,,,,,OLMo-dolma-0.56B
repeat,14M_seed42_case4_dolma_epoch4_wd0.8_lr1e-4,14m,14000000,2.0,560000000,4,,0.0001,0.8,42,7.0195672672664085,1118.3028564453125,3478624,True,False,dolma_val_loss/chinchilla_2/14M/14M_seed42_case4_dolma_epoch4_wd0.8_lr1e-4.json,train_0.56B.npy,preprocessed/dolma2-0625/resharded,,,,,OLMo-dolma-0.56B
repeat,14M_seed42_case4_dolma_epoch4_wd1.6_lr1e-4,14m,14000000,2.0,560000000,4,,0.0001,1.6,42,7.115320630594526,1230.67822265625,3478624,True,False,dolma_val_loss/chinchilla_2/14M/14M_seed42_case4_dolma_epoch4_wd1.6_lr1e-4.json,train_0.56B.npy,preprocessed/dolma2-0625/resharded,,,,,OLMo-dolma-0.56B
repeat,14M_seed42_case4_dolma_epoch4_wd0.1_lr3e-4,14m,14000000,2.0,560000000,4,,0.0003,0.1,42,5.879860735983987,357.75946044921875,3478624,True,False,dolma_val_loss/chinchilla_2/14M/14M_seed42_case4_dolma_epoch4_wd0.1_lr3e-4.json,train_0.56B.npy,preprocessed/dolma2-0625/resharded,,,,,OLMo-dolma-0.56B
repeat,14M_seed42_case4_dolma_epoch4_wd0.2_lr3e-4,14m,14000000,2.0,560000000,4,,0.0003,0.2,42,5.891023464003386,361.7754211425781,3478624,True,False,dolma_val_loss/chinchilla_2/14M/14M_seed42_case4_dolma_epoch4_wd0.2_lr3e-4.json,train_0.56B.npy,preprocessed/dolma2-0625/resharded,,,,,OLMo-dolma-0.56B
repeat,14M_seed42_case4_dolma_epoch4_wd0.4_lr3e-4,14m,14000000,2.0,560000000,4,,0.0003,0.4,42,5.910360998463738,368.8392028808594,3478624,True,False,dolma_val_loss/chinchilla_2/14M/14M_seed42_case4_dolma_epoch4_wd0.4_lr3e-4.json,train_0.56B.npy,preprocessed/dolma2-0625/resharded,,,,,OLMo-dolma-0.56B
repeat,14M_seed42_case4_dolma_epoch4_wd0.8_lr3e-4,14m,14000000,2.0,560000000,4,,0.0003,0.8,42,5.951932144687903,384.4954528808594,3478624,True,False,dolma_val_loss/chinchilla_2/14M/14M_seed42_case4_dolma_epoch4_wd0.8_lr3e-4.json,train_0.56B.npy,preprocessed/dolma2-0625/resharded,,,,,OLMo-dolma-0.56B
repeat,14M_seed42_case4_dolma_epoch4_wd1.6_lr3e-4,14m,14000000,2.0,560000000,4,,0.0003,1.6,42,6.049127169515226,423.74298095703125,3478624,True,False,dolma_val_loss/chinchilla_2/14M/14M_seed42_case4_dolma_epoch4_wd1.6_lr3e-4.json,train_0.56B.npy,preprocessed/dolma2-0625/resharded,,,,,OLMo-dolma-0.56B
repeat,14M_seed42_case4_dolma_epoch4_wd0.1_lr1e-3,14m,14000000,2.0,560000000,4,,0.001,0.1,42,5.122952751248029,167.83023071289062,3478624,True,False,dolma_val_loss/chinchilla_2/14M/14M_seed42_case4_dolma_epoch4_wd0.1_lr1e-3.json,train_0.56B.npy,preprocessed/dolma2-0625/resharded,,,,,OLMo-dolma-0.56B
repeat,14M_seed42_case4_dolma_epoch4_wd0.2_lr1e-3,14m,14000000,2.0,560000000,4,,0.001,0.2,42,5.13560667740409,169.96742248535156,3478624,True,False,dolma_val_loss/chinchilla_2/14M/14M_seed42_case4_dolma_epoch4_wd0.2_lr1e-3.json,train_0.56B.npy,preprocessed/dolma2-0625/resharded,,,,,OLMo-dolma-0.56B
repeat,14M_seed42_case4_dolma_epoch4_wd0.4_lr1e-3,14m,14000000,2.0,560000000,4,,0.001,0.4,42,5.156217030926102,173.50685119628906,3478624,True,False,dolma_val_loss/chinchilla_2/14M/14M_seed42_case4_dolma_epoch4_wd0.4_lr1e-3.json,train_0.56B.npy,preprocessed/dolma2-0625/resharded,,,,,OLMo-dolma-0.56B
repeat,14M_seed42_case4_dolma_epoch4_wd0.8_lr1e-3,14m,14000000,2.0,560000000,4,,0.001,0.8,42,5.2444833137899405,189.5178985595703,3478624,True,False,dolma_val_loss/chinchilla_2/14M/14M_seed42_case4_dolma_epoch4_wd0.8_lr1e-3.json,train_0.56B.npy,preprocessed/dolma2-0625/resharded,,,,,OLMo-dolma-0.56B
repeat,14M_seed42_case4_dolma_epoch4_wd1.6_lr1e-3,14m,14000000,2.0,560000000,4,,0.001,1.6,42,5.482511237881209,240.44972229003906,3478624,True,False,dolma_val_loss/chinchilla_2/14M/14M_seed42_case4_dolma_epoch4_wd1.6_lr1e-3.json,train_0.56B.npy,preprocessed/dolma2-0625/resharded,,,,,OLMo-dolma-0.56B
repeat,14M_seed42_case4_dolma_epoch4_wd0.1_lr3e-3,14m,14000000,2.0,560000000,4,,0.003,0.1,42,4.744552409475521,114.95636749267578,3478624,True,True,dolma_val_loss/chinchilla_2/14M/14M_seed42_case4_dolma_epoch4_wd0.1_lr3e-3.json,train_0.56B.npy,preprocessed/dolma2-0625/resharded,,,,,OLMo-dolma-0.56B
repeat,14M_seed42_case4_dolma_epoch4_wd0.2_lr3e-3,14m,14000000,2.0,560000000,4,,0.003,0.2,42,4.8592784823024,128.93116760253906,3478624,True,False,dolma_val_loss/chinchilla_2/14M/14M_seed42_case4_dolma_epoch4_wd0.2_lr3e-3.json,train_0.56B.npy,preprocessed/dolma2-0625/resharded,,,,,OLMo-dolma-0.56B
repeat,14M_seed42_case4_dolma_epoch4_wd0.4_lr3e-3,14m,14000000,2.0,560000000,4,,0.003,0.4,42,4.754124636163497,116.06201171875,3478624,True,False,dolma_val_loss/chinchilla_2/14M/14M_seed42_case4_dolma_epoch4_wd0.4_lr3e-3.json,train_0.56B.npy,preprocessed/dolma2-0625/resharded,,,,,OLMo-dolma-0.56B
repeat,14M_seed42_case4_dolma_epoch4_wd0.8_lr3e-3,14m,14000000,2.0,560000000,4,,0.003,0.8,42,4.909219006109371,135.5334930419922,3478624,True,False,dolma_val_loss/chinchilla_2/14M/14M_seed42_case4_dolma_epoch4_wd0.8_lr3e-3.json,train_0.56B.npy,preprocessed/dolma2-0625/resharded,,,,,OLMo-dolma-0.56B
repeat,14M_seed42_case4_dolma_epoch4_wd1.6_lr3e-3,14m,14000000,2.0,560000000,4,,0.003,1.6,42,5.26780204952267,193.98915100097656,3478624,True,False,dolma_val_loss/chinchilla_2/14M/14M_seed42_case4_dolma_epoch4_wd1.6_lr3e-3.json,train_0.56B.npy,preprocessed/dolma2-0625/resharded,,,,,OLMo-dolma-0.56B
repeat,14M_seed42_case4_dolma_epoch8_wd0.1_lr3e-3,14m,14000000,2.0,560000000,8,,0.003,0.1,42,4.408740542071758,82.16590881347656,3478624,True,True,dolma_val_loss/chinchilla_2/14M/14M_seed42_case4_dolma_epoch8_wd0.1_lr3e-3.json,train_0.56B.npy,preprocessed/dolma2-0625/resharded,,,,,OLMo-dolma-0.56B
repeat,14M_seed42_case4_dolma_epoch16_wd0.1_lr3e-3,14m,14000000,2.0,560000000,16,,0.003,0.1,42,4.237905429170997,69.26262664794922,3478624,True,True,dolma_val_loss/chinchilla_2/14M/14M_seed42_case4_dolma_epoch16_wd0.1_lr3e-3.json,train_0.56B.npy,preprocessed/dolma2-0625/resharded,,,,,OLMo-dolma-0.56B
repeat,14M_seed42_case4_dolma_epoch32_wd0.2_lr3e-3,14m,14000000,2.0,560000000,32,,0.003,0.2,42,4.18149042487889,65.46334838867188,3478624,True,True,dolma_val_loss/chinchilla_2/14M/14M_seed42_case4_dolma_epoch32_wd0.2_lr3e-3.json,train_0.56B.npy,preprocessed/dolma2-0625/resharded,,,,,OLMo-dolma-0.56B
repeat,14M_seed42_case4_dolma_epoch32_wd0.4_lr3e-3,14m,14000000,2.0,560000000,32,,0.003,0.4,42,4.201236169529716,66.7688217163086,3478624,True,False,dolma_val_loss/chinchilla_2/14M/14M_seed42_case4_dolma_epoch32_wd0.4_lr3e-3.json,train_0.56B.npy,preprocessed/dolma2-0625/resharded,,,,,OLMo-dolma-0.56B
repeat,14M_seed42_case4_dolma_epoch32_wd0.8_lr3e-3,14m,14000000,2.0,560000000,32,,0.003,0.8,42,4.36830567571851,78.90982055664062,3478624,True,False,dolma_val_loss/chinchilla_2/14M/14M_seed42_case4_dolma_epoch32_wd0.8_lr3e-3.json,train_0.56B.npy,preprocessed/dolma2-0625/resharded,,,,,OLMo-dolma-0.56B
repeat,14M_seed42_case4_dolma_epoch32_wd1.6_lr3e-3,14m,14000000,2.0,560000000,32,,0.003,1.6,42,4.701192926351434,110.07839965820312,3478624,True,False,dolma_val_loss/chinchilla_2/14M/14M_seed42_case4_dolma_epoch32_wd1.6_lr3e-3.json,train_0.56B.npy,preprocessed/dolma2-0625/resharded,,,,,OLMo-dolma-0.56B
repeat,14M_seed42_case4_dolma_epoch1_wd0.1_lr3e-3,14m,14000000,4.0,1120000000,1,,0.003,0.1,42,5.307513935874074,201.84774780273438,3478624,True,True,dolma_val_loss/chinchilla_4/14M/14M_seed42_case4_dolma_epoch1_wd0.1_lr3e-3.json,train_1.12B.npy,preprocessed/dolma2-0625/resharded,,,,,OLMo-dolma-1.12B
repeat,14M_seed42_case4_dolma_epoch2_wd0.1_lr3e-3,14m,14000000,4.0,1120000000,2,,0.003,0.1,42,4.700721483571768,110.02650451660156,3478624,True,True,dolma_val_loss/chinchilla_4/14M/14M_seed42_case4_dolma_epoch2_wd0.1_lr3e-3.json,train_1.12B.npy,preprocessed/dolma2-0625/resharded,,,,,OLMo-dolma-1.12B
repeat,14M_seed42_case4_dolma_epoch4_wd0.1_lr3e-3,14m,14000000,4.0,1120000000,4,,0.003,0.1,42,4.408174746462475,82.11941528320312,3478624,True,True,dolma_val_loss/chinchilla_4/14M/14M_seed42_case4_dolma_epoch4_wd0.1_lr3e-3.json,train_1.12B.npy,preprocessed/dolma2-0625/resharded,,,,,OLMo-dolma-1.12B
repeat,14M_seed42_case4_dolma_epoch8_wd0.1_lr3e-3,14m,14000000,4.0,1120000000,8,,0.003,0.1,42,4.222801738518885,68.22435760498047,3478624,True,True,dolma_val_loss/chinchilla_4/14M/14M_seed42_case4_dolma_epoch8_wd0.1_lr3e-3.json,train_1.12B.npy,preprocessed/dolma2-0625/resharded,,,,,OLMo-dolma-1.12B
repeat,14M_seed42_case4_dolma_epoch16_wd0.1_lr3e-3,14m,14000000,4.0,1120000000,16,,0.003,0.1,42,4.110940105716122,61.004032135009766,3478624,True,True,dolma_val_loss/chinchilla_4/14M/14M_seed42_case4_dolma_epoch16_wd0.1_lr3e-3.json,train_1.12B.npy,preprocessed/dolma2-0625/resharded,,,,,OLMo-dolma-1.12B
repeat,14M_seed42_case4_dolma_epoch1_wd0.1_lr3e-3,14m,14000000,8.0,2240000000,1,,0.003,0.1,42,4.732874255417358,113.62168884277344,3478624,True,True,dolma_val_loss/chinchilla_8/14M/14M_seed42_case4_dolma_epoch1_wd0.1_lr3e-3.json,train_2.24B.npy,preprocessed/dolma2-0625/resharded,,,,,OLMo-dolma-2.24B
repeat,14M_seed42_case4_dolma_epoch2_wd0.1_lr3e-3,14m,14000000,8.0,2240000000,2,,0.003,0.1,42,4.3908838404056505,80.71173095703125,3478624,True,True,dolma_val_loss/chinchilla_8/14M/14M_seed42_case4_dolma_epoch2_wd0.1_lr3e-3.json,train_2.24B.npy,preprocessed/dolma2-0625/resharded,,,,,OLMo-dolma-2.24B
repeat,14M_seed42_case4_dolma_epoch4_wd0.1_lr3e-3,14m,14000000,8.0,2240000000,4,,0.003,0.1,42,4.224789964544889,68.36015319824219,3478624,True,True,dolma_val_loss/chinchilla_8/14M/14M_seed42_case4_dolma_epoch4_wd0.1_lr3e-3.json,train_2.24B.npy,preprocessed/dolma2-0625/resharded,,,,,OLMo-dolma-2.24B
repeat,14M_seed42_case4_dolma_epoch8_wd0.1_lr3e-3,14m,14000000,8.0,2240000000,8,,0.003,0.1,42,4.093416069429613,59.9443244934082,3478624,True,True,dolma_val_loss/chinchilla_8/14M/14M_seed42_case4_dolma_epoch8_wd0.1_lr3e-3.json,train_2.24B.npy,preprocessed/dolma2-0625/resharded,,,,,OLMo-dolma-2.24B
repeat,14M_seed42_case4_dolma_epoch16_wd0.1_lr3e-3,14m,14000000,8.0,2240000000,16,,0.003,0.1,42,4.038886326095192,56.76310348510742,3478624,True,True,dolma_val_loss/chinchilla_8/14M/14M_seed42_case4_dolma_epoch16_wd0.1_lr3e-3.json,train_2.24B.npy,preprocessed/dolma2-0625/resharded,,,,,OLMo-dolma-2.24B
repeat,30M_seed42_case4_dolma_epoch1_wd0.1_lr1e-4,30m,30000000,0.05,30000000,1,,0.0001,0.1,42,11.074674276602218,64516.390625,13279917,True,False,dolma_val_loss/chinchilla_0.05/30M/30M_seed42_case4_dolma_epoch1_wd0.1_lr1e-4.json,train_0.03B.npy,preprocessed/dolma2-0625/resharded,,,,,OLMo-dolma-0.03B
repeat,30M_seed42_case4_dolma_epoch1_wd0.2_lr1e-4,30m,30000000,0.05,30000000,1,,0.0001,0.2,42,11.074718455006863,64519.22265625,13279917,True,False,dolma_val_loss/chinchilla_0.05/30M/30M_seed42_case4_dolma_epoch1_wd0.2_lr1e-4.json,train_0.03B.npy,preprocessed/dolma2-0625/resharded,,,,,OLMo-dolma-0.03B
repeat,30M_seed42_case4_dolma_epoch1_wd0.4_lr1e-4,30m,30000000,0.05,30000000,1,,0.0001,0.4,42,11.074820459362387,64525.8046875,13279917,True,False,dolma_val_loss/chinchilla_0.05/30M/30M_seed42_case4_dolma_epoch1_wd0.4_lr1e-4.json,train_0.03B.npy,preprocessed/dolma2-0625/resharded,,,,,OLMo-dolma-0.03B
repeat,30M_seed42_case4_dolma_epoch1_wd0.8_lr1e-4,30m,30000000,0.05,30000000,1,,0.0001,0.8,42,11.074991728758075,64536.8828125,13279917,True,False,dolma_val_loss/chinchilla_0.05/30M/30M_seed42_case4_dolma_epoch1_wd0.8_lr1e-4.json,train_0.03B.npy,preprocessed/dolma2-0625/resharded,,,,,OLMo-dolma-0.03B
repeat,30M_seed42_case4_dolma_epoch1_wd1.6_lr1e-4,30m,30000000,0.05,30000000,1,,0.0001,1.6,42,11.075381255500787,64562.0,13279917,True,False,dolma_val_loss/chinchilla_0.05/30M/30M_seed42_case4_dolma_epoch1_wd1.6_lr1e-4.json,train_0.03B.npy,preprocessed/dolma2-0625/resharded,,,,,OLMo-dolma-0.03B
repeat,30M_seed42_case4_dolma_epoch1_wd0.1_lr3e-4,30m,30000000,0.05,30000000,1,,0.0003,0.1,42,10.671910408259706,43127.25,13279917,True,False,dolma_val_loss/chinchilla_0.05/30M/30M_seed42_case4_dolma_epoch1_wd0.1_lr3e-4.json,train_0.03B.npy,preprocessed/dolma2-0625/resharded,,,,,OLMo-dolma-0.03B
repeat,30M_seed42_case4_dolma_epoch1_wd0.2_lr3e-4,30m,30000000,0.05,30000000,1,,0.0003,0.2,42,10.672239464815556,43141.44140625,13279917,True,False,dolma_val_loss/chinchilla_0.05/30M/30M_seed42_case4_dolma_epoch1_wd0.2_lr3e-4.json,train_0.03B.npy,preprocessed/dolma2-0625/resharded,,,,,OLMo-dolma-0.03B
repeat,30M_seed42_case4_dolma_epoch1_wd0.4_lr3e-4,30m,30000000,0.05,30000000,1,,0.0003,0.4,42,10.672872854563492,43168.76953125,13279917,True,False,dolma_val_loss/chinchilla_0.05/30M/30M_seed42_case4_dolma_epoch1_wd0.4_lr3e-4.json,train_0.03B.npy,preprocessed/dolma2-0625/resharded,,,,,OLMo-dolma-0.03B
repeat,30M_seed42_case4_dolma_epoch1_wd0.8_lr3e-4,30m,30000000,0.05,30000000,1,,0.0003,0.8,42,10.674055784761306,43219.88671875,13279917,True,False,dolma_val_loss/chinchilla_0.05/30M/30M_seed42_case4_dolma_epoch1_wd0.8_lr3e-4.json,train_0.03B.npy,preprocessed/dolma2-0625/resharded,,,,,OLMo-dolma-0.03B
repeat,30M_seed42_case4_dolma_epoch1_wd1.6_lr3e-4,30m,30000000,0.05,30000000,1,,0.0003,1.6,42,10.676465613834644,43324.171875,13279917,True,False,dolma_val_loss/chinchilla_0.05/30M/30M_seed42_case4_dolma_epoch1_wd1.6_lr3e-4.json,train_0.03B.npy,preprocessed/dolma2-0625/resharded,,,,,OLMo-dolma-0.03B
repeat,30M_seed42_case4_dolma_epoch1_wd0.1_lr1e-3,30m,30000000,0.05,30000000,1,,0.001,0.1,42,9.541856833988495,13930.7900390625,13279917,True,False,dolma_val_loss/chinchilla_0.05/30M/30M_seed42_case4_dolma_epoch1_wd0.1_lr1e-3.json,train_0.03B.npy,preprocessed/dolma2-0625/resharded,,,,,OLMo-dolma-0.03B
repeat,30M_seed42_case4_dolma_epoch1_wd0.2_lr1e-3,30m,30000000,0.05,30000000,1,,0.001,0.2,42,9.54368669808775,13956.3076171875,13279917,True,False,dolma_val_loss/chinchilla_0.05/30M/30M_seed42_case4_dolma_epoch1_wd0.2_lr1e-3.json,train_0.03B.npy,preprocessed/dolma2-0625/resharded,,,,,OLMo-dolma-0.03B
repeat,30M_seed42_case4_dolma_epoch1_wd0.4_lr1e-3,30m,30000000,0.05,30000000,1,,0.001,0.4,42,9.547258392303487,14006.2421875,13279917,True,False,dolma_val_loss/chinchilla_0.05/30M/30M_seed42_case4_dolma_epoch1_wd0.4_lr1e-3.json,train_0.03B.npy,preprocessed/dolma2-0625/resharded,,,,,OLMo-dolma-0.03B
repeat,30M_seed42_case4_dolma_epoch1_wd0.8_lr1e-3,30m,30000000,0.05,30000000,1,,0.001,0.8,42,9.554402576255983,14106.66015625,13279917,True,False,dolma_val_loss/chinchilla_0.05/30M/30M_seed42_case4_dolma_epoch1_wd0.8_lr1e-3.json,train_0.03B.npy,preprocessed/dolma2-0625/resharded,,,,,OLMo-dolma-0.03B
repeat,30M_seed42_case4_dolma_epoch1_wd1.6_lr1e-3,30m,30000000,0.05,30000000,1,,0.001,1.6,42,9.568802726997935,14311.2734375,13279917,True,False,dolma_val_loss/chinchilla_0.05/30M/30M_seed42_case4_dolma_epoch1_wd1.6_lr1e-3.json,train_0.03B.npy,preprocessed/dolma2-0625/resharded,,,,,OLMo-dolma-0.03B
repeat,30M_seed42_case4_dolma_epoch1_wd0.1_lr3e-3,30m,30000000,0.05,30000000,1,,0.003,0.1,42,8.197135856534345,3630.537353515625,13279917,True,True,dolma_val_loss/chinchilla_0.05/30M/30M_seed42_case4_dolma_epoch1_wd0.1_lr3e-3.json,train_0.03B.npy,preprocessed/dolma2-0625/resharded,,,,,OLMo-dolma-0.03B
repeat,30M_seed42_case4_dolma_epoch1_wd0.2_lr3e-3,30m,30000000,0.05,30000000,1,,0.003,0.2,42,8.19953349453116,3639.251953125,13279917,True,False,dolma_val_loss/chinchilla_0.05/30M/30M_seed42_case4_dolma_epoch1_wd0.2_lr3e-3.json,train_0.03B.npy,preprocessed/dolma2-0625/resharded,,,,,OLMo-dolma-0.03B
repeat,30M_seed42_case4_dolma_epoch1_wd0.4_lr3e-3,30m,30000000,0.05,30000000,1,,0.003,0.4,42,8.204076422991527,3655.823974609375,13279917,True,False,dolma_val_loss/chinchilla_0.05/30M/30M_seed42_case4_dolma_epoch1_wd0.4_lr3e-3.json,train_0.03B.npy,preprocessed/dolma2-0625/resharded,,,,,OLMo-dolma-0.03B
repeat,30M_seed42_case4_dolma_epoch1_wd0.8_lr3e-3,30m,30000000,0.05,30000000,1,,0.003,0.8,42,8.21421167582528,3693.06298828125,13279917,True,False,dolma_val_loss/chinchilla_0.05/30M/30M_seed42_case4_dolma_epoch1_wd0.8_lr3e-3.json,train_0.03B.npy,preprocessed/dolma2-0625/resharded,,,,,OLMo-dolma-0.03B
repeat,30M_seed42_case4_dolma_epoch1_wd1.6_lr3e-3,30m,30000000,0.05,30000000,1,,0.003,1.6,42,8.235950197362632,3774.2255859375,13279917,True,False,dolma_val_loss/chinchilla_0.05/30M/30M_seed42_case4_dolma_epoch1_wd1.6_lr3e-3.json,train_0.03B.npy,preprocessed/dolma2-0625/resharded,,,,,OLMo-dolma-0.03B
repeat,30M_seed42_case4_dolma_epoch2_wd0.1_lr1e-4,30m,30000000,0.05,30000000,2,,0.0001,0.1,42,10.822423062419178,50132.41015625,13279917,True,False,dolma_val_loss/chinchilla_0.05/30M/30M_seed42_case4_dolma_epoch2_wd0.1_lr1e-4.json,train_0.03B.npy,preprocessed/dolma2-0625/resharded,,,,,OLMo-dolma-0.03B
repeat,30M_seed42_case4_dolma_epoch2_wd0.2_lr1e-4,30m,30000000,0.05,30000000,2,,0.0001,0.2,42,10.822607930679744,50141.6875,13279917,True,False,dolma_val_loss/chinchilla_0.05/30M/30M_seed42_case4_dolma_epoch2_wd0.2_lr1e-4.json,train_0.03B.npy,preprocessed/dolma2-0625/resharded,,,,,OLMo-dolma-0.03B
repeat,30M_seed42_case4_dolma_epoch2_wd0.4_lr1e-4,30m,30000000,0.05,30000000,2,,0.0001,0.4,42,10.822956033117762,50159.14453125,13279917,True,False,dolma_val_loss/chinchilla_0.05/30M/30M_seed42_case4_dolma_epoch2_wd0.4_lr1e-4.json,train_0.03B.npy,preprocessed/dolma2-0625/resharded,,,,,OLMo-dolma-0.03B
repeat,30M_seed42_case4_dolma_epoch2_wd0.8_lr1e-4,30m,30000000,0.05,30000000,2,,0.0001,0.8,42,10.823603252341957,50191.6328125,13279917,True,False,dolma_val_loss/chinchilla_0.05/30M/30M_seed42_case4_dolma_epoch2_wd0.8_lr1e-4.json,train_0.03B.npy,preprocessed/dolma2-0625/resharded,,,,,OLMo-dolma-0.03B
repeat,30M_seed42_case4_dolma_epoch2_wd1.6_lr1e-4,30m,30000000,0.05,30000000,2,,0.0001,1.6,42,10.824866934468133,50255.09765625,13279917,True,False,dolma_val_loss/chinchilla_0.05/30M/30M_seed42_case4_dolma_epoch2_wd1.6_lr1e-4.json,train_0.03B.npy,preprocessed/dolma2-0625/resharded,,,,,OLMo-dolma-0.03B
repeat,30M_seed42_case4_dolma_epoch2_wd0.1_lr3e-4,30m,30000000,0.05,30000000,2,,0.0003,0.1,42,10.002674477105872,22085.4453125,13279917,True,False,dolma_val_loss/chinchilla_0.05/30M/30M_seed42_case4_dolma_epoch2_wd0.1_lr3e-4.json,train_0.03B.npy,preprocessed/dolma2-0625/resharded,,,,,OLMo-dolma-0.03B
repeat,30M_seed42_case4_dolma_epoch2_wd0.2_lr3e-4,30m,30000000,0.05,30000000,2,,0.0003,0.2,42,10.003635514738862,22106.6875,13279917,True,False,dolma_val_loss/chinchilla_0.05/30M/30M_seed42_case4_dolma_epoch2_wd0.2_lr3e-4.json,train_0.03B.npy,preprocessed/dolma2-0625/resharded,,,,,OLMo-dolma-0.03B
repeat,30M_seed42_case4_dolma_epoch2_wd0.4_lr3e-4,30m,30000000,0.05,30000000,2,,0.0003,0.4,42,10.005540666541581,22148.849609375,13279917,True,False,dolma_val_loss/chinchilla_0.05/30M/30M_seed42_case4_dolma_epoch2_wd0.4_lr3e-4.json,train_0.03B.npy,preprocessed/dolma2-0625/resharded,,,,,OLMo-dolma-0.03B
repeat,30M_seed42_case4_dolma_epoch2_wd0.8_lr3e-4,30m,30000000,0.05,30000000,2,,0.0003,0.8,42,10.009360819664996,22233.62890625,13279917,True,False,dolma_val_loss/chinchilla_0.05/30M/30M_seed42_case4_dolma_epoch2_wd0.8_lr3e-4.json,train_0.03B.npy,preprocessed/dolma2-0625/resharded,,,,,OLMo-dolma-0.03B
repeat,30M_seed42_case4_dolma_epoch2_wd1.6_lr3e-4,30m,30000000,0.05,30000000,2,,0.0003,1.6,42,10.016900923501865,22401.8984375,13279917,True,False,dolma_val_loss/chinchilla_0.05/30M/30M_seed42_case4_dolma_epoch2_wd1.6_lr3e-4.json,train_0.03B.npy,preprocessed/dolma2-0625/resharded,,,,,OLMo-dolma-0.03B
repeat,30M_seed42_case4_dolma_epoch2_wd0.1_lr1e-3,30m,30000000,0.05,30000000,2,,0.001,0.1,42,8.398080276205322,4438.5361328125,13279917,True,False,dolma_val_loss/chinchilla_0.05/30M/30M_seed42_case4_dolma_epoch2_wd0.1_lr1e-3.json,train_0.03B.npy,preprocessed/dolma2-0625/resharded,,,,,OLMo-dolma-0.03B
repeat,30M_seed42_case4_dolma_epoch2_wd0.2_lr1e-3,30m,30000000,0.05,30000000,2,,0.001,0.2,42,8.40116349359996,4452.2421875,13279917,True,False,dolma_val_loss/chinchilla_0.05/30M/30M_seed42_case4_dolma_epoch2_wd0.2_lr1e-3.json,train_0.03B.npy,preprocessed/dolma2-0625/resharded,,,,,OLMo-dolma-0.03B
repeat,30M_seed42_case4_dolma_epoch2_wd0.4_lr1e-3,30m,30000000,0.05,30000000,2,,0.001,0.4,42,8.407602638260324,4481.00341796875,13279917,True,False,dolma_val_loss/chinchilla_0.05/30M/30M_seed42_case4_dolma_epoch2_wd0.4_lr1e-3.json,train_0.03B.npy,preprocessed/dolma2-0625/resharded,,,,,OLMo-dolma-0.03B
repeat,30M_seed42_case4_dolma_epoch2_wd0.8_lr1e-3,30m,30000000,0.05,30000000,2,,0.001,0.8,42,8.420179833537599,4537.71728515625,13279917,True,False,dolma_val_loss/chinchilla_0.05/30M/30M_seed42_case4_dolma_epoch2_wd0.8_lr1e-3.json,train_0.03B.npy,preprocessed/dolma2-0625/resharded,,,,,OLMo-dolma-0.03B
repeat,30M_seed42_case4_dolma_epoch2_wd1.6_lr1e-3,30m,30000000,0.05,30000000,2,,0.001,1.6,42,8.446135991327873,4657.041015625,13279917,True,False,dolma_val_loss/chinchilla_0.05/30M/30M_seed42_case4_dolma_epoch2_wd1.6_lr1e-3.json,train_0.03B.npy,preprocessed/dolma2-0625/resharded,,,,,OLMo-dolma-0.03B
repeat,30M_seed42_case4_dolma_epoch2_wd0.1_lr3e-3,30m,30000000,0.05,30000000,2,,0.003,0.1,42,8.009148808238974,3008.354736328125,13279917,True,True,dolma_val_loss/chinchilla_0.05/30M/30M_seed42_case4_dolma_epoch2_wd0.1_lr3e-3.json,train_0.03B.npy,preprocessed/dolma2-0625/resharded,,,,,OLMo-dolma-0.03B
repeat,30M_seed42_case4_dolma_epoch2_wd0.2_lr3e-3,30m,30000000,0.05,30000000,2,,0.003,0.2,42,8.009682565634163,3009.961669921875,13279917,True,False,dolma_val_loss/chinchilla_0.05/30M/30M_seed42_case4_dolma_epoch2_wd0.2_lr3e-3.json,train_0.03B.npy,preprocessed/dolma2-0625/resharded,,,,,OLMo-dolma-0.03B
repeat,30M_seed42_case4_dolma_epoch2_wd0.4_lr3e-3,30m,30000000,0.05,30000000,2,,0.003,0.4,42,8.012168727515862,3017.45458984375,13279917,True,False,dolma_val_loss/chinchilla_0.05/30M/30M_seed42_case4_dolma_epoch2_wd0.4_lr3e-3.json,train_0.03B.npy,preprocessed/dolma2-0625/resharded,,,,,OLMo-dolma-0.03B
repeat,30M_seed42_case4_dolma_epoch2_wd0.8_lr3e-3,30m,30000000,0.05,30000000,2,,0.003,0.8,42,8.017013521420635,3032.108642578125,13279917,True,False,dolma_val_loss/chinchilla_0.05/30M/30M_seed42_case4_dolma_epoch2_wd0.8_lr3e-3.json,train_0.03B.npy,preprocessed/dolma2-0625/resharded,,,,,OLMo-dolma-0.03B
repeat,30M_seed42_case4_dolma_epoch2_wd1.6_lr3e-3,30m,30000000,0.05,30000000,2,,0.003,1.6,42,8.027770384731838,3064.8994140625,13279917,True,False,dolma_val_loss/chinchilla_0.05/30M/30M_seed42_case4_dolma_epoch2_wd1.6_lr3e-3.json,train_0.03B.npy,preprocessed/dolma2-0625/resharded,,,,,OLMo-dolma-0.03B
repeat,30M_seed42_case4_dolma_epoch4_wd0.1_lr1e-4,30m,30000000,0.05,30000000,4,,0.0001,0.1,42,10.307979841324968,29970.822265625,13279917,True,False,dolma_val_loss/chinchilla_0.05/30M/30M_seed42_case4_dolma_epoch4_wd0.1_lr1e-4.json,train_0.03B.npy,preprocessed/dolma2-0625/resharded,,,,,OLMo-dolma-0.03B
repeat,30M_seed42_case4_dolma_epoch4_wd0.2_lr1e-4,30m,30000000,0.05,30000000,4,,0.0001,0.2,42,10.308557145149608,29988.1484375,13279917,True,False,dolma_val_loss/chinchilla_0.05/30M/30M_seed42_case4_dolma_epoch4_wd0.2_lr1e-4.json,train_0.03B.npy,preprocessed/dolma2-0625/resharded,,,,,OLMo-dolma-0.03B
repeat,30M_seed42_case4_dolma_epoch4_wd0.4_lr1e-4,30m,30000000,0.05,30000000,4,,0.0001,0.4,42,10.30969334977536,30022.228515625,13279917,True,False,dolma_val_loss/chinchilla_0.05/30M/30M_seed42_case4_dolma_epoch4_wd0.4_lr1e-4.json,train_0.03B.npy,preprocessed/dolma2-0625/resharded,,,,,OLMo-dolma-0.03B
repeat,30M_seed42_case4_dolma_epoch4_wd0.8_lr1e-4,30m,30000000,0.05,30000000,4,,0.0001,0.8,42,10.311831355390106,30086.48828125,13279917,True,False,dolma_val_loss/chinchilla_0.05/30M/30M_seed42_case4_dolma_epoch4_wd0.8_lr1e-4.json,train_0.03B.npy,preprocessed/dolma2-0625/resharded,,,,,OLMo-dolma-0.03B
repeat,30M_seed42_case4_dolma_epoch4_wd1.6_lr1e-4,30m,30000000,0.05,30000000,4,,0.0001,1.6,42,10.316056865374469,30213.89453125,13279917,True,False,dolma_val_loss/chinchilla_0.05/30M/30M_seed42_case4_dolma_epoch4_wd1.6_lr1e-4.json,train_0.03B.npy,preprocessed/dolma2-0625/resharded,,,,,OLMo-dolma-0.03B
repeat,30M_seed42_case4_dolma_epoch4_wd0.1_lr3e-4,30m,30000000,0.05,30000000,4,,0.0003,0.1,42,8.906726548712145,7381.4609375,13279917,True,False,dolma_val_loss/chinchilla_0.05/30M/30M_seed42_case4_dolma_epoch4_wd0.1_lr3e-4.json,train_0.03B.npy,preprocessed/dolma2-0625/resharded,,,,,OLMo-dolma-0.03B
repeat,30M_seed42_case4_dolma_epoch4_wd0.2_lr3e-4,30m,30000000,0.05,30000000,4,,0.0003,0.2,42,8.909265303519499,7400.2236328125,13279917,True,False,dolma_val_loss/chinchilla_0.05/30M/30M_seed42_case4_dolma_epoch4_wd0.2_lr3e-4.json,train_0.03B.npy,preprocessed/dolma2-0625/resharded,,,,,OLMo-dolma-0.03B
repeat,30M_seed42_case4_dolma_epoch4_wd0.4_lr3e-4,30m,30000000,0.05,30000000,4,,0.0003,0.4,42,8.91440635304093,7438.3681640625,13279917,True,False,dolma_val_loss/chinchilla_0.05/30M/30M_seed42_case4_dolma_epoch4_wd0.4_lr3e-4.json,train_0.03B.npy,preprocessed/dolma2-0625/resharded,,,,,OLMo-dolma-0.03B
repeat,30M_seed42_case4_dolma_epoch4_wd0.8_lr3e-4,30m,30000000,0.05,30000000,4,,0.0003,0.8,42,8.924280752487713,7512.18115234375,13279917,True,False,dolma_val_loss/chinchilla_0.05/30M/30M_seed42_case4_dolma_epoch4_wd0.8_lr3e-4.json,train_0.03B.npy,preprocessed/dolma2-0625/resharded,,,,,OLMo-dolma-0.03B
repeat,30M_seed42_case4_dolma_epoch4_wd1.6_lr3e-4,30m,30000000,0.05,30000000,4,,0.0003,1.6,42,8.944339479987901,7664.38671875,13279917,True,False,dolma_val_loss/chinchilla_0.05/30M/30M_seed42_case4_dolma_epoch4_wd1.6_lr3e-4.json,train_0.03B.npy,preprocessed/dolma2-0625/resharded,,,,,OLMo-dolma-0.03B
repeat,30M_seed42_case4_dolma_epoch4_wd0.1_lr1e-3,30m,30000000,0.05,30000000,4,,0.001,0.1,42,7.63656081650162,2072.603759765625,13279917,True,False,dolma_val_loss/chinchilla_0.05/30M/30M_seed42_case4_dolma_epoch4_wd0.1_lr1e-3.json,train_0.03B.npy,preprocessed/dolma2-0625/resharded,,,,,OLMo-dolma-0.03B
repeat,30M_seed42_case4_dolma_epoch4_wd0.2_lr1e-3,30m,30000000,0.05,30000000,4,,0.001,0.2,42,7.640810371546373,2081.43017578125,13279917,True,False,dolma_val_loss/chinchilla_0.05/30M/30M_seed42_case4_dolma_epoch4_wd0.2_lr1e-3.json,train_0.03B.npy,preprocessed/dolma2-0625/resharded,,,,,OLMo-dolma-0.03B
repeat,30M_seed42_case4_dolma_epoch4_wd0.4_lr1e-3,30m,30000000,0.05,30000000,4,,0.001,0.4,42,7.638704984205426,2077.0517578125,13279917,True,False,dolma_val_loss/chinchilla_0.05/30M/30M_seed42_case4_dolma_epoch4_wd0.4_lr1e-3.json,train_0.03B.npy,preprocessed/dolma2-0625/resharded,,,,,OLMo-dolma-0.03B
repeat,30M_seed42_case4_dolma_epoch4_wd0.8_lr1e-3,30m,30000000,0.05,30000000,4,,0.001,0.8,42,7.6612104247750095,2124.327392578125,13279917,True,False,dolma_val_loss/chinchilla_0.05/30M/30M_seed42_case4_dolma_epoch4_wd0.8_lr1e-3.json,train_0.03B.npy,preprocessed/dolma2-0625/resharded,,,,,OLMo-dolma-0.03B
repeat,30M_seed42_case4_dolma_epoch4_wd1.6_lr1e-3,30m,30000000,0.05,30000000,4,,0.001,1.6,42,7.687768337667556,2181.5009765625,13279917,True,False,dolma_val_loss/chinchilla_0.05/30M/30M_seed42_case4_dolma_epoch4_wd1.6_lr1e-3.json,train_0.03B.npy,preprocessed/dolma2-0625/resharded,,,,,OLMo-dolma-0.03B
repeat,30M_seed42_case4_dolma_epoch4_wd0.1_lr3e-3,30m,30000000,0.05,30000000,4,,0.003,0.1,42,7.564195990221551,1927.9183349609375,13279917,True,False,dolma_val_loss/chinchilla_0.05/30M/30M_seed42_case4_dolma_epoch4_wd0.1_lr3e-3.json,train_0.03B.npy,preprocessed/dolma2-0625/resharded,,,,,OLMo-dolma-0.03B
repeat,30M_seed42_case4_dolma_epoch4_wd0.2_lr3e-3,30m,30000000,0.05,30000000,4,,0.003,0.2,42,7.563403185650087,1926.39013671875,13279917,True,True,dolma_val_loss/chinchilla_0.05/30M/30M_seed42_case4_dolma_epoch4_wd0.2_lr3e-3.json,train_0.03B.npy,preprocessed/dolma2-0625/resharded,,,,,OLMo-dolma-0.03B
repeat,30M_seed42_case4_dolma_epoch4_wd0.4_lr3e-3,30m,30000000,0.05,30000000,4,,0.003,0.4,42,7.576215108456862,1951.2301025390625,13279917,True,False,dolma_val_loss/chinchilla_0.05/30M/30M_seed42_case4_dolma_epoch4_wd0.4_lr3e-3.json,train_0.03B.npy,preprocessed/dolma2-0625/resharded,,,,,OLMo-dolma-0.03B
repeat,30M_seed42_case4_dolma_epoch4_wd0.8_lr3e-3,30m,30000000,0.05,30000000,4,,0.003,0.8,42,7.5668786969769375,1933.0972900390625,13279917,True,False,dolma_val_loss/chinchilla_0.05/30M/30M_seed42_case4_dolma_epoch4_wd0.8_lr3e-3.json,train_0.03B.npy,preprocessed/dolma2-0625/resharded,,,,,OLMo-dolma-0.03B
repeat,30M_seed42_case4_dolma_epoch4_wd1.6_lr3e-3,30m,30000000,0.05,30000000,4,,0.003,1.6,42,7.6517612138855045,2104.34814453125,13279917,True,False,dolma_val_loss/chinchilla_0.05/30M/30M_seed42_case4_dolma_epoch4_wd1.6_lr3e-3.json,train_0.03B.npy,preprocessed/dolma2-0625/resharded,,,,,OLMo-dolma-0.03B
repeat,30M_seed42_case4_dolma_epoch8_wd0.1_lr1e-4,30m,30000000,0.05,30000000,8,,0.0001,0.1,42,9.426571817582238,12413.896484375,13279917,True,False,dolma_val_loss/chinchilla_0.05/30M/30M_seed42_case4_dolma_epoch8_wd0.1_lr1e-4.json,train_0.03B.npy,preprocessed/dolma2-0625/resharded,,,,,OLMo-dolma-0.03B
repeat,30M_seed42_case4_dolma_epoch8_wd0.2_lr1e-4,30m,30000000,0.05,30000000,8,,0.0001,0.2,42,9.428274978376418,12435.0595703125,13279917,True,False,dolma_val_loss/chinchilla_0.05/30M/30M_seed42_case4_dolma_epoch8_wd0.2_lr1e-4.json,train_0.03B.npy,preprocessed/dolma2-0625/resharded,,,,,OLMo-dolma-0.03B
repeat,30M_seed42_case4_dolma_epoch8_wd0.4_lr1e-4,30m,30000000,0.05,30000000,8,,0.0001,0.4,42,9.431467098907225,12474.814453125,13279917,True,False,dolma_val_loss/chinchilla_0.05/30M/30M_seed42_case4_dolma_epoch8_wd0.4_lr1e-4.json,train_0.03B.npy,preprocessed/dolma2-0625/resharded,,,,,OLMo-dolma-0.03B
repeat,30M_seed42_case4_dolma_epoch8_wd0.8_lr1e-4,30m,30000000,0.05,30000000,8,,0.0001,0.8,42,9.438001738446248,12556.5986328125,13279917,True,False,dolma_val_loss/chinchilla_0.05/30M/30M_seed42_case4_dolma_epoch8_wd0.8_lr1e-4.json,train_0.03B.npy,preprocessed/dolma2-0625/resharded,,,,,OLMo-dolma-0.03B
repeat,30M_seed42_case4_dolma_epoch8_wd1.6_lr1e-4,30m,30000000,0.05,30000000,8,,0.0001,1.6,42,9.450818888836523,12718.578125,13279917,True,False,dolma_val_loss/chinchilla_0.05/30M/30M_seed42_case4_dolma_epoch8_wd1.6_lr1e-4.json,train_0.03B.npy,preprocessed/dolma2-0625/resharded,,,,,OLMo-dolma-0.03B
repeat,30M_seed42_case4_dolma_epoch8_wd0.1_lr3e-4,30m,30000000,0.05,30000000,8,,0.0003,0.1,42,7.813184221761561,2472.99267578125,13279917,True,False,dolma_val_loss/chinchilla_0.05/30M/30M_seed42_case4_dolma_epoch8_wd0.1_lr3e-4.json,train_0.03B.npy,preprocessed/dolma2-0625/resharded,,,,,OLMo-dolma-0.03B
repeat,30M_seed42_case4_dolma_epoch8_wd0.2_lr3e-4,30m,30000000,0.05,30000000,8,,0.0003,0.2,42,7.817059688671953,2482.5947265625,13279917,True,False,dolma_val_loss/chinchilla_0.05/30M/30M_seed42_case4_dolma_epoch8_wd0.2_lr3e-4.json,train_0.03B.npy,preprocessed/dolma2-0625/resharded,,,,,OLMo-dolma-0.03B
repeat,30M_seed42_case4_dolma_epoch8_wd0.4_lr3e-4,30m,30000000,0.05,30000000,8,,0.0003,0.4,42,7.824856237953379,2502.026611328125,13279917,True,False,dolma_val_loss/chinchilla_0.05/30M/30M_seed42_case4_dolma_epoch8_wd0.4_lr3e-4.json,train_0.03B.npy,preprocessed/dolma2-0625/resharded,,,,,OLMo-dolma-0.03B
repeat,30M_seed42_case4_dolma_epoch8_wd0.8_lr3e-4,30m,30000000,0.05,30000000,8,,0.0003,0.8,42,7.840737416900601,2542.07861328125,13279917,True,False,dolma_val_loss/chinchilla_0.05/30M/30M_seed42_case4_dolma_epoch8_wd0.8_lr3e-4.json,train_0.03B.npy,preprocessed/dolma2-0625/resharded,,,,,OLMo-dolma-0.03B
repeat,30M_seed42_case4_dolma_epoch8_wd1.6_lr3e-4,30m,30000000,0.05,30000000,8,,0.0003,1.6,42,7.872942335537093,2625.279052734375,13279917,True,False,dolma_val_loss/chinchilla_0.05/30M/30M_seed42_case4_dolma_epoch8_wd1.6_lr3e-4.json,train_0.03B.npy,preprocessed/dolma2-0625/resharded,,,,,OLMo-dolma-0.03B
repeat,30M_seed42_case4_dolma_epoch8_wd0.1_lr1e-3,30m,30000000,0.05,30000000,8,,0.001,0.1,42,6.8025560482048055,900.1451416015625,13279917,True,False,dolma_val_loss/chinchilla_0.05/30M/30M_seed42_case4_dolma_epoch8_wd0.1_lr1e-3.json,train_0.03B.npy,preprocessed/dolma2-0625/resharded,,,,,OLMo-dolma-0.03B
repeat,30M_seed42_case4_dolma_epoch8_wd0.2_lr1e-3,30m,30000000,0.05,30000000,8,,0.001,0.2,42,6.803768503939539,901.2373046875,13279917,True,False,dolma_val_loss/chinchilla_0.05/30M/30M_seed42_case4_dolma_epoch8_wd0.2_lr1e-3.json,train_0.03B.npy,preprocessed/dolma2-0625/resharded,,,,,OLMo-dolma-0.03B
repeat,30M_seed42_case4_dolma_epoch8_wd0.4_lr1e-3,30m,30000000,0.05,30000000,8,,0.001,0.4,42,6.818889273993227,914.968017578125,13279917,True,False,dolma_val_loss/chinchilla_0.05/30M/30M_seed42_case4_dolma_epoch8_wd0.4_lr1e-3.json,train_0.03B.npy,preprocessed/dolma2-0625/resharded,,,,,OLMo-dolma-0.03B
repeat,30M_seed42_case4_dolma_epoch8_wd0.8_lr1e-3,30m,30000000,0.05,30000000,8,,0.001,0.8,42,6.85335031620256,947.04833984375,13279917,True,False,dolma_val_loss/chinchilla_0.05/30M/30M_seed42_case4_dolma_epoch8_wd0.8_lr1e-3.json,train_0.03B.npy,preprocessed/dolma2-0625/resharded,,,,,OLMo-dolma-0.03B
repeat,30M_seed42_case4_dolma_epoch8_wd1.6_lr1e-3,30m,30000000,0.05,30000000,8,,0.001,1.6,42,6.9024028734340455,994.6619262695312,13279917,True,False,dolma_val_loss/chinchilla_0.05/30M/30M_seed42_case4_dolma_epoch8_wd1.6_lr1e-3.json,train_0.03B.npy,preprocessed/dolma2-0625/resharded,,,,,OLMo-dolma-0.03B
repeat,30M_seed42_case4_dolma_epoch8_wd0.1_lr3e-3,30m,30000000,0.05,30000000,8,,0.003,0.1,42,6.675015172008064,792.3593139648438,13279917,True,True,dolma_val_loss/chinchilla_0.05/30M/30M_seed42_case4_dolma_epoch8_wd0.1_lr3e-3.json,train_0.03B.npy,preprocessed/dolma2-0625/resharded,,,,,OLMo-dolma-0.03B
repeat,30M_seed42_case4_dolma_epoch8_wd0.2_lr3e-3,30m,30000000,0.05,30000000,8,,0.003,0.2,42,6.680097715804506,796.3968505859375,13279917,True,False,dolma_val_loss/chinchilla_0.05/30M/30M_seed42_case4_dolma_epoch8_wd0.2_lr3e-3.json,train_0.03B.npy,preprocessed/dolma2-0625/resharded,,,,,OLMo-dolma-0.03B
repeat,30M_seed42_case4_dolma_epoch8_wd0.4_lr3e-3,30m,30000000,0.05,30000000,8,,0.003,0.4,42,6.7055526358605535,816.9293212890625,13279917,True,False,dolma_val_loss/chinchilla_0.05/30M/30M_seed42_case4_dolma_epoch8_wd0.4_lr3e-3.json,train_0.03B.npy,preprocessed/dolma2-0625/resharded,,,,,OLMo-dolma-0.03B
repeat,30M_seed42_case4_dolma_epoch8_wd0.8_lr3e-3,30m,30000000,0.05,30000000,8,,0.003,0.8,42,6.72046628277296,829.2039184570312,13279917,True,False,dolma_val_loss/chinchilla_0.05/30M/30M_seed42_case4_dolma_epoch8_wd0.8_lr3e-3.json,train_0.03B.npy,preprocessed/dolma2-0625/resharded,,,,,OLMo-dolma-0.03B
repeat,30M_seed42_case4_dolma_epoch8_wd1.6_lr3e-3,30m,30000000,0.05,30000000,8,,0.003,1.6,42,6.784330510652382,883.8880004882812,13279917,True,False,dolma_val_loss/chinchilla_0.05/30M/30M_seed42_case4_dolma_epoch8_wd1.6_lr3e-3.json,train_0.03B.npy,preprocessed/dolma2-0625/resharded,,,,,OLMo-dolma-0.03B
repeat,30M_seed42_case4_dolma_epoch16_wd0.1_lr1e-4,30m,30000000,0.05,30000000,16,,0.0001,0.1,42,8.259123723368338,3862.7080078125,13279917,True,False,dolma_val_loss/chinchilla_0.05/30M/30M_seed42_case4_dolma_epoch16_wd0.1_lr1e-4.json,train_0.03B.npy,preprocessed/dolma2-0625/resharded,,,,,OLMo-dolma-0.03B
repeat,30M_seed42_case4_dolma_epoch16_wd0.2_lr1e-4,30m,30000000,0.05,30000000,16,,0.0001,0.2,42,8.262786876763565,3876.88330078125,13279917,True,False,dolma_val_loss/chinchilla_0.05/30M/30M_seed42_case4_dolma_epoch16_wd0.2_lr1e-4.json,train_0.03B.npy,preprocessed/dolma2-0625/resharded,,,,,OLMo-dolma-0.03B
repeat,30M_seed42_case4_dolma_epoch16_wd0.4_lr1e-4,30m,30000000,0.05,30000000,16,,0.0001,0.4,42,8.270347519573635,3906.306640625,13279917,True,False,dolma_val_loss/chinchilla_0.05/30M/30M_seed42_case4_dolma_epoch16_wd0.4_lr1e-4.json,train_0.03B.npy,preprocessed/dolma2-0625/resharded,,,,,OLMo-dolma-0.03B
repeat,30M_seed42_case4_dolma_epoch16_wd0.8_lr1e-4,30m,30000000,0.05,30000000,16,,0.0001,0.8,42,8.284848112014274,3963.363037109375,13279917,True,False,dolma_val_loss/chinchilla_0.05/30M/30M_seed42_case4_dolma_epoch16_wd0.8_lr1e-4.json,train_0.03B.npy,preprocessed/dolma2-0625/resharded,,,,,OLMo-dolma-0.03B
repeat,30M_seed42_case4_dolma_epoch16_wd1.6_lr1e-4,30m,30000000,0.05,30000000,16,,0.0001,1.6,42,8.313965600774509,4080.463134765625,13279917,True,False,dolma_val_loss/chinchilla_0.05/30M/30M_seed42_case4_dolma_epoch16_wd1.6_lr1e-4.json,train_0.03B.npy,preprocessed/dolma2-0625/resharded,,,,,OLMo-dolma-0.03B
repeat,30M_seed42_case4_dolma_epoch16_wd0.1_lr3e-4,30m,30000000,0.05,30000000,16,,0.0003,0.1,42,6.853490119645985,947.18115234375,13279917,True,False,dolma_val_loss/chinchilla_0.05/30M/30M_seed42_case4_dolma_epoch16_wd0.1_lr3e-4.json,train_0.03B.npy,preprocessed/dolma2-0625/resharded,,,,,OLMo-dolma-0.03B
repeat,30M_seed42_case4_dolma_epoch16_wd0.2_lr3e-4,30m,30000000,0.05,30000000,16,,0.0003,0.2,42,6.85665922845541,950.1875610351562,13279917,True,False,dolma_val_loss/chinchilla_0.05/30M/30M_seed42_case4_dolma_epoch16_wd0.2_lr3e-4.json,train_0.03B.npy,preprocessed/dolma2-0625/resharded,,,,,OLMo-dolma-0.03B
repeat,30M_seed42_case4_dolma_epoch16_wd0.4_lr3e-4,30m,30000000,0.05,30000000,16,,0.0003,0.4,42,6.866071695657059,959.1732177734375,13279917,True,False,dolma_val_loss/chinchilla_0.05/30M/30M_seed42_case4_dolma_epoch16_wd0.4_lr3e-4.json,train_0.03B.npy,preprocessed/dolma2-0625/resharded,,,,,OLMo-dolma-0.03B
repeat,30M_seed42_case4_dolma_epoch16_wd0.8_lr3e-4,30m,30000000,0.05,30000000,16,,0.0003,0.8,42,6.886604550376355,979.0715942382812,13279917,True,False,dolma_val_loss/chinchilla_0.05/30M/30M_seed42_case4_dolma_epoch16_wd0.8_lr3e-4.json,train_0.03B.npy,preprocessed/dolma2-0625/resharded,,,,,OLMo-dolma-0.03B
repeat,30M_seed42_case4_dolma_epoch16_wd1.6_lr3e-4,30m,30000000,0.05,30000000,16,,0.0003,1.6,42,6.932012832945652,1024.5543212890625,13279917,True,False,dolma_val_loss/chinchilla_0.05/30M/30M_seed42_case4_dolma_epoch16_wd1.6_lr3e-4.json,train_0.03B.npy,preprocessed/dolma2-0625/resharded,,,,,OLMo-dolma-0.03B
repeat,30M_seed42_case4_dolma_epoch16_wd0.1_lr1e-3,30m,30000000,0.05,30000000,16,,0.001,0.1,42,6.0718121553689395,433.4654846191406,13279917,True,False,dolma_val_loss/chinchilla_0.05/30M/30M_seed42_case4_dolma_epoch16_wd0.1_lr1e-3.json,train_0.03B.npy,preprocessed/dolma2-0625/resharded,,,,,OLMo-dolma-0.03B
repeat,30M_seed42_case4_dolma_epoch16_wd0.2_lr1e-3,30m,30000000,0.05,30000000,16,,0.001,0.2,42,6.055808732681886,426.58367919921875,13279917,True,False,dolma_val_loss/chinchilla_0.05/30M/30M_seed42_case4_dolma_epoch16_wd0.2_lr1e-3.json,train_0.03B.npy,preprocessed/dolma2-0625/resharded,,,,,OLMo-dolma-0.03B
repeat,30M_seed42_case4_dolma_epoch16_wd0.4_lr1e-3,30m,30000000,0.05,30000000,16,,0.001,0.4,42,6.073921249037762,434.3806457519531,13279917,True,False,dolma_val_loss/chinchilla_0.05/30M/30M_seed42_case4_dolma_epoch16_wd0.4_lr1e-3.json,train_0.03B.npy,preprocessed/dolma2-0625/resharded,,,,,OLMo-dolma-0.03B
repeat,30M_seed42_case4_dolma_epoch16_wd0.8_lr1e-3,30m,30000000,0.05,30000000,16,,0.001,0.8,42,6.101693088253818,446.6133117675781,13279917,True,False,dolma_val_loss/chinchilla_0.05/30M/30M_seed42_case4_dolma_epoch16_wd0.8_lr1e-3.json,train_0.03B.npy,preprocessed/dolma2-0625/resharded,,,,,OLMo-dolma-0.03B
repeat,30M_seed42_case4_dolma_epoch16_wd1.6_lr1e-3,30m,30000000,0.05,30000000,16,,0.001,1.6,42,6.173949544907147,480.07855224609375,13279917,True,False,dolma_val_loss/chinchilla_0.05/30M/30M_seed42_case4_dolma_epoch16_wd1.6_lr1e-3.json,train_0.03B.npy,preprocessed/dolma2-0625/resharded,,,,,OLMo-dolma-0.03B
repeat,30M_seed42_case4_dolma_epoch16_wd0.1_lr3e-3,30m,30000000,0.05,30000000,16,,0.003,0.1,42,5.9963885268652986,401.97442626953125,13279917,True,False,dolma_val_loss/chinchilla_0.05/30M/30M_seed42_case4_dolma_epoch16_wd0.1_lr3e-3.json,train_0.03B.npy,preprocessed/dolma2-0625/resharded,,,,,OLMo-dolma-0.03B
repeat,30M_seed42_case4_dolma_epoch16_wd0.2_lr3e-3,30m,30000000,0.05,30000000,16,,0.003,0.2,42,5.94927766010381,383.476318359375,13279917,True,True,dolma_val_loss/chinchilla_0.05/30M/30M_seed42_case4_dolma_epoch16_wd0.2_lr3e-3.json,train_0.03B.npy,preprocessed/dolma2-0625/resharded,,,,,OLMo-dolma-0.03B
repeat,30M_seed42_case4_dolma_epoch16_wd0.4_lr3e-3,30m,30000000,0.05,30000000,16,,0.003,0.4,42,5.967459179414723,390.51220703125,13279917,True,False,dolma_val_loss/chinchilla_0.05/30M/30M_seed42_case4_dolma_epoch16_wd0.4_lr3e-3.json,train_0.03B.npy,preprocessed/dolma2-0625/resharded,,,,,OLMo-dolma-0.03B
repeat,30M_seed42_case4_dolma_epoch16_wd0.8_lr3e-3,30m,30000000,0.05,30000000,16,,0.003,0.8,42,6.007396258370111,406.4237060546875,13279917,True,False,dolma_val_loss/chinchilla_0.05/30M/30M_seed42_case4_dolma_epoch16_wd0.8_lr3e-3.json,train_0.03B.npy,preprocessed/dolma2-0625/resharded,,,,,OLMo-dolma-0.03B
repeat,30M_seed42_case4_dolma_epoch16_wd1.6_lr3e-3,30m,30000000,0.05,30000000,16,,0.003,1.6,42,6.050606010279352,424.3700256347656,13279917,True,False,dolma_val_loss/chinchilla_0.05/30M/30M_seed42_case4_dolma_epoch16_wd1.6_lr3e-3.json,train_0.03B.npy,preprocessed/dolma2-0625/resharded,,,,,OLMo-dolma-0.03B
repeat,30M_seed42_case4_dolma_epoch32_wd0.1_lr1e-4,30m,30000000,0.05,30000000,32,,0.0001,0.1,42,7.146515974348004,1269.6744384765625,13279917,True,False,dolma_val_loss/chinchilla_0.05/30M/30M_seed42_case4_dolma_epoch32_wd0.1_lr1e-4.json,train_0.03B.npy,preprocessed/dolma2-0625/resharded,,,,,OLMo-dolma-0.03B
repeat,30M_seed42_case4_dolma_epoch32_wd0.2_lr1e-4,30m,30000000,0.05,30000000,32,,0.0001,0.2,42,7.151493297804379,1276.009765625,13279917,True,False,dolma_val_loss/chinchilla_0.05/30M/30M_seed42_case4_dolma_epoch32_wd0.2_lr1e-4.json,train_0.03B.npy,preprocessed/dolma2-0625/resharded,,,,,OLMo-dolma-0.03B
repeat,30M_seed42_case4_dolma_epoch32_wd0.4_lr1e-4,30m,30000000,0.05,30000000,32,,0.0001,0.4,42,7.162613038124716,1290.2779541015625,13279917,True,False,dolma_val_loss/chinchilla_0.05/30M/30M_seed42_case4_dolma_epoch32_wd0.4_lr1e-4.json,train_0.03B.npy,preprocessed/dolma2-0625/resharded,,,,,OLMo-dolma-0.03B
repeat,30M_seed42_case4_dolma_epoch32_wd0.8_lr1e-4,30m,30000000,0.05,30000000,32,,0.0001,0.8,42,7.181978604951466,1315.5086669921875,13279917,True,False,dolma_val_loss/chinchilla_0.05/30M/30M_seed42_case4_dolma_epoch32_wd0.8_lr1e-4.json,train_0.03B.npy,preprocessed/dolma2-0625/resharded,,,,,OLMo-dolma-0.03B
repeat,30M_seed42_case4_dolma_epoch32_wd1.6_lr1e-4,30m,30000000,0.05,30000000,32,,0.0001,1.6,42,7.223846491446327,1371.7552490234375,13279917,True,False,dolma_val_loss/chinchilla_0.05/30M/30M_seed42_case4_dolma_epoch32_wd1.6_lr1e-4.json,train_0.03B.npy,preprocessed/dolma2-0625/resharded,,,,,OLMo-dolma-0.03B
repeat,30M_seed42_case4_dolma_epoch32_wd0.1_lr3e-4,30m,30000000,0.05,30000000,32,,0.0003,0.1,42,6.159911624271165,473.38623046875,13279917,True,False,dolma_val_loss/chinchilla_0.05/30M/30M_seed42_case4_dolma_epoch32_wd0.1_lr3e-4.json,train_0.03B.npy,preprocessed/dolma2-0625/resharded,,,,,OLMo-dolma-0.03B
repeat,30M_seed42_case4_dolma_epoch32_wd0.2_lr3e-4,30m,30000000,0.05,30000000,32,,0.0003,0.2,42,6.164155246661651,475.39947509765625,13279917,True,False,dolma_val_loss/chinchilla_0.05/30M/30M_seed42_case4_dolma_epoch32_wd0.2_lr3e-4.json,train_0.03B.npy,preprocessed/dolma2-0625/resharded,,,,,OLMo-dolma-0.03B
repeat,30M_seed42_case4_dolma_epoch32_wd0.4_lr3e-4,30m,30000000,0.05,30000000,32,,0.0003,0.4,42,6.173224086727396,479.7302551269531,13279917,True,False,dolma_val_loss/chinchilla_0.05/30M/30M_seed42_case4_dolma_epoch32_wd0.4_lr3e-4.json,train_0.03B.npy,preprocessed/dolma2-0625/resharded,,,,,OLMo-dolma-0.03B
repeat,30M_seed42_case4_dolma_epoch32_wd0.8_lr3e-4,30m,30000000,0.05,30000000,32,,0.0003,0.8,42,6.191320703105086,488.4909362792969,13279917,True,False,dolma_val_loss/chinchilla_0.05/30M/30M_seed42_case4_dolma_epoch32_wd0.8_lr3e-4.json,train_0.03B.npy,preprocessed/dolma2-0625/resharded,,,,,OLMo-dolma-0.03B
repeat,30M_seed42_case4_dolma_epoch32_wd1.6_lr3e-4,30m,30000000,0.05,30000000,32,,0.0003,1.6,42,6.232078818950827,508.8122253417969,13279917,True,False,dolma_val_loss/chinchilla_0.05/30M/30M_seed42_case4_dolma_epoch32_wd1.6_lr3e-4.json,train_0.03B.npy,preprocessed/dolma2-0625/resharded,,,,,OLMo-dolma-0.03B
repeat,30M_seed42_case4_dolma_epoch32_wd0.1_lr1e-3,30m,30000000,0.05,30000000,32,,0.001,0.1,42,5.594630118702573,268.9781799316406,13279917,True,False,dolma_val_loss/chinchilla_0.05/30M/30M_seed42_case4_dolma_epoch32_wd0.1_lr1e-3.json,train_0.03B.npy,preprocessed/dolma2-0625/resharded,,,,,OLMo-dolma-0.03B
repeat,30M_seed42_case4_dolma_epoch32_wd0.2_lr1e-3,30m,30000000,0.05,30000000,32,,0.001,0.2,42,5.5976500778364,269.7916564941406,13279917,True,False,dolma_val_loss/chinchilla_0.05/30M/30M_seed42_case4_dolma_epoch32_wd0.2_lr1e-3.json,train_0.03B.npy,preprocessed/dolma2-0625/resharded,,,,,OLMo-dolma-0.03B
repeat,30M_seed42_case4_dolma_epoch32_wd0.4_lr1e-3,30m,30000000,0.05,30000000,32,,0.001,0.4,42,5.604762346600369,271.7174072265625,13279917,True,False,dolma_val_loss/chinchilla_0.05/30M/30M_seed42_case4_dolma_epoch32_wd0.4_lr1e-3.json,train_0.03B.npy,preprocessed/dolma2-0625/resharded,,,,,OLMo-dolma-0.03B
repeat,30M_seed42_case4_dolma_epoch32_wd0.8_lr1e-3,30m,30000000,0.05,30000000,32,,0.001,0.8,42,5.627200668227538,277.88311767578125,13279917,True,False,dolma_val_loss/chinchilla_0.05/30M/30M_seed42_case4_dolma_epoch32_wd0.8_lr1e-3.json,train_0.03B.npy,preprocessed/dolma2-0625/resharded,,,,,OLMo-dolma-0.03B
repeat,30M_seed42_case4_dolma_epoch32_wd1.6_lr1e-3,30m,30000000,0.05,30000000,32,,0.001,1.6,42,5.700540779673524,299.02899169921875,13279917,True,False,dolma_val_loss/chinchilla_0.05/30M/30M_seed42_case4_dolma_epoch32_wd1.6_lr1e-3.json,train_0.03B.npy,preprocessed/dolma2-0625/resharded,,,,,OLMo-dolma-0.03B
repeat,30M_seed42_case4_dolma_epoch32_wd0.1_lr3e-3,30m,30000000,0.05,30000000,32,,0.003,0.1,42,5.505373624996701,246.01031494140625,13279917,True,False,dolma_val_loss/chinchilla_0.05/30M/30M_seed42_case4_dolma_epoch32_wd0.1_lr3e-3.json,train_0.03B.npy,preprocessed/dolma2-0625/resharded,,,,,OLMo-dolma-0.03B
repeat,30M_seed42_case4_dolma_epoch32_wd0.2_lr3e-3,30m,30000000,0.05,30000000,32,,0.003,0.2,42,5.508973256281106,246.8974609375,13279917,True,False,dolma_val_loss/chinchilla_0.05/30M/30M_seed42_case4_dolma_epoch32_wd0.2_lr3e-3.json,train_0.03B.npy,preprocessed/dolma2-0625/resharded,,,,,OLMo-dolma-0.03B
repeat,30M_seed42_case4_dolma_epoch32_wd0.4_lr3e-3,30m,30000000,0.05,30000000,32,,0.003,0.4,42,5.4661779167740425,236.55433654785156,13279917,True,True,dolma_val_loss/chinchilla_0.05/30M/30M_seed42_case4_dolma_epoch32_wd0.4_lr3e-3.json,train_0.03B.npy,preprocessed/dolma2-0625/resharded,,,,,OLMo-dolma-0.03B
repeat,30M_seed42_case4_dolma_epoch32_wd0.8_lr3e-3,30m,30000000,0.05,30000000,32,,0.003,0.8,42,5.529717880343303,252.0727996826172,13279917,True,False,dolma_val_loss/chinchilla_0.05/30M/30M_seed42_case4_dolma_epoch32_wd0.8_lr3e-3.json,train_0.03B.npy,preprocessed/dolma2-0625/resharded,,,,,OLMo-dolma-0.03B
repeat,30M_seed42_case4_dolma_epoch32_wd1.6_lr3e-3,30m,30000000,0.05,30000000,32,,0.003,1.6,42,5.590982658720684,267.998779296875,13279917,True,False,dolma_val_loss/chinchilla_0.05/30M/30M_seed42_case4_dolma_epoch32_wd1.6_lr3e-3.json,train_0.03B.npy,preprocessed/dolma2-0625/resharded,,,,,OLMo-dolma-0.03B
repeat,30M_seed42_case4_dolma_epoch64_wd0.1_lr1e-4,30m,30000000,0.05,30000000,64,,0.0001,0.1,42,6.3499624701450035,572.4710693359375,13279917,True,False,dolma_val_loss/chinchilla_0.05/30M/30M_seed42_case4_dolma_epoch64_wd0.1_lr1e-4.json,train_0.03B.npy,preprocessed/dolma2-0625/resharded,,,,,OLMo-dolma-0.03B
repeat,30M_seed42_case4_dolma_epoch64_wd0.2_lr1e-4,30m,30000000,0.05,30000000,64,,0.0001,0.2,42,6.354063839360898,574.8240356445312,13279917,True,False,dolma_val_loss/chinchilla_0.05/30M/30M_seed42_case4_dolma_epoch64_wd0.2_lr1e-4.json,train_0.03B.npy,preprocessed/dolma2-0625/resharded,,,,,OLMo-dolma-0.03B
repeat,30M_seed42_case4_dolma_epoch64_wd0.4_lr1e-4,30m,30000000,0.05,30000000,64,,0.0001,0.4,42,6.367424658655858,582.5555419921875,13279917,True,False,dolma_val_loss/chinchilla_0.05/30M/30M_seed42_case4_dolma_epoch64_wd0.4_lr1e-4.json,train_0.03B.npy,preprocessed/dolma2-0625/resharded,,,,,OLMo-dolma-0.03B
repeat,30M_seed42_case4_dolma_epoch64_wd0.8_lr1e-4,30m,30000000,0.05,30000000,64,,0.0001,0.8,42,6.378837200569712,589.2420654296875,13279917,True,False,dolma_val_loss/chinchilla_0.05/30M/30M_seed42_case4_dolma_epoch64_wd0.8_lr1e-4.json,train_0.03B.npy,preprocessed/dolma2-0625/resharded,,,,,OLMo-dolma-0.03B
repeat,30M_seed42_case4_dolma_epoch64_wd1.6_lr1e-4,30m,30000000,0.05,30000000,64,,0.0001,1.6,42,6.414585976216239,610.6879272460938,13279917,True,False,dolma_val_loss/chinchilla_0.05/30M/30M_seed42_case4_dolma_epoch64_wd1.6_lr1e-4.json,train_0.03B.npy,preprocessed/dolma2-0625/resharded,,,,,OLMo-dolma-0.03B
repeat,30M_seed42_case4_dolma_epoch64_wd0.1_lr3e-4,30m,30000000,0.05,30000000,64,,0.0003,0.1,42,5.824079315637736,338.34954833984375,13279917,True,False,dolma_val_loss/chinchilla_0.05/30M/30M_seed42_case4_dolma_epoch64_wd0.1_lr3e-4.json,train_0.03B.npy,preprocessed/dolma2-0625/resharded,,,,,OLMo-dolma-0.03B
repeat,30M_seed42_case4_dolma_epoch64_wd0.2_lr3e-4,30m,30000000,0.05,30000000,64,,0.0003,0.2,42,5.826044792024467,339.01507568359375,13279917,True,False,dolma_val_loss/chinchilla_0.05/30M/30M_seed42_case4_dolma_epoch64_wd0.2_lr3e-4.json,train_0.03B.npy,preprocessed/dolma2-0625/resharded,,,,,OLMo-dolma-0.03B
repeat,30M_seed42_case4_dolma_epoch64_wd0.4_lr3e-4,30m,30000000,0.05,30000000,64,,0.0003,0.4,42,5.831146616579592,340.74920654296875,13279917,True,False,dolma_val_loss/chinchilla_0.05/30M/30M_seed42_case4_dolma_epoch64_wd0.4_lr3e-4.json,train_0.03B.npy,preprocessed/dolma2-0625/resharded,,,,,OLMo-dolma-0.03B
repeat,30M_seed42_case4_dolma_epoch64_wd0.8_lr3e-4,30m,30000000,0.05,30000000,64,,0.0003,0.8,42,5.8398438706003395,343.7256164550781,13279917,True,False,dolma_val_loss/chinchilla_0.05/30M/30M_seed42_case4_dolma_epoch64_wd0.8_lr3e-4.json,train_0.03B.npy,preprocessed/dolma2-0625/resharded,,,,,OLMo-dolma-0.03B
repeat,30M_seed42_case4_dolma_epoch64_wd1.6_lr3e-4,30m,30000000,0.05,30000000,64,,0.0003,1.6,42,5.8724151692446105,355.1055603027344,13279917,True,False,dolma_val_loss/chinchilla_0.05/30M/30M_seed42_case4_dolma_epoch64_wd1.6_lr3e-4.json,train_0.03B.npy,preprocessed/dolma2-0625/resharded,,,,,OLMo-dolma-0.03B
repeat,30M_seed42_case4_dolma_epoch64_wd0.1_lr1e-3,30m,30000000,0.05,30000000,64,,0.001,0.1,42,5.786396968497855,325.8369140625,13279917,True,False,dolma_val_loss/chinchilla_0.05/30M/30M_seed42_case4_dolma_epoch64_wd0.1_lr1e-3.json,train_0.03B.npy,preprocessed/dolma2-0625/resharded,,,,,OLMo-dolma-0.03B
repeat,30M_seed42_case4_dolma_epoch64_wd0.2_lr1e-3,30m,30000000,0.05,30000000,64,,0.001,0.2,42,5.757324826862505,316.5004577636719,13279917,True,False,dolma_val_loss/chinchilla_0.05/30M/30M_seed42_case4_dolma_epoch64_wd0.2_lr1e-3.json,train_0.03B.npy,preprocessed/dolma2-0625/resharded,,,,,OLMo-dolma-0.03B
repeat,30M_seed42_case4_dolma_epoch64_wd0.4_lr1e-3,30m,30000000,0.05,30000000,64,,0.001,0.4,42,5.684053649099896,294.1392822265625,13279917,True,False,dolma_val_loss/chinchilla_0.05/30M/30M_seed42_case4_dolma_epoch64_wd0.4_lr1e-3.json,train_0.03B.npy,preprocessed/dolma2-0625/resharded,,,,,OLMo-dolma-0.03B
repeat,30M_seed42_case4_dolma_epoch64_wd0.8_lr1e-3,30m,30000000,0.05,30000000,64,,0.001,0.8,42,5.6061058057041135,272.0826416015625,13279917,True,False,dolma_val_loss/chinchilla_0.05/30M/30M_seed42_case4_dolma_epoch64_wd0.8_lr1e-3.json,train_0.03B.npy,preprocessed/dolma2-0625/resharded,,,,,OLMo-dolma-0.03B
repeat,30M_seed42_case4_dolma_epoch64_wd1.6_lr1e-3,30m,30000000,0.05,30000000,64,,0.001,1.6,42,5.575544579172516,263.8931579589844,13279917,True,False,dolma_val_loss/chinchilla_0.05/30M/30M_seed42_case4_dolma_epoch64_wd1.6_lr1e-3.json,train_0.03B.npy,preprocessed/dolma2-0625/resharded,,,,,OLMo-dolma-0.03B
repeat,30M_seed42_case4_dolma_epoch64_wd0.1_lr3e-3,30m,30000000,0.05,30000000,64,,0.003,0.1,42,5.9348379927486326,377.97869873046875,13279917,True,False,dolma_val_loss/chinchilla_0.05/30M/30M_seed42_case4_dolma_epoch64_wd0.1_lr3e-3.json,train_0.03B.npy,preprocessed/dolma2-0625/resharded,,,,,OLMo-dolma-0.03B
repeat,30M_seed42_case4_dolma_epoch64_wd0.2_lr3e-3,30m,30000000,0.05,30000000,64,,0.003,0.2,42,5.891143090308024,361.8187255859375,13279917,True,False,dolma_val_loss/chinchilla_0.05/30M/30M_seed42_case4_dolma_epoch64_wd0.2_lr3e-3.json,train_0.03B.npy,preprocessed/dolma2-0625/resharded,,,,,OLMo-dolma-0.03B
repeat,30M_seed42_case4_dolma_epoch64_wd0.4_lr3e-3,30m,30000000,0.05,30000000,64,,0.003,0.4,42,5.667713923320854,289.372314453125,13279917,True,False,dolma_val_loss/chinchilla_0.05/30M/30M_seed42_case4_dolma_epoch64_wd0.4_lr3e-3.json,train_0.03B.npy,preprocessed/dolma2-0625/resharded,,,,,OLMo-dolma-0.03B
repeat,30M_seed42_case4_dolma_epoch64_wd0.8_lr3e-3,30m,30000000,0.05,30000000,64,,0.003,0.8,42,5.43140414707423,228.46981811523438,13279917,True,False,dolma_val_loss/chinchilla_0.05/30M/30M_seed42_case4_dolma_epoch64_wd0.8_lr3e-3.json,train_0.03B.npy,preprocessed/dolma2-0625/resharded,,,,,OLMo-dolma-0.03B
repeat,30M_seed42_case4_dolma_epoch64_wd1.6_lr3e-3,30m,30000000,0.05,30000000,64,,0.003,1.6,42,5.338745352771807,208.251220703125,13279917,True,True,dolma_val_loss/chinchilla_0.05/30M/30M_seed42_case4_dolma_epoch64_wd1.6_lr3e-3.json,train_0.03B.npy,preprocessed/dolma2-0625/resharded,,,,,OLMo-dolma-0.03B
repeat,30M_seed42_case4_dolma_epoch128_wd1.6_lr3e-3,30m,30000000,0.05,30000000,128,,0.003,1.6,42,5.720307805761075,304.9988098144531,3478624,True,True,dolma_val_loss/chinchilla_0.05/30M/30M_seed42_case4_dolma_epoch128_wd1.6_lr3e-3.json,train_0.03B.npy,preprocessed/dolma2-0625/resharded,,,,,OLMo-dolma-0.03B
repeat,30M_seed42_case4_dolma_epoch128_wd2.0_lr3e-3,30m,30000000,0.05,30000000,128,,0.003,2.0,42,5.737550392506356,310.3033142089844,3478624,True,False,dolma_val_loss/chinchilla_0.05/30M/30M_seed42_case4_dolma_epoch128_wd2.0_lr3e-3.json,train_0.03B.npy,preprocessed/dolma2-0625/resharded,,,,,OLMo-dolma-0.03B
repeat,30M_seed42_case4_dolma_epoch128_wd3.2_lr3e-3,30m,30000000,0.05,30000000,128,,0.003,3.2,42,6.022711513704957,412.6960144042969,3478624,True,False,dolma_val_loss/chinchilla_0.05/30M/30M_seed42_case4_dolma_epoch128_wd3.2_lr3e-3.json,train_0.03B.npy,preprocessed/dolma2-0625/resharded,,,,,OLMo-dolma-0.03B
repeat,30M_seed42_case4_dolma_epoch128_wd6.4_lr3e-3,30m,30000000,0.05,30000000,128,,0.003,6.4,42,7.205693041973323,1347.0782470703125,3478624,True,False,dolma_val_loss/chinchilla_0.05/30M/30M_seed42_case4_dolma_epoch128_wd6.4_lr3e-3.json,train_0.03B.npy,preprocessed/dolma2-0625/resharded,,,,,OLMo-dolma-0.03B
repeat,30M_seed42_case4_dolma_epoch1_wd0.1_lr1e-4,30m,30000000,0.1,60000000,1,,0.0001,0.1,42,10.822972223125058,50159.95703125,13279917,True,False,dolma_val_loss/chinchilla_0.1/30M/30M_seed42_case4_dolma_epoch1_wd0.1_lr1e-4.json,train_0.06B.npy,preprocessed/dolma2-0625/resharded,,,,,OLMo-dolma-0.06B
repeat,30M_seed42_case4_dolma_epoch1_wd0.2_lr1e-4,30m,30000000,0.1,60000000,1,,0.0001,0.2,42,10.823121604735698,50167.46875,13279917,True,False,dolma_val_loss/chinchilla_0.1/30M/30M_seed42_case4_dolma_epoch1_wd0.2_lr1e-4.json,train_0.06B.npy,preprocessed/dolma2-0625/resharded,,,,,OLMo-dolma-0.06B
repeat,30M_seed42_case4_dolma_epoch1_wd0.4_lr1e-4,30m,30000000,0.1,60000000,1,,0.0001,0.4,42,10.823399130972543,50181.390625,13279917,True,False,dolma_val_loss/chinchilla_0.1/30M/30M_seed42_case4_dolma_epoch1_wd0.4_lr1e-4.json,train_0.06B.npy,preprocessed/dolma2-0625/resharded,,,,,OLMo-dolma-0.06B
repeat,30M_seed42_case4_dolma_epoch1_wd0.8_lr1e-4,30m,30000000,0.1,60000000,1,,0.0001,0.8,42,10.824053071018346,50214.18359375,13279917,True,False,dolma_val_loss/chinchilla_0.1/30M/30M_seed42_case4_dolma_epoch1_wd0.8_lr1e-4.json,train_0.06B.npy,preprocessed/dolma2-0625/resharded,,,,,OLMo-dolma-0.06B
repeat,30M_seed42_case4_dolma_epoch1_wd1.6_lr1e-4,30m,30000000,0.1,60000000,1,,0.0001,1.6,42,10.82546034417398,50284.91796875,13279917,True,False,dolma_val_loss/chinchilla_0.1/30M/30M_seed42_case4_dolma_epoch1_wd1.6_lr1e-4.json,train_0.06B.npy,preprocessed/dolma2-0625/resharded,,,,,OLMo-dolma-0.06B
repeat,30M_seed42_case4_dolma_epoch1_wd0.1_lr3e-4,30m,30000000,0.1,60000000,1,,0.0003,0.1,42,10.007209960260152,22185.845703125,13279917,True,False,dolma_val_loss/chinchilla_0.1/30M/30M_seed42_case4_dolma_epoch1_wd0.1_lr3e-4.json,train_0.06B.npy,preprocessed/dolma2-0625/resharded,,,,,OLMo-dolma-0.06B
repeat,30M_seed42_case4_dolma_epoch1_wd0.2_lr3e-4,30m,30000000,0.1,60000000,1,,0.0003,0.2,42,10.00815996046182,22206.9296875,13279917,True,False,dolma_val_loss/chinchilla_0.1/30M/30M_seed42_case4_dolma_epoch1_wd0.2_lr3e-4.json,train_0.06B.npy,preprocessed/dolma2-0625/resharded,,,,,OLMo-dolma-0.06B
repeat,30M_seed42_case4_dolma_epoch1_wd0.4_lr3e-4,30m,30000000,0.1,60000000,1,,0.0003,0.4,42,10.010037456253492,22248.66796875,13279917,True,False,dolma_val_loss/chinchilla_0.1/30M/30M_seed42_case4_dolma_epoch1_wd0.4_lr3e-4.json,train_0.06B.npy,preprocessed/dolma2-0625/resharded,,,,,OLMo-dolma-0.06B
repeat,30M_seed42_case4_dolma_epoch1_wd0.8_lr3e-4,30m,30000000,0.1,60000000,1,,0.0003,0.8,42,10.013862910203054,22333.935546875,13279917,True,False,dolma_val_loss/chinchilla_0.1/30M/30M_seed42_case4_dolma_epoch1_wd0.8_lr3e-4.json,train_0.06B.npy,preprocessed/dolma2-0625/resharded,,,,,OLMo-dolma-0.06B
repeat,30M_seed42_case4_dolma_epoch1_wd1.6_lr3e-4,30m,30000000,0.1,60000000,1,,0.0003,1.6,42,10.021332990688355,22501.3984375,13279917,True,False,dolma_val_loss/chinchilla_0.1/30M/30M_seed42_case4_dolma_epoch1_wd1.6_lr3e-4.json,train_0.06B.npy,preprocessed/dolma2-0625/resharded,,,,,OLMo-dolma-0.06B
repeat,30M_seed42_case4_dolma_epoch1_wd0.1_lr1e-3,30m,30000000,0.1,60000000,1,,0.001,0.1,42,8.399034898635614,4442.775390625,13279917,True,False,dolma_val_loss/chinchilla_0.1/30M/30M_seed42_case4_dolma_epoch1_wd0.1_lr1e-3.json,train_0.06B.npy,preprocessed/dolma2-0625/resharded,,,,,OLMo-dolma-0.06B
repeat,30M_seed42_case4_dolma_epoch1_wd0.2_lr1e-3,30m,30000000,0.1,60000000,1,,0.001,0.2,42,8.402170075657052,4456.72802734375,13279917,True,False,dolma_val_loss/chinchilla_0.1/30M/30M_seed42_case4_dolma_epoch1_wd0.2_lr1e-3.json,train_0.06B.npy,preprocessed/dolma2-0625/resharded,,,,,OLMo-dolma-0.06B
repeat,30M_seed42_case4_dolma_epoch1_wd0.4_lr1e-3,30m,30000000,0.1,60000000,1,,0.001,0.4,42,8.408546605356467,4485.236328125,13279917,True,False,dolma_val_loss/chinchilla_0.1/30M/30M_seed42_case4_dolma_epoch1_wd0.4_lr1e-3.json,train_0.06B.npy,preprocessed/dolma2-0625/resharded,,,,,OLMo-dolma-0.06B
repeat,30M_seed42_case4_dolma_epoch1_wd0.8_lr1e-3,30m,30000000,0.1,60000000,1,,0.001,0.8,42,8.421027353159474,4541.56591796875,13279917,True,False,dolma_val_loss/chinchilla_0.1/30M/30M_seed42_case4_dolma_epoch1_wd0.8_lr1e-3.json,train_0.06B.npy,preprocessed/dolma2-0625/resharded,,,,,OLMo-dolma-0.06B
repeat,30M_seed42_case4_dolma_epoch1_wd1.6_lr1e-3,30m,30000000,0.1,60000000,1,,0.001,1.6,42,8.446930669175586,4660.74658203125,13279917,True,False,dolma_val_loss/chinchilla_0.1/30M/30M_seed42_case4_dolma_epoch1_wd1.6_lr1e-3.json,train_0.06B.npy,preprocessed/dolma2-0625/resharded,,,,,OLMo-dolma-0.06B
repeat,30M_seed42_case4_dolma_epoch1_wd0.1_lr3e-3,30m,30000000,0.1,60000000,1,,0.003,0.1,42,8.011823383884147,3016.4130859375,13279917,True,True,dolma_val_loss/chinchilla_0.1/30M/30M_seed42_case4_dolma_epoch1_wd0.1_lr3e-3.json,train_0.06B.npy,preprocessed/dolma2-0625/resharded,,,,,OLMo-dolma-0.06B
repeat,30M_seed42_case4_dolma_epoch1_wd0.2_lr3e-3,30m,30000000,0.1,60000000,1,,0.003,0.2,42,8.012902324821335,3019.668212890625,13279917,True,False,dolma_val_loss/chinchilla_0.1/30M/30M_seed42_case4_dolma_epoch1_wd0.2_lr3e-3.json,train_0.06B.npy,preprocessed/dolma2-0625/resharded,,,,,OLMo-dolma-0.06B
repeat,30M_seed42_case4_dolma_epoch1_wd0.4_lr3e-3,30m,30000000,0.1,60000000,1,,0.003,0.4,42,8.014976669046575,3025.938232421875,13279917,True,False,dolma_val_loss/chinchilla_0.1/30M/30M_seed42_case4_dolma_epoch1_wd0.4_lr3e-3.json,train_0.06B.npy,preprocessed/dolma2-0625/resharded,,,,,OLMo-dolma-0.06B
repeat,30M_seed42_case4_dolma_epoch1_wd0.8_lr3e-3,30m,30000000,0.1,60000000,1,,0.003,0.8,42,8.0190374520566,3038.250732421875,13279917,True,False,dolma_val_loss/chinchilla_0.1/30M/30M_seed42_case4_dolma_epoch1_wd0.8_lr3e-3.json,train_0.06B.npy,preprocessed/dolma2-0625/resharded,,,,,OLMo-dolma-0.06B
repeat,30M_seed42_case4_dolma_epoch1_wd1.6_lr3e-3,30m,30000000,0.1,60000000,1,,0.003,1.6,42,8.031123676880144,3075.196533203125,13279917,True,False,dolma_val_loss/chinchilla_0.1/30M/30M_seed42_case4_dolma_epoch1_wd1.6_lr3e-3.json,train_0.06B.npy,preprocessed/dolma2-0625/resharded,,,,,OLMo-dolma-0.06B
repeat,30M_seed42_case4_dolma_epoch2_wd0.1_lr1e-4,30m,30000000,0.1,60000000,2,,0.0001,0.1,42,10.307950296889093,29969.935546875,13279917,True,False,dolma_val_loss/chinchilla_0.1/30M/30M_seed42_case4_dolma_epoch2_wd0.1_lr1e-4.json,train_0.06B.npy,preprocessed/dolma2-0625/resharded,,,,,OLMo-dolma-0.06B
repeat,30M_seed42_case4_dolma_epoch2_wd0.2_lr1e-4,30m,30000000,0.1,60000000,2,,0.0001,0.2,42,10.308466203522064,29985.40234375,13279917,True,False,dolma_val_loss/chinchilla_0.1/30M/30M_seed42_case4_dolma_epoch2_wd0.2_lr1e-4.json,train_0.06B.npy,preprocessed/dolma2-0625/resharded,,,,,OLMo-dolma-0.06B
repeat,30M_seed42_case4_dolma_epoch2_wd0.4_lr1e-4,30m,30000000,0.1,60000000,2,,0.0001,0.4,42,10.309569767665906,30018.505859375,13279917,True,False,dolma_val_loss/chinchilla_0.1/30M/30M_seed42_case4_dolma_epoch2_wd0.4_lr1e-4.json,train_0.06B.npy,preprocessed/dolma2-0625/resharded,,,,,OLMo-dolma-0.06B
repeat,30M_seed42_case4_dolma_epoch2_wd0.8_lr1e-4,30m,30000000,0.1,60000000,2,,0.0001,0.8,42,10.311735233389683,30083.591796875,13279917,True,False,dolma_val_loss/chinchilla_0.1/30M/30M_seed42_case4_dolma_epoch2_wd0.8_lr1e-4.json,train_0.06B.npy,preprocessed/dolma2-0625/resharded,,,,,OLMo-dolma-0.06B
repeat,30M_seed42_case4_dolma_epoch2_wd1.6_lr1e-4,30m,30000000,0.1,60000000,2,,0.0001,1.6,42,10.316022054380593,30212.830078125,13279917,True,False,dolma_val_loss/chinchilla_0.1/30M/30M_seed42_case4_dolma_epoch2_wd1.6_lr1e-4.json,train_0.06B.npy,preprocessed/dolma2-0625/resharded,,,,,OLMo-dolma-0.06B
repeat,30M_seed42_case4_dolma_epoch2_wd0.1_lr3e-4,30m,30000000,0.1,60000000,2,,0.0003,0.1,42,8.912203670640647,7421.99951171875,13279917,True,False,dolma_val_loss/chinchilla_0.1/30M/30M_seed42_case4_dolma_epoch2_wd0.1_lr3e-4.json,train_0.06B.npy,preprocessed/dolma2-0625/resharded,,,,,OLMo-dolma-0.06B
repeat,30M_seed42_case4_dolma_epoch2_wd0.2_lr3e-4,30m,30000000,0.1,60000000,2,,0.0003,0.2,42,8.914724866332701,7440.73779296875,13279917,True,False,dolma_val_loss/chinchilla_0.1/30M/30M_seed42_case4_dolma_epoch2_wd0.2_lr3e-4.json,train_0.06B.npy,preprocessed/dolma2-0625/resharded,,,,,OLMo-dolma-0.06B
repeat,30M_seed42_case4_dolma_epoch2_wd0.4_lr3e-4,30m,30000000,0.1,60000000,2,,0.0003,0.4,42,8.919736416091917,7478.12109375,13279917,True,False,dolma_val_loss/chinchilla_0.1/30M/30M_seed42_case4_dolma_epoch2_wd0.4_lr3e-4.json,train_0.06B.npy,preprocessed/dolma2-0625/resharded,,,,,OLMo-dolma-0.06B
repeat,30M_seed42_case4_dolma_epoch2_wd0.8_lr3e-4,30m,30000000,0.1,60000000,2,,0.0003,0.8,42,8.92968610265387,7552.8974609375,13279917,True,False,dolma_val_loss/chinchilla_0.1/30M/30M_seed42_case4_dolma_epoch2_wd0.8_lr3e-4.json,train_0.06B.npy,preprocessed/dolma2-0625/resharded,,,,,OLMo-dolma-0.06B
repeat,30M_seed42_case4_dolma_epoch2_wd1.6_lr3e-4,30m,30000000,0.1,60000000,2,,0.0003,1.6,42,8.949859952737986,7706.81005859375,13279917,True,False,dolma_val_loss/chinchilla_0.1/30M/30M_seed42_case4_dolma_epoch2_wd1.6_lr3e-4.json,train_0.06B.npy,preprocessed/dolma2-0625/resharded,,,,,OLMo-dolma-0.06B
repeat,30M_seed42_case4_dolma_epoch2_wd0.1_lr1e-3,30m,30000000,0.1,60000000,2,,0.001,0.1,42,7.646064572424474,2092.395263671875,13279917,True,False,dolma_val_loss/chinchilla_0.1/30M/30M_seed42_case4_dolma_epoch2_wd0.1_lr1e-3.json,train_0.06B.npy,preprocessed/dolma2-0625/resharded,,,,,OLMo-dolma-0.06B
repeat,30M_seed42_case4_dolma_epoch2_wd0.2_lr1e-3,30m,30000000,0.1,60000000,2,,0.001,0.2,42,7.6535609431955125,2108.1396484375,13279917,True,False,dolma_val_loss/chinchilla_0.1/30M/30M_seed42_case4_dolma_epoch2_wd0.2_lr1e-3.json,train_0.06B.npy,preprocessed/dolma2-0625/resharded,,,,,OLMo-dolma-0.06B
repeat,30M_seed42_case4_dolma_epoch2_wd0.4_lr1e-3,30m,30000000,0.1,60000000,2,,0.001,0.4,42,7.68097079321213,2166.721923828125,13279917,True,False,dolma_val_loss/chinchilla_0.1/30M/30M_seed42_case4_dolma_epoch2_wd0.4_lr1e-3.json,train_0.06B.npy,preprocessed/dolma2-0625/resharded,,,,,OLMo-dolma-0.06B
repeat,30M_seed42_case4_dolma_epoch2_wd0.8_lr1e-3,30m,30000000,0.1,60000000,2,,0.001,0.8,42,7.679687029511602,2163.9423828125,13279917,True,False,dolma_val_loss/chinchilla_0.1/30M/30M_seed42_case4_dolma_epoch2_wd0.8_lr1e-3.json,train_0.06B.npy,preprocessed/dolma2-0625/resharded,,,,,OLMo-dolma-0.06B
repeat,30M_seed42_case4_dolma_epoch2_wd1.6_lr1e-3,30m,30000000,0.1,60000000,2,,0.001,1.6,42,7.697319454520358,2202.4365234375,13279917,True,False,dolma_val_loss/chinchilla_0.1/30M/30M_seed42_case4_dolma_epoch2_wd1.6_lr1e-3.json,train_0.06B.npy,preprocessed/dolma2-0625/resharded,,,,,OLMo-dolma-0.06B
repeat,30M_seed42_case4_dolma_epoch2_wd0.1_lr3e-3,30m,30000000,0.1,60000000,2,,0.003,0.1,42,7.562272379213194,1924.21337890625,13279917,True,True,dolma_val_loss/chinchilla_0.1/30M/30M_seed42_case4_dolma_epoch2_wd0.1_lr3e-3.json,train_0.06B.npy,preprocessed/dolma2-0625/resharded,,,,,OLMo-dolma-0.06B
repeat,30M_seed42_case4_dolma_epoch2_wd0.2_lr3e-3,30m,30000000,0.1,60000000,2,,0.003,0.2,42,7.596462017638411,1991.1392822265625,13279917,True,False,dolma_val_loss/chinchilla_0.1/30M/30M_seed42_case4_dolma_epoch2_wd0.2_lr3e-3.json,train_0.06B.npy,preprocessed/dolma2-0625/resharded,,,,,OLMo-dolma-0.06B
repeat,30M_seed42_case4_dolma_epoch2_wd0.4_lr3e-3,30m,30000000,0.1,60000000,2,,0.003,0.4,42,7.628460254060228,2055.88232421875,13279917,True,False,dolma_val_loss/chinchilla_0.1/30M/30M_seed42_case4_dolma_epoch2_wd0.4_lr3e-3.json,train_0.06B.npy,preprocessed/dolma2-0625/resharded,,,,,OLMo-dolma-0.06B
repeat,30M_seed42_case4_dolma_epoch2_wd0.8_lr3e-3,30m,30000000,0.1,60000000,2,,0.003,0.8,42,7.603079973186674,2004.359375,13279917,True,False,dolma_val_loss/chinchilla_0.1/30M/30M_seed42_case4_dolma_epoch2_wd0.8_lr3e-3.json,train_0.06B.npy,preprocessed/dolma2-0625/resharded,,,,,OLMo-dolma-0.06B
repeat,30M_seed42_case4_dolma_epoch2_wd1.6_lr3e-3,30m,30000000,0.1,60000000,2,,0.003,1.6,42,7.685295267541017,2176.112060546875,13279917,True,False,dolma_val_loss/chinchilla_0.1/30M/30M_seed42_case4_dolma_epoch2_wd1.6_lr3e-3.json,train_0.06B.npy,preprocessed/dolma2-0625/resharded,,,,,OLMo-dolma-0.06B
repeat,30M_seed42_case4_dolma_epoch4_wd0.1_lr1e-4,30m,30000000,0.1,60000000,4,,0.0001,0.1,42,9.425821698618533,12404.5830078125,13279917,True,False,dolma_val_loss/chinchilla_0.1/30M/30M_seed42_case4_dolma_epoch4_wd0.1_lr1e-4.json,train_0.06B.npy,preprocessed/dolma2-0625/resharded,,,,,OLMo-dolma-0.06B
repeat,30M_seed42_case4_dolma_epoch4_wd0.2_lr1e-4,30m,30000000,0.1,60000000,4,,0.0001,0.2,42,9.427436816164306,12424.6396484375,13279917,True,False,dolma_val_loss/chinchilla_0.1/30M/30M_seed42_case4_dolma_epoch4_wd0.2_lr1e-4.json,train_0.06B.npy,preprocessed/dolma2-0625/resharded,,,,,OLMo-dolma-0.06B
repeat,30M_seed42_case4_dolma_epoch4_wd0.4_lr1e-4,30m,30000000,0.1,60000000,4,,0.0001,0.4,42,9.430570335813517,12463.63671875,13279917,True,False,dolma_val_loss/chinchilla_0.1/30M/30M_seed42_case4_dolma_epoch4_wd0.4_lr1e-4.json,train_0.06B.npy,preprocessed/dolma2-0625/resharded,,,,,OLMo-dolma-0.06B
repeat,30M_seed42_case4_dolma_epoch4_wd0.8_lr1e-4,30m,30000000,0.1,60000000,4,,0.0001,0.8,42,9.43702010374599,12544.283203125,13279917,True,False,dolma_val_loss/chinchilla_0.1/30M/30M_seed42_case4_dolma_epoch4_wd0.8_lr1e-4.json,train_0.06B.npy,preprocessed/dolma2-0625/resharded,,,,,OLMo-dolma-0.06B
repeat,30M_seed42_case4_dolma_epoch4_wd1.6_lr1e-4,30m,30000000,0.1,60000000,4,,0.0001,1.6,42,9.449952017566497,12707.556640625,13279917,True,False,dolma_val_loss/chinchilla_0.1/30M/30M_seed42_case4_dolma_epoch4_wd1.6_lr1e-4.json,train_0.06B.npy,preprocessed/dolma2-0625/resharded,,,,,OLMo-dolma-0.06B
repeat,30M_seed42_case4_dolma_epoch4_wd0.1_lr3e-4,30m,30000000,0.1,60000000,4,,0.0003,0.1,42,7.81267525067763,2471.734619140625,13279917,True,False,dolma_val_loss/chinchilla_0.1/30M/30M_seed42_case4_dolma_epoch4_wd0.1_lr3e-4.json,train_0.06B.npy,preprocessed/dolma2-0625/resharded,,,,,OLMo-dolma-0.06B
repeat,30M_seed42_case4_dolma_epoch4_wd0.2_lr3e-4,30m,30000000,0.1,60000000,4,,0.0003,0.2,42,7.816714382691078,2481.73779296875,13279917,True,False,dolma_val_loss/chinchilla_0.1/30M/30M_seed42_case4_dolma_epoch4_wd0.2_lr3e-4.json,train_0.06B.npy,preprocessed/dolma2-0625/resharded,,,,,OLMo-dolma-0.06B
repeat,30M_seed42_case4_dolma_epoch4_wd0.4_lr3e-4,30m,30000000,0.1,60000000,4,,0.0003,0.4,42,7.82472773829154,2501.704345703125,13279917,True,False,dolma_val_loss/chinchilla_0.1/30M/30M_seed42_case4_dolma_epoch4_wd0.4_lr3e-4.json,train_0.06B.npy,preprocessed/dolma2-0625/resharded,,,,,OLMo-dolma-0.06B
repeat,30M_seed42_case4_dolma_epoch4_wd0.8_lr3e-4,30m,30000000,0.1,60000000,4,,0.0003,0.8,42,7.84050756368385,2541.494384765625,13279917,True,False,dolma_val_loss/chinchilla_0.1/30M/30M_seed42_case4_dolma_epoch4_wd0.8_lr3e-4.json,train_0.06B.npy,preprocessed/dolma2-0625/resharded,,,,,OLMo-dolma-0.06B
repeat,30M_seed42_case4_dolma_epoch4_wd1.6_lr3e-4,30m,30000000,0.1,60000000,4,,0.0003,1.6,42,7.873162948561727,2625.857421875,13279917,True,False,dolma_val_loss/chinchilla_0.1/30M/30M_seed42_case4_dolma_epoch4_wd1.6_lr3e-4.json,train_0.06B.npy,preprocessed/dolma2-0625/resharded,,,,,OLMo-dolma-0.06B
repeat,30M_seed42_case4_dolma_epoch4_wd0.1_lr1e-3,30m,30000000,0.1,60000000,4,,0.001,0.1,42,6.801536679864391,899.2279663085938,13279917,True,False,dolma_val_loss/chinchilla_0.1/30M/30M_seed42_case4_dolma_epoch4_wd0.1_lr1e-3.json,train_0.06B.npy,preprocessed/dolma2-0625/resharded,,,,,OLMo-dolma-0.06B
repeat,30M_seed42_case4_dolma_epoch4_wd0.2_lr1e-3,30m,30000000,0.1,60000000,4,,0.001,0.2,42,6.8144104083597155,910.879150390625,13279917,True,False,dolma_val_loss/chinchilla_0.1/30M/30M_seed42_case4_dolma_epoch4_wd0.2_lr1e-3.json,train_0.06B.npy,preprocessed/dolma2-0625/resharded,,,,,OLMo-dolma-0.06B
repeat,30M_seed42_case4_dolma_epoch4_wd0.4_lr1e-3,30m,30000000,0.1,60000000,4,,0.001,0.4,42,6.842351199459445,936.6890869140625,13279917,True,False,dolma_val_loss/chinchilla_0.1/30M/30M_seed42_case4_dolma_epoch4_wd0.4_lr1e-3.json,train_0.06B.npy,preprocessed/dolma2-0625/resharded,,,,,OLMo-dolma-0.06B
repeat,30M_seed42_case4_dolma_epoch4_wd0.8_lr1e-3,30m,30000000,0.1,60000000,4,,0.001,0.8,42,6.865143311889676,958.2831420898438,13279917,True,False,dolma_val_loss/chinchilla_0.1/30M/30M_seed42_case4_dolma_epoch4_wd0.8_lr1e-3.json,train_0.06B.npy,preprocessed/dolma2-0625/resharded,,,,,OLMo-dolma-0.06B
repeat,30M_seed42_case4_dolma_epoch4_wd1.6_lr1e-3,30m,30000000,0.1,60000000,4,,0.001,1.6,42,6.877551249590829,970.2473754882812,13279917,True,False,dolma_val_loss/chinchilla_0.1/30M/30M_seed42_case4_dolma_epoch4_wd1.6_lr1e-3.json,train_0.06B.npy,preprocessed/dolma2-0625/resharded,,,,,OLMo-dolma-0.06B
repeat,30M_seed42_case4_dolma_epoch4_wd0.1_lr3e-3,30m,30000000,0.1,60000000,4,,0.003,0.1,42,6.702153333653177,814.156982421875,13279917,True,False,dolma_val_loss/chinchilla_0.1/30M/30M_seed42_case4_dolma_epoch4_wd0.1_lr3e-3.json,train_0.06B.npy,preprocessed/dolma2-0625/resharded,,,,,OLMo-dolma-0.06B
repeat,30M_seed42_case4_dolma_epoch4_wd0.2_lr3e-3,30m,30000000,0.1,60000000,4,,0.003,0.2,42,6.7067181565904415,817.8818969726562,13279917,True,False,dolma_val_loss/chinchilla_0.1/30M/30M_seed42_case4_dolma_epoch4_wd0.2_lr3e-3.json,train_0.06B.npy,preprocessed/dolma2-0625/resharded,,,,,OLMo-dolma-0.06B
repeat,30M_seed42_case4_dolma_epoch4_wd0.4_lr3e-3,30m,30000000,0.1,60000000,4,,0.003,0.4,42,6.664908736846068,784.3919677734375,13279917,True,True,dolma_val_loss/chinchilla_0.1/30M/30M_seed42_case4_dolma_epoch4_wd0.4_lr3e-3.json,train_0.06B.npy,preprocessed/dolma2-0625/resharded,,,,,OLMo-dolma-0.06B
repeat,30M_seed42_case4_dolma_epoch4_wd0.8_lr3e-3,30m,30000000,0.1,60000000,4,,0.003,0.8,42,6.6882774747240274,802.9378051757812,13279917,True,False,dolma_val_loss/chinchilla_0.1/30M/30M_seed42_case4_dolma_epoch4_wd0.8_lr3e-3.json,train_0.06B.npy,preprocessed/dolma2-0625/resharded,,,,,OLMo-dolma-0.06B
repeat,30M_seed42_case4_dolma_epoch4_wd1.6_lr3e-3,30m,30000000,0.1,60000000,4,,0.003,1.6,42,6.748228305709667,852.5467529296875,13279917,True,False,dolma_val_loss/chinchilla_0.1/30M/30M_seed42_case4_dolma_epoch4_wd1.6_lr3e-3.json,train_0.06B.npy,preprocessed/dolma2-0625/resharded,,,,,OLMo-dolma-0.06B
repeat,30M_seed42_case4_dolma_epoch8_wd0.1_lr1e-4,30m,30000000,0.1,60000000,8,,0.0001,0.1,42,8.26063668683768,3868.554931640625,13279917,True,False,dolma_val_loss/chinchilla_0.1/30M/30M_seed42_case4_dolma_epoch8_wd0.1_lr1e-4.json,train_0.06B.npy,preprocessed/dolma2-0625/resharded,,,,,OLMo-dolma-0.06B
repeat,30M_seed42_case4_dolma_epoch8_wd0.2_lr1e-4,30m,30000000,0.1,60000000,8,,0.0001,0.2,42,8.26416440487495,3882.22607421875,13279917,True,False,dolma_val_loss/chinchilla_0.1/30M/30M_seed42_case4_dolma_epoch8_wd0.2_lr1e-4.json,train_0.06B.npy,preprocessed/dolma2-0625/resharded,,,,,OLMo-dolma-0.06B
repeat,30M_seed42_case4_dolma_epoch8_wd0.4_lr1e-4,30m,30000000,0.1,60000000,8,,0.0001,0.4,42,8.271740031983068,3911.749267578125,13279917,True,False,dolma_val_loss/chinchilla_0.1/30M/30M_seed42_case4_dolma_epoch8_wd0.4_lr1e-4.json,train_0.06B.npy,preprocessed/dolma2-0625/resharded,,,,,OLMo-dolma-0.06B
repeat,30M_seed42_case4_dolma_epoch8_wd0.8_lr1e-4,30m,30000000,0.1,60000000,8,,0.0001,0.8,42,8.286081565224109,3968.25341796875,13279917,True,False,dolma_val_loss/chinchilla_0.1/30M/30M_seed42_case4_dolma_epoch8_wd0.8_lr1e-4.json,train_0.06B.npy,preprocessed/dolma2-0625/resharded,,,,,OLMo-dolma-0.06B
repeat,30M_seed42_case4_dolma_epoch8_wd1.6_lr1e-4,30m,30000000,0.1,60000000,8,,0.0001,1.6,42,8.315185012280903,4085.439453125,13279917,True,False,dolma_val_loss/chinchilla_0.1/30M/30M_seed42_case4_dolma_epoch8_wd1.6_lr1e-4.json,train_0.06B.npy,preprocessed/dolma2-0625/resharded,,,,,OLMo-dolma-0.06B
repeat,30M_seed42_case4_dolma_epoch8_wd0.1_lr3e-4,30m,30000000,0.1,60000000,8,,0.0003,0.1,42,6.847577051315767,941.5967407226562,13279917,True,False,dolma_val_loss/chinchilla_0.1/30M/30M_seed42_case4_dolma_epoch8_wd0.1_lr3e-4.json,train_0.06B.npy,preprocessed/dolma2-0625/resharded,,,,,OLMo-dolma-0.06B
repeat,30M_seed42_case4_dolma_epoch8_wd0.2_lr3e-4,30m,30000000,0.1,60000000,8,,0.0003,0.2,42,6.851244475874972,945.0562744140625,13279917,True,False,dolma_val_loss/chinchilla_0.1/30M/30M_seed42_case4_dolma_epoch8_wd0.2_lr3e-4.json,train_0.06B.npy,preprocessed/dolma2-0625/resharded,,,,,OLMo-dolma-0.06B
repeat,30M_seed42_case4_dolma_epoch8_wd0.4_lr3e-4,30m,30000000,0.1,60000000,8,,0.0003,0.4,42,6.861337038688759,954.6427612304688,13279917,True,False,dolma_val_loss/chinchilla_0.1/30M/30M_seed42_case4_dolma_epoch8_wd0.4_lr3e-4.json,train_0.06B.npy,preprocessed/dolma2-0625/resharded,,,,,OLMo-dolma-0.06B
repeat,30M_seed42_case4_dolma_epoch8_wd0.8_lr3e-4,30m,30000000,0.1,60000000,8,,0.0003,0.8,42,6.881347877044219,973.93798828125,13279917,True,False,dolma_val_loss/chinchilla_0.1/30M/30M_seed42_case4_dolma_epoch8_wd0.8_lr3e-4.json,train_0.06B.npy,preprocessed/dolma2-0625/resharded,,,,,OLMo-dolma-0.06B
repeat,30M_seed42_case4_dolma_epoch8_wd1.6_lr3e-4,30m,30000000,0.1,60000000,8,,0.0003,1.6,42,6.9288992030133025,1021.369140625,13279917,True,False,dolma_val_loss/chinchilla_0.1/30M/30M_seed42_case4_dolma_epoch8_wd1.6_lr3e-4.json,train_0.06B.npy,preprocessed/dolma2-0625/resharded,,,,,OLMo-dolma-0.06B
repeat,30M_seed42_case4_dolma_epoch8_wd0.1_lr1e-3,30m,30000000,0.1,60000000,8,,0.001,0.1,42,6.059278259805177,428.06646728515625,13279917,True,False,dolma_val_loss/chinchilla_0.1/30M/30M_seed42_case4_dolma_epoch8_wd0.1_lr1e-3.json,train_0.06B.npy,preprocessed/dolma2-0625/resharded,,,,,OLMo-dolma-0.06B
repeat,30M_seed42_case4_dolma_epoch8_wd0.2_lr1e-3,30m,30000000,0.1,60000000,8,,0.001,0.2,42,6.075444087615885,435.042724609375,13279917,True,False,dolma_val_loss/chinchilla_0.1/30M/30M_seed42_case4_dolma_epoch8_wd0.2_lr1e-3.json,train_0.06B.npy,preprocessed/dolma2-0625/resharded,,,,,OLMo-dolma-0.06B
repeat,30M_seed42_case4_dolma_epoch8_wd0.4_lr1e-3,30m,30000000,0.1,60000000,8,,0.001,0.4,42,6.084906415777815,439.17877197265625,13279917,True,False,dolma_val_loss/chinchilla_0.1/30M/30M_seed42_case4_dolma_epoch8_wd0.4_lr1e-3.json,train_0.06B.npy,preprocessed/dolma2-0625/resharded,,,,,OLMo-dolma-0.06B
repeat,30M_seed42_case4_dolma_epoch8_wd0.8_lr1e-3,30m,30000000,0.1,60000000,8,,0.001,0.8,42,6.124551614776306,456.9398498535156,13279917,True,False,dolma_val_loss/chinchilla_0.1/30M/30M_seed42_case4_dolma_epoch8_wd0.8_lr1e-3.json,train_0.06B.npy,preprocessed/dolma2-0625/resharded,,,,,OLMo-dolma-0.06B
repeat,30M_seed42_case4_dolma_epoch8_wd1.6_lr1e-3,30m,30000000,0.1,60000000,8,,0.001,1.6,42,6.180603681586804,483.2835388183594,13279917,True,False,dolma_val_loss/chinchilla_0.1/30M/30M_seed42_case4_dolma_epoch8_wd1.6_lr1e-3.json,train_0.06B.npy,preprocessed/dolma2-0625/resharded,,,,,OLMo-dolma-0.06B
repeat,30M_seed42_case4_dolma_epoch8_wd0.1_lr3e-3,30m,30000000,0.1,60000000,8,,0.003,0.1,42,5.9172983213875225,371.40692138671875,13279917,True,True,dolma_val_loss/chinchilla_0.1/30M/30M_seed42_case4_dolma_epoch8_wd0.1_lr3e-3.json,train_0.06B.npy,preprocessed/dolma2-0625/resharded,,,,,OLMo-dolma-0.06B
repeat,30M_seed42_case4_dolma_epoch8_wd0.2_lr3e-3,30m,30000000,0.1,60000000,8,,0.003,0.2,42,5.967775624557744,390.6358642578125,13279917,True,False,dolma_val_loss/chinchilla_0.1/30M/30M_seed42_case4_dolma_epoch8_wd0.2_lr3e-3.json,train_0.06B.npy,preprocessed/dolma2-0625/resharded,,,,,OLMo-dolma-0.06B
repeat,30M_seed42_case4_dolma_epoch8_wd0.4_lr3e-3,30m,30000000,0.1,60000000,8,,0.003,0.4,42,5.98112249090817,395.8844909667969,13279917,True,False,dolma_val_loss/chinchilla_0.1/30M/30M_seed42_case4_dolma_epoch8_wd0.4_lr3e-3.json,train_0.06B.npy,preprocessed/dolma2-0625/resharded,,,,,OLMo-dolma-0.06B
repeat,30M_seed42_case4_dolma_epoch8_wd0.8_lr3e-3,30m,30000000,0.1,60000000,8,,0.003,0.8,42,5.977613815296836,394.4979553222656,13279917,True,False,dolma_val_loss/chinchilla_0.1/30M/30M_seed42_case4_dolma_epoch8_wd0.8_lr3e-3.json,train_0.06B.npy,preprocessed/dolma2-0625/resharded,,,,,OLMo-dolma-0.06B
repeat,30M_seed42_case4_dolma_epoch8_wd1.6_lr3e-3,30m,30000000,0.1,60000000,8,,0.003,1.6,42,6.105143383446857,448.156982421875,13279917,True,False,dolma_val_loss/chinchilla_0.1/30M/30M_seed42_case4_dolma_epoch8_wd1.6_lr3e-3.json,train_0.06B.npy,preprocessed/dolma2-0625/resharded,,,,,OLMo-dolma-0.06B
repeat,30M_seed42_case4_dolma_epoch16_wd0.1_lr1e-4,30m,30000000,0.1,60000000,16,,0.0001,0.1,42,7.147443212853382,1270.8526611328125,13279917,True,False,dolma_val_loss/chinchilla_0.1/30M/30M_seed42_case4_dolma_epoch16_wd0.1_lr1e-4.json,train_0.06B.npy,preprocessed/dolma2-0625/resharded,,,,,OLMo-dolma-0.06B
repeat,30M_seed42_case4_dolma_epoch16_wd0.2_lr1e-4,30m,30000000,0.1,60000000,16,,0.0001,0.2,42,7.153032883578075,1277.9759521484375,13279917,True,False,dolma_val_loss/chinchilla_0.1/30M/30M_seed42_case4_dolma_epoch16_wd0.2_lr1e-4.json,train_0.06B.npy,preprocessed/dolma2-0625/resharded,,,,,OLMo-dolma-0.06B
repeat,30M_seed42_case4_dolma_epoch16_wd0.4_lr1e-4,30m,30000000,0.1,60000000,16,,0.0001,0.4,42,7.163065881884136,1290.862548828125,13279917,True,False,dolma_val_loss/chinchilla_0.1/30M/30M_seed42_case4_dolma_epoch16_wd0.4_lr1e-4.json,train_0.06B.npy,preprocessed/dolma2-0625/resharded,,,,,OLMo-dolma-0.06B
repeat,30M_seed42_case4_dolma_epoch16_wd0.8_lr1e-4,30m,30000000,0.1,60000000,16,,0.0001,0.8,42,7.183638523758517,1317.694091796875,13279917,True,False,dolma_val_loss/chinchilla_0.1/30M/30M_seed42_case4_dolma_epoch16_wd0.8_lr1e-4.json,train_0.06B.npy,preprocessed/dolma2-0625/resharded,,,,,OLMo-dolma-0.06B
repeat,30M_seed42_case4_dolma_epoch16_wd1.6_lr1e-4,30m,30000000,0.1,60000000,16,,0.0001,1.6,42,7.22492950301266,1373.2415771484375,13279917,True,False,dolma_val_loss/chinchilla_0.1/30M/30M_seed42_case4_dolma_epoch16_wd1.6_lr1e-4.json,train_0.06B.npy,preprocessed/dolma2-0625/resharded,,,,,OLMo-dolma-0.06B
repeat,30M_seed42_case4_dolma_epoch16_wd0.1_lr3e-4,30m,30000000,0.1,60000000,16,,0.0003,0.1,42,6.11721376293005,453.5990905761719,13279917,True,False,dolma_val_loss/chinchilla_0.1/30M/30M_seed42_case4_dolma_epoch16_wd0.1_lr3e-4.json,train_0.06B.npy,preprocessed/dolma2-0625/resharded,,,,,OLMo-dolma-0.06B
repeat,30M_seed42_case4_dolma_epoch16_wd0.2_lr3e-4,30m,30000000,0.1,60000000,16,,0.0003,0.2,42,6.123339177278696,456.3861083984375,13279917,True,False,dolma_val_loss/chinchilla_0.1/30M/30M_seed42_case4_dolma_epoch16_wd0.2_lr3e-4.json,train_0.06B.npy,preprocessed/dolma2-0625/resharded,,,,,OLMo-dolma-0.06B
repeat,30M_seed42_case4_dolma_epoch16_wd0.4_lr3e-4,30m,30000000,0.1,60000000,16,,0.0003,0.4,42,6.133623214089577,461.103759765625,13279917,True,False,dolma_val_loss/chinchilla_0.1/30M/30M_seed42_case4_dolma_epoch16_wd0.4_lr3e-4.json,train_0.06B.npy,preprocessed/dolma2-0625/resharded,,,,,OLMo-dolma-0.06B
repeat,30M_seed42_case4_dolma_epoch16_wd0.8_lr3e-4,30m,30000000,0.1,60000000,16,,0.0003,0.8,42,6.152731226095718,469.9993896484375,13279917,True,False,dolma_val_loss/chinchilla_0.1/30M/30M_seed42_case4_dolma_epoch16_wd0.8_lr3e-4.json,train_0.06B.npy,preprocessed/dolma2-0625/resharded,,,,,OLMo-dolma-0.06B
repeat,30M_seed42_case4_dolma_epoch16_wd1.6_lr3e-4,30m,30000000,0.1,60000000,16,,0.0003,1.6,42,6.196935041084971,491.24114990234375,13279917,True,False,dolma_val_loss/chinchilla_0.1/30M/30M_seed42_case4_dolma_epoch16_wd1.6_lr3e-4.json,train_0.06B.npy,preprocessed/dolma2-0625/resharded,,,,,OLMo-dolma-0.06B
repeat,30M_seed42_case4_dolma_epoch16_wd0.1_lr1e-3,30m,30000000,0.1,60000000,16,,0.001,0.1,42,5.45531304696078,233.99815368652344,13279917,True,False,dolma_val_loss/chinchilla_0.1/30M/30M_seed42_case4_dolma_epoch16_wd0.1_lr1e-3.json,train_0.06B.npy,preprocessed/dolma2-0625/resharded,,,,,OLMo-dolma-0.06B
repeat,30M_seed42_case4_dolma_epoch16_wd0.2_lr1e-3,30m,30000000,0.1,60000000,16,,0.001,0.2,42,5.4505796279843794,232.89312744140625,13279917,True,False,dolma_val_loss/chinchilla_0.1/30M/30M_seed42_case4_dolma_epoch16_wd0.2_lr1e-3.json,train_0.06B.npy,preprocessed/dolma2-0625/resharded,,,,,OLMo-dolma-0.06B
repeat,30M_seed42_case4_dolma_epoch16_wd0.4_lr1e-3,30m,30000000,0.1,60000000,16,,0.001,0.4,42,5.471586101342327,237.837158203125,13279917,True,False,dolma_val_loss/chinchilla_0.1/30M/30M_seed42_case4_dolma_epoch16_wd0.4_lr1e-3.json,train_0.06B.npy,preprocessed/dolma2-0625/resharded,,,,,OLMo-dolma-0.06B
repeat,30M_seed42_case4_dolma_epoch16_wd0.8_lr1e-3,30m,30000000,0.1,60000000,16,,0.001,0.8,42,5.5004495331330245,244.80198669433594,13279917,True,False,dolma_val_loss/chinchilla_0.1/30M/30M_seed42_case4_dolma_epoch16_wd0.8_lr1e-3.json,train_0.06B.npy,preprocessed/dolma2-0625/resharded,,,,,OLMo-dolma-0.06B
repeat,30M_seed42_case4_dolma_epoch16_wd1.6_lr1e-3,30m,30000000,0.1,60000000,16,,0.001,1.6,42,5.589704967320791,267.6566467285156,13279917,True,False,dolma_val_loss/chinchilla_0.1/30M/30M_seed42_case4_dolma_epoch16_wd1.6_lr1e-3.json,train_0.06B.npy,preprocessed/dolma2-0625/resharded,,,,,OLMo-dolma-0.06B
repeat,30M_seed42_case4_dolma_epoch16_wd0.1_lr3e-3,30m,30000000,0.1,60000000,16,,0.003,0.1,42,5.297050703370124,199.7467803955078,13279917,True,True,dolma_val_loss/chinchilla_0.1/30M/30M_seed42_case4_dolma_epoch16_wd0.1_lr3e-3.json,train_0.06B.npy,preprocessed/dolma2-0625/resharded,,,,,OLMo-dolma-0.06B
repeat,30M_seed42_case4_dolma_epoch16_wd0.2_lr3e-3,30m,30000000,0.1,60000000,16,,0.003,0.2,42,5.3199995748426225,204.38381958007812,13279917,True,False,dolma_val_loss/chinchilla_0.1/30M/30M_seed42_case4_dolma_epoch16_wd0.2_lr3e-3.json,train_0.06B.npy,preprocessed/dolma2-0625/resharded,,,,,OLMo-dolma-0.06B
repeat,30M_seed42_case4_dolma_epoch16_wd0.4_lr3e-3,30m,30000000,0.1,60000000,16,,0.003,0.4,42,5.31982244610885,204.34756469726562,13279917,True,False,dolma_val_loss/chinchilla_0.1/30M/30M_seed42_case4_dolma_epoch16_wd0.4_lr3e-3.json,train_0.06B.npy,preprocessed/dolma2-0625/resharded,,,,,OLMo-dolma-0.06B
repeat,30M_seed42_case4_dolma_epoch16_wd0.8_lr3e-3,30m,30000000,0.1,60000000,16,,0.003,0.8,42,5.361849985833519,213.11880493164062,13279917,True,False,dolma_val_loss/chinchilla_0.1/30M/30M_seed42_case4_dolma_epoch16_wd0.8_lr3e-3.json,train_0.06B.npy,preprocessed/dolma2-0625/resharded,,,,,OLMo-dolma-0.06B
repeat,30M_seed42_case4_dolma_epoch16_wd1.6_lr3e-3,30m,30000000,0.1,60000000,16,,0.003,1.6,42,5.53136038666742,252.48709106445312,13279917,True,False,dolma_val_loss/chinchilla_0.1/30M/30M_seed42_case4_dolma_epoch16_wd1.6_lr3e-3.json,train_0.06B.npy,preprocessed/dolma2-0625/resharded,,,,,OLMo-dolma-0.06B
repeat,30M_seed42_case4_dolma_epoch32_wd0.1_lr1e-4,30m,30000000,0.1,60000000,32,,0.0001,0.1,42,6.325546069689762,558.6629028320312,13279917,True,False,dolma_val_loss/chinchilla_0.1/30M/30M_seed42_case4_dolma_epoch32_wd0.1_lr1e-4.json,train_0.06B.npy,preprocessed/dolma2-0625/resharded,,,,,OLMo-dolma-0.06B
repeat,30M_seed42_case4_dolma_epoch32_wd0.2_lr1e-4,30m,30000000,0.1,60000000,32,,0.0001,0.2,42,6.328834513197047,560.5029907226562,13279917,True,False,dolma_val_loss/chinchilla_0.1/30M/30M_seed42_case4_dolma_epoch32_wd0.2_lr1e-4.json,train_0.06B.npy,preprocessed/dolma2-0625/resharded,,,,,OLMo-dolma-0.06B
repeat,30M_seed42_case4_dolma_epoch32_wd0.4_lr1e-4,30m,30000000,0.1,60000000,32,,0.0001,0.4,42,6.339620107333055,566.5810546875,13279917,True,False,dolma_val_loss/chinchilla_0.1/30M/30M_seed42_case4_dolma_epoch32_wd0.4_lr1e-4.json,train_0.06B.npy,preprocessed/dolma2-0625/resharded,,,,,OLMo-dolma-0.06B
repeat,30M_seed42_case4_dolma_epoch32_wd0.8_lr1e-4,30m,30000000,0.1,60000000,32,,0.0001,0.8,42,6.356531498723787,576.2442626953125,13279917,True,False,dolma_val_loss/chinchilla_0.1/30M/30M_seed42_case4_dolma_epoch32_wd0.8_lr1e-4.json,train_0.06B.npy,preprocessed/dolma2-0625/resharded,,,,,OLMo-dolma-0.06B
repeat,30M_seed42_case4_dolma_epoch32_wd1.6_lr1e-4,30m,30000000,0.1,60000000,32,,0.0001,1.6,42,6.39418369621999,598.3546752929688,13279917,True,False,dolma_val_loss/chinchilla_0.1/30M/30M_seed42_case4_dolma_epoch32_wd1.6_lr1e-4.json,train_0.06B.npy,preprocessed/dolma2-0625/resharded,,,,,OLMo-dolma-0.06B
repeat,30M_seed42_case4_dolma_epoch32_wd0.1_lr3e-4,30m,30000000,0.1,60000000,32,,0.0003,0.1,42,5.606752954921283,272.25872802734375,13279917,True,False,dolma_val_loss/chinchilla_0.1/30M/30M_seed42_case4_dolma_epoch32_wd0.1_lr3e-4.json,train_0.06B.npy,preprocessed/dolma2-0625/resharded,,,,,OLMo-dolma-0.06B
repeat,30M_seed42_case4_dolma_epoch32_wd0.2_lr3e-4,30m,30000000,0.1,60000000,32,,0.0003,0.2,42,5.606282010448089,272.1306457519531,13279917,True,False,dolma_val_loss/chinchilla_0.1/30M/30M_seed42_case4_dolma_epoch32_wd0.2_lr3e-4.json,train_0.06B.npy,preprocessed/dolma2-0625/resharded,,,,,OLMo-dolma-0.06B
repeat,30M_seed42_case4_dolma_epoch32_wd0.4_lr3e-4,30m,30000000,0.1,60000000,32,,0.0003,0.4,42,5.623782687233662,276.9349365234375,13279917,True,False,dolma_val_loss/chinchilla_0.1/30M/30M_seed42_case4_dolma_epoch32_wd0.4_lr3e-4.json,train_0.06B.npy,preprocessed/dolma2-0625/resharded,,,,,OLMo-dolma-0.06B
repeat,30M_seed42_case4_dolma_epoch32_wd0.8_lr3e-4,30m,30000000,0.1,60000000,32,,0.0003,0.8,42,5.649048390577996,284.02105712890625,13279917,True,False,dolma_val_loss/chinchilla_0.1/30M/30M_seed42_case4_dolma_epoch32_wd0.8_lr3e-4.json,train_0.06B.npy,preprocessed/dolma2-0625/resharded,,,,,OLMo-dolma-0.06B
repeat,30M_seed42_case4_dolma_epoch32_wd1.6_lr3e-4,30m,30000000,0.1,60000000,32,,0.0003,1.6,42,5.704764374245054,300.2947082519531,13279917,True,False,dolma_val_loss/chinchilla_0.1/30M/30M_seed42_case4_dolma_epoch32_wd1.6_lr3e-4.json,train_0.06B.npy,preprocessed/dolma2-0625/resharded,,,,,OLMo-dolma-0.06B
repeat,30M_seed42_case4_dolma_epoch32_wd0.1_lr1e-3,30m,30000000,0.1,60000000,32,,0.001,0.1,42,5.026529126106243,152.4031524658203,13279917,True,False,dolma_val_loss/chinchilla_0.1/30M/30M_seed42_case4_dolma_epoch32_wd0.1_lr1e-3.json,train_0.06B.npy,preprocessed/dolma2-0625/resharded,,,,,OLMo-dolma-0.06B
repeat,30M_seed42_case4_dolma_epoch32_wd0.2_lr1e-3,30m,30000000,0.1,60000000,32,,0.001,0.2,42,5.006466873840519,149.37603759765625,13279917,True,False,dolma_val_loss/chinchilla_0.1/30M/30M_seed42_case4_dolma_epoch32_wd0.2_lr1e-3.json,train_0.06B.npy,preprocessed/dolma2-0625/resharded,,,,,OLMo-dolma-0.06B
repeat,30M_seed42_case4_dolma_epoch32_wd0.4_lr1e-3,30m,30000000,0.1,60000000,32,,0.001,0.4,42,5.051939237106113,156.32528686523438,13279917,True,False,dolma_val_loss/chinchilla_0.1/30M/30M_seed42_case4_dolma_epoch32_wd0.4_lr1e-3.json,train_0.06B.npy,preprocessed/dolma2-0625/resharded,,,,,OLMo-dolma-0.06B
repeat,30M_seed42_case4_dolma_epoch32_wd0.8_lr1e-3,30m,30000000,0.1,60000000,32,,0.001,0.8,42,5.077706869577597,160.40579223632812,13279917,True,False,dolma_val_loss/chinchilla_0.1/30M/30M_seed42_case4_dolma_epoch32_wd0.8_lr1e-3.json,train_0.06B.npy,preprocessed/dolma2-0625/resharded,,,,,OLMo-dolma-0.06B
repeat,30M_seed42_case4_dolma_epoch32_wd1.6_lr1e-3,30m,30000000,0.1,60000000,32,,0.001,1.6,42,5.182534333816572,178.1336669921875,13279917,True,False,dolma_val_loss/chinchilla_0.1/30M/30M_seed42_case4_dolma_epoch32_wd1.6_lr1e-3.json,train_0.06B.npy,preprocessed/dolma2-0625/resharded,,,,,OLMo-dolma-0.06B
repeat,30M_seed42_case4_dolma_epoch32_wd0.1_lr3e-3,30m,30000000,0.1,60000000,32,,0.003,0.1,42,4.9138386585631055,136.16111755371094,13279917,True,False,dolma_val_loss/chinchilla_0.1/30M/30M_seed42_case4_dolma_epoch32_wd0.1_lr3e-3.json,train_0.06B.npy,preprocessed/dolma2-0625/resharded,,,,,OLMo-dolma-0.06B
repeat,30M_seed42_case4_dolma_epoch32_wd0.2_lr3e-3,30m,30000000,0.1,60000000,32,,0.003,0.2,42,4.8047068041433825,122.08366394042969,13279917,True,True,dolma_val_loss/chinchilla_0.1/30M/30M_seed42_case4_dolma_epoch32_wd0.2_lr3e-3.json,train_0.06B.npy,preprocessed/dolma2-0625/resharded,,,,,OLMo-dolma-0.06B
repeat,30M_seed42_case4_dolma_epoch32_wd0.4_lr3e-3,30m,30000000,0.1,60000000,32,,0.003,0.4,42,4.809148519504113,122.62713623046875,13279917,True,False,dolma_val_loss/chinchilla_0.1/30M/30M_seed42_case4_dolma_epoch32_wd0.4_lr3e-3.json,train_0.06B.npy,preprocessed/dolma2-0625/resharded,,,,,OLMo-dolma-0.06B
repeat,30M_seed42_case4_dolma_epoch32_wd0.8_lr3e-3,30m,30000000,0.1,60000000,32,,0.003,0.8,42,4.851309660064376,127.9078140258789,13279917,True,False,dolma_val_loss/chinchilla_0.1/30M/30M_seed42_case4_dolma_epoch32_wd0.8_lr3e-3.json,train_0.06B.npy,preprocessed/dolma2-0625/resharded,,,,,OLMo-dolma-0.06B
repeat,30M_seed42_case4_dolma_epoch32_wd1.6_lr3e-3,30m,30000000,0.1,60000000,32,,0.003,1.6,42,4.957205419907392,142.1958465576172,13279917,True,False,dolma_val_loss/chinchilla_0.1/30M/30M_seed42_case4_dolma_epoch32_wd1.6_lr3e-3.json,train_0.06B.npy,preprocessed/dolma2-0625/resharded,,,,,OLMo-dolma-0.06B
repeat,30M_seed42_case4_dolma_epoch64_wd0.1_lr1e-4,30m,30000000,0.1,60000000,64,,0.0001,0.1,42,5.804260539353098,331.7098693847656,13279917,True,False,dolma_val_loss/chinchilla_0.1/30M/30M_seed42_case4_dolma_epoch64_wd0.1_lr1e-4.json,train_0.06B.npy,preprocessed/dolma2-0625/resharded,,,,,OLMo-dolma-0.06B
repeat,30M_seed42_case4_dolma_epoch64_wd0.2_lr1e-4,30m,30000000,0.1,60000000,64,,0.0001,0.2,42,5.811526349704054,334.12872314453125,13279917,True,False,dolma_val_loss/chinchilla_0.1/30M/30M_seed42_case4_dolma_epoch64_wd0.2_lr1e-4.json,train_0.06B.npy,preprocessed/dolma2-0625/resharded,,,,,OLMo-dolma-0.06B
repeat,30M_seed42_case4_dolma_epoch64_wd0.8_lr1e-4,30m,30000000,0.1,60000000,64,,0.0001,0.8,42,5.840235640068148,343.8603820800781,13279917,True,False,dolma_val_loss/chinchilla_0.1/30M/30M_seed42_case4_dolma_epoch64_wd0.8_lr1e-4.json,train_0.06B.npy,preprocessed/dolma2-0625/resharded,,,,,OLMo-dolma-0.06B
repeat,30M_seed42_case4_dolma_epoch64_wd1.6_lr1e-4,30m,30000000,0.1,60000000,64,,0.0001,1.6,42,5.882621126380628,358.7483825683594,13279917,True,False,dolma_val_loss/chinchilla_0.1/30M/30M_seed42_case4_dolma_epoch64_wd1.6_lr1e-4.json,train_0.06B.npy,preprocessed/dolma2-0625/resharded,,,,,OLMo-dolma-0.06B
repeat,30M_seed42_case4_dolma_epoch64_wd0.1_lr3e-4,30m,30000000,0.1,60000000,64,,0.0003,0.1,42,5.286219525173684,197.5950164794922,13279917,True,False,dolma_val_loss/chinchilla_0.1/30M/30M_seed42_case4_dolma_epoch64_wd0.1_lr3e-4.json,train_0.06B.npy,preprocessed/dolma2-0625/resharded,,,,,OLMo-dolma-0.06B
repeat,30M_seed42_case4_dolma_epoch64_wd0.2_lr3e-4,30m,30000000,0.1,60000000,64,,0.0003,0.2,42,5.297780879376331,199.8927459716797,13279917,True,False,dolma_val_loss/chinchilla_0.1/30M/30M_seed42_case4_dolma_epoch64_wd0.2_lr3e-4.json,train_0.06B.npy,preprocessed/dolma2-0625/resharded,,,,,OLMo-dolma-0.06B
repeat,30M_seed42_case4_dolma_epoch64_wd0.4_lr3e-4,30m,30000000,0.1,60000000,64,,0.0003,0.4,42,5.289309493392942,198.20651245117188,13279917,True,False,dolma_val_loss/chinchilla_0.1/30M/30M_seed42_case4_dolma_epoch64_wd0.4_lr3e-4.json,train_0.06B.npy,preprocessed/dolma2-0625/resharded,,,,,OLMo-dolma-0.06B
repeat,30M_seed42_case4_dolma_epoch64_wd0.8_lr3e-4,30m,30000000,0.1,60000000,64,,0.0003,0.8,42,5.2916845942012944,198.67784118652344,13279917,True,False,dolma_val_loss/chinchilla_0.1/30M/30M_seed42_case4_dolma_epoch64_wd0.8_lr3e-4.json,train_0.06B.npy,preprocessed/dolma2-0625/resharded,,,,,OLMo-dolma-0.06B
repeat,30M_seed42_case4_dolma_epoch64_wd1.6_lr3e-4,30m,30000000,0.1,60000000,64,,0.0003,1.6,42,5.370977878076158,215.0730743408203,13279917,True,False,dolma_val_loss/chinchilla_0.1/30M/30M_seed42_case4_dolma_epoch64_wd1.6_lr3e-4.json,train_0.06B.npy,preprocessed/dolma2-0625/resharded,,,,,OLMo-dolma-0.06B
repeat,30M_seed42_case4_dolma_epoch64_wd0.1_lr1e-3,30m,30000000,0.1,60000000,64,,0.001,0.1,42,5.068408405656357,158.92120361328125,13279917,True,False,dolma_val_loss/chinchilla_0.1/30M/30M_seed42_case4_dolma_epoch64_wd0.1_lr1e-3.json,train_0.06B.npy,preprocessed/dolma2-0625/resharded,,,,,OLMo-dolma-0.06B
repeat,30M_seed42_case4_dolma_epoch64_wd0.4_lr1e-3,30m,30000000,0.1,60000000,64,,0.001,0.4,42,4.9269647025296495,137.9601287841797,13279917,True,False,dolma_val_loss/chinchilla_0.1/30M/30M_seed42_case4_dolma_epoch64_wd0.4_lr1e-3.json,train_0.06B.npy,preprocessed/dolma2-0625/resharded,,,,,OLMo-dolma-0.06B
repeat,30M_seed42_case4_dolma_epoch64_wd0.8_lr1e-3,30m,30000000,0.1,60000000,64,,0.001,0.8,42,4.781781863896321,119.31674194335938,13279917,True,False,dolma_val_loss/chinchilla_0.1/30M/30M_seed42_case4_dolma_epoch64_wd0.8_lr1e-3.json,train_0.06B.npy,preprocessed/dolma2-0625/resharded,,,,,OLMo-dolma-0.06B
repeat,30M_seed42_case4_dolma_epoch64_wd1.6_lr1e-3,30m,30000000,0.1,60000000,64,,0.001,1.6,42,5.053994187252474,156.6468963623047,13279917,True,False,dolma_val_loss/chinchilla_0.1/30M/30M_seed42_case4_dolma_epoch64_wd1.6_lr1e-3.json,train_0.06B.npy,preprocessed/dolma2-0625/resharded,,,,,OLMo-dolma-0.06B
repeat,30M_seed42_case4_dolma_epoch64_wd0.1_lr3e-3,30m,30000000,0.1,60000000,64,,0.003,0.1,42,5.116384723545336,166.73146057128906,13279917,True,False,dolma_val_loss/chinchilla_0.1/30M/30M_seed42_case4_dolma_epoch64_wd0.1_lr3e-3.json,train_0.06B.npy,preprocessed/dolma2-0625/resharded,,,,,OLMo-dolma-0.06B
repeat,30M_seed42_case4_dolma_epoch64_wd0.2_lr3e-3,30m,30000000,0.1,60000000,64,,0.003,0.2,42,5.039373791316923,154.37332153320312,13279917,True,False,dolma_val_loss/chinchilla_0.1/30M/30M_seed42_case4_dolma_epoch64_wd0.2_lr3e-3.json,train_0.06B.npy,preprocessed/dolma2-0625/resharded,,,,,OLMo-dolma-0.06B
repeat,30M_seed42_case4_dolma_epoch64_wd0.4_lr3e-3,30m,30000000,0.1,60000000,64,,0.003,0.4,42,4.83085734364906,125.31834411621094,13279917,True,False,dolma_val_loss/chinchilla_0.1/30M/30M_seed42_case4_dolma_epoch64_wd0.4_lr3e-3.json,train_0.06B.npy,preprocessed/dolma2-0625/resharded,,,,,OLMo-dolma-0.06B
repeat,30M_seed42_case4_dolma_epoch64_wd0.8_lr3e-3,30m,30000000,0.1,60000000,64,,0.003,0.8,42,4.617690273403064,101.25985717773438,13279917,True,True,dolma_val_loss/chinchilla_0.1/30M/30M_seed42_case4_dolma_epoch64_wd0.8_lr3e-3.json,train_0.06B.npy,preprocessed/dolma2-0625/resharded,,,,,OLMo-dolma-0.06B
repeat,30M_seed42_case4_dolma_epoch64_wd1.6_lr3e-3,30m,30000000,0.1,60000000,64,,0.003,1.6,42,4.980191416356014,145.502197265625,13279917,True,False,dolma_val_loss/chinchilla_0.1/30M/30M_seed42_case4_dolma_epoch64_wd1.6_lr3e-3.json,train_0.06B.npy,preprocessed/dolma2-0625/resharded,,,,,OLMo-dolma-0.06B
repeat,30M_seed42_case4_dolma_epoch128_wd0.8_lr3e-3,30m,30000000,0.1,60000000,128,,0.003,0.8,42,4.820841866859344,124.06948852539062,3478624,True,True,dolma_val_loss/chinchilla_0.1/30M/30M_seed42_case4_dolma_epoch128_wd0.8_lr3e-3.json,train_0.06B.npy,preprocessed/dolma2-0625/resharded,,,,,OLMo-dolma-0.06B
repeat,30M_seed42_case4_dolma_epoch128_wd2.0_lr3e-3,30m,30000000,0.1,60000000,128,,0.003,2.0,42,4.903002730451709,134.69361877441406,3478624,True,False,dolma_val_loss/chinchilla_0.1/30M/30M_seed42_case4_dolma_epoch128_wd2.0_lr3e-3.json,train_0.06B.npy,preprocessed/dolma2-0625/resharded,,,,,OLMo-dolma-0.06B
repeat,30M_seed42_case4_dolma_epoch128_wd3.2_lr3e-3,30m,30000000,0.1,60000000,128,,0.003,3.2,42,5.505338536299999,246.0017547607422,3478624,True,False,dolma_val_loss/chinchilla_0.1/30M/30M_seed42_case4_dolma_epoch128_wd3.2_lr3e-3.json,train_0.06B.npy,preprocessed/dolma2-0625/resharded,,,,,OLMo-dolma-0.06B
repeat,30M_seed42_case4_dolma_epoch128_wd6.4_lr3e-3,30m,30000000,0.1,60000000,128,,0.003,6.4,42,7.115320011158462,1230.6776123046875,3478624,True,False,dolma_val_loss/chinchilla_0.1/30M/30M_seed42_case4_dolma_epoch128_wd6.4_lr3e-3.json,train_0.06B.npy,preprocessed/dolma2-0625/resharded,,,,,OLMo-dolma-0.06B
repeat,30M_seed42_case4_dolma_epoch1_wd0.1_lr1e-4,30m,30000000,0.25,150000000,1,,0.0001,0.1,42,10.068654314896367,23591.791015625,13279917,True,False,dolma_val_loss/chinchilla_0.25/30M/30M_seed42_case4_dolma_epoch1_wd0.1_lr1e-4.json,train_0.15B.npy,preprocessed/dolma2-0625/resharded,,,,,OLMo-dolma-0.15B
repeat,30M_seed42_case4_dolma_epoch1_wd0.2_lr1e-4,30m,30000000,0.25,150000000,1,,0.0001,0.2,42,10.06942896573403,23610.08984375,13279917,True,False,dolma_val_loss/chinchilla_0.25/30M/30M_seed42_case4_dolma_epoch1_wd0.2_lr1e-4.json,train_0.15B.npy,preprocessed/dolma2-0625/resharded,,,,,OLMo-dolma-0.15B
repeat,30M_seed42_case4_dolma_epoch1_wd0.4_lr1e-4,30m,30000000,0.25,150000000,1,,0.0001,0.4,42,10.071169081560807,23651.1953125,13279917,True,False,dolma_val_loss/chinchilla_0.25/30M/30M_seed42_case4_dolma_epoch1_wd0.4_lr1e-4.json,train_0.15B.npy,preprocessed/dolma2-0625/resharded,,,,,OLMo-dolma-0.15B
repeat,30M_seed42_case4_dolma_epoch1_wd0.8_lr1e-4,30m,30000000,0.25,150000000,1,,0.0001,0.8,42,10.074397177467064,23727.66796875,13279917,True,False,dolma_val_loss/chinchilla_0.25/30M/30M_seed42_case4_dolma_epoch1_wd0.8_lr1e-4.json,train_0.15B.npy,preprocessed/dolma2-0625/resharded,,,,,OLMo-dolma-0.15B
repeat,30M_seed42_case4_dolma_epoch1_wd1.6_lr1e-4,30m,30000000,0.25,150000000,1,,0.0001,1.6,42,10.08048443298582,23872.546875,13279917,True,False,dolma_val_loss/chinchilla_0.25/30M/30M_seed42_case4_dolma_epoch1_wd1.6_lr1e-4.json,train_0.15B.npy,preprocessed/dolma2-0625/resharded,,,,,OLMo-dolma-0.15B
repeat,30M_seed42_case4_dolma_epoch1_wd0.1_lr3e-4,30m,30000000,0.25,150000000,1,,0.0003,0.1,42,8.53963938495907,5113.50048828125,13279917,True,False,dolma_val_loss/chinchilla_0.25/30M/30M_seed42_case4_dolma_epoch1_wd0.1_lr3e-4.json,train_0.15B.npy,preprocessed/dolma2-0625/resharded,,,,,OLMo-dolma-0.15B
repeat,30M_seed42_case4_dolma_epoch1_wd0.2_lr3e-4,30m,30000000,0.25,150000000,1,,0.0003,0.2,42,8.542999737816038,5130.70947265625,13279917,True,False,dolma_val_loss/chinchilla_0.25/30M/30M_seed42_case4_dolma_epoch1_wd0.2_lr3e-4.json,train_0.15B.npy,preprocessed/dolma2-0625/resharded,,,,,OLMo-dolma-0.15B
repeat,30M_seed42_case4_dolma_epoch1_wd0.4_lr3e-4,30m,30000000,0.25,150000000,1,,0.0003,0.4,42,8.54917305741397,5162.4853515625,13279917,True,False,dolma_val_loss/chinchilla_0.25/30M/30M_seed42_case4_dolma_epoch1_wd0.4_lr3e-4.json,train_0.15B.npy,preprocessed/dolma2-0625/resharded,,,,,OLMo-dolma-0.15B
repeat,30M_seed42_case4_dolma_epoch1_wd0.8_lr3e-4,30m,30000000,0.25,150000000,1,,0.0003,0.8,42,8.561646361675773,5227.28076171875,13279917,True,False,dolma_val_loss/chinchilla_0.25/30M/30M_seed42_case4_dolma_epoch1_wd0.8_lr3e-4.json,train_0.15B.npy,preprocessed/dolma2-0625/resharded,,,,,OLMo-dolma-0.15B
repeat,30M_seed42_case4_dolma_epoch1_wd1.6_lr3e-4,30m,30000000,0.25,150000000,1,,0.0003,1.6,42,8.586680024083782,5359.7919921875,13279917,True,False,dolma_val_loss/chinchilla_0.25/30M/30M_seed42_case4_dolma_epoch1_wd1.6_lr3e-4.json,train_0.15B.npy,preprocessed/dolma2-0625/resharded,,,,,OLMo-dolma-0.15B
repeat,30M_seed42_case4_dolma_epoch1_wd0.1_lr1e-3,30m,30000000,0.25,150000000,1,,0.001,0.1,42,7.390597644460287,1620.6746826171875,13279917,True,False,dolma_val_loss/chinchilla_0.25/30M/30M_seed42_case4_dolma_epoch1_wd0.1_lr1e-3.json,train_0.15B.npy,preprocessed/dolma2-0625/resharded,,,,,OLMo-dolma-0.15B
repeat,30M_seed42_case4_dolma_epoch1_wd0.2_lr1e-3,30m,30000000,0.25,150000000,1,,0.001,0.2,42,7.385225129501468,1611.990966796875,13279917,True,False,dolma_val_loss/chinchilla_0.25/30M/30M_seed42_case4_dolma_epoch1_wd0.2_lr1e-3.json,train_0.15B.npy,preprocessed/dolma2-0625/resharded,,,,,OLMo-dolma-0.15B
repeat,30M_seed42_case4_dolma_epoch1_wd0.4_lr1e-3,30m,30000000,0.25,150000000,1,,0.001,0.4,42,7.385430633583191,1612.322265625,13279917,True,False,dolma_val_loss/chinchilla_0.25/30M/30M_seed42_case4_dolma_epoch1_wd0.4_lr1e-3.json,train_0.15B.npy,preprocessed/dolma2-0625/resharded,,,,,OLMo-dolma-0.15B
repeat,30M_seed42_case4_dolma_epoch1_wd0.8_lr1e-3,30m,30000000,0.25,150000000,1,,0.001,0.8,42,7.421314686336495,1671.229248046875,13279917,True,False,dolma_val_loss/chinchilla_0.25/30M/30M_seed42_case4_dolma_epoch1_wd0.8_lr1e-3.json,train_0.15B.npy,preprocessed/dolma2-0625/resharded,,,,,OLMo-dolma-0.15B
repeat,30M_seed42_case4_dolma_epoch1_wd1.6_lr1e-3,30m,30000000,0.25,150000000,1,,0.001,1.6,42,7.469956676698827,1754.531005859375,13279917,True,False,dolma_val_loss/chinchilla_0.25/30M/30M_seed42_case4_dolma_epoch1_wd1.6_lr1e-3.json,train_0.15B.npy,preprocessed/dolma2-0625/resharded,,,,,OLMo-dolma-0.15B
repeat,30M_seed42_case4_dolma_epoch1_wd0.1_lr3e-3,30m,30000000,0.25,150000000,1,,0.003,0.1,42,7.257593135335955,1418.8375244140625,13279917,True,False,dolma_val_loss/chinchilla_0.25/30M/30M_seed42_case4_dolma_epoch1_wd0.1_lr3e-3.json,train_0.15B.npy,preprocessed/dolma2-0625/resharded,,,,,OLMo-dolma-0.15B
repeat,30M_seed42_case4_dolma_epoch1_wd0.2_lr3e-3,30m,30000000,0.25,150000000,1,,0.003,0.2,42,7.216118447202315,1361.195068359375,13279917,True,True,dolma_val_loss/chinchilla_0.25/30M/30M_seed42_case4_dolma_epoch1_wd0.2_lr3e-3.json,train_0.15B.npy,preprocessed/dolma2-0625/resharded,,,,,OLMo-dolma-0.15B
repeat,30M_seed42_case4_dolma_epoch1_wd0.4_lr3e-3,30m,30000000,0.25,150000000,1,,0.003,0.4,42,7.262893644611893,1426.3780517578125,13279917,True,False,dolma_val_loss/chinchilla_0.25/30M/30M_seed42_case4_dolma_epoch1_wd0.4_lr3e-3.json,train_0.15B.npy,preprocessed/dolma2-0625/resharded,,,,,OLMo-dolma-0.15B
repeat,30M_seed42_case4_dolma_epoch1_wd0.8_lr3e-3,30m,30000000,0.25,150000000,1,,0.003,0.8,42,7.297537619814025,1476.65966796875,13279917,True,False,dolma_val_loss/chinchilla_0.25/30M/30M_seed42_case4_dolma_epoch1_wd0.8_lr3e-3.json,train_0.15B.npy,preprocessed/dolma2-0625/resharded,,,,,OLMo-dolma-0.15B
repeat,30M_seed42_case4_dolma_epoch1_wd1.6_lr3e-3,30m,30000000,0.25,150000000,1,,0.003,1.6,42,7.376541947334248,1598.0543212890625,13279917,True,False,dolma_val_loss/chinchilla_0.25/30M/30M_seed42_case4_dolma_epoch1_wd1.6_lr3e-3.json,train_0.15B.npy,preprocessed/dolma2-0625/resharded,,,,,OLMo-dolma-0.15B
repeat,30M_seed42_case4_dolma_epoch2_wd0.1_lr1e-4,30m,30000000,0.25,150000000,2,,0.0001,0.1,42,9.064413156429648,8642.205078125,13279917,True,False,dolma_val_loss/chinchilla_0.25/30M/30M_seed42_case4_dolma_epoch2_wd0.1_lr1e-4.json,train_0.15B.npy,preprocessed/dolma2-0625/resharded,,,,,OLMo-dolma-0.15B
repeat,30M_seed42_case4_dolma_epoch2_wd0.2_lr1e-4,30m,30000000,0.25,150000000,2,,0.0001,0.2,42,9.066556177989007,8660.744140625,13279917,True,False,dolma_val_loss/chinchilla_0.25/30M/30M_seed42_case4_dolma_epoch2_wd0.2_lr1e-4.json,train_0.15B.npy,preprocessed/dolma2-0625/resharded,,,,,OLMo-dolma-0.15B
repeat,30M_seed42_case4_dolma_epoch2_wd0.4_lr1e-4,30m,30000000,0.25,150000000,2,,0.0001,0.4,42,9.071055714594262,8699.80078125,13279917,True,False,dolma_val_loss/chinchilla_0.25/30M/30M_seed42_case4_dolma_epoch2_wd0.4_lr1e-4.json,train_0.15B.npy,preprocessed/dolma2-0625/resharded,,,,,OLMo-dolma-0.15B
repeat,30M_seed42_case4_dolma_epoch2_wd0.8_lr1e-4,30m,30000000,0.25,150000000,2,,0.0001,0.8,42,9.07969788095367,8775.3125,13279917,True,False,dolma_val_loss/chinchilla_0.25/30M/30M_seed42_case4_dolma_epoch2_wd0.8_lr1e-4.json,train_0.15B.npy,preprocessed/dolma2-0625/resharded,,,,,OLMo-dolma-0.15B
repeat,30M_seed42_case4_dolma_epoch2_wd1.6_lr1e-4,30m,30000000,0.25,150000000,2,,0.0001,1.6,42,9.097250563105929,8930.7080078125,13279917,True,False,dolma_val_loss/chinchilla_0.25/30M/30M_seed42_case4_dolma_epoch2_wd1.6_lr1e-4.json,train_0.15B.npy,preprocessed/dolma2-0625/resharded,,,,,OLMo-dolma-0.15B
repeat,30M_seed42_case4_dolma_epoch2_wd0.1_lr3e-4,30m,30000000,0.25,150000000,2,,0.0003,0.1,42,7.49753122942264,1803.5845947265625,13279917,True,False,dolma_val_loss/chinchilla_0.25/30M/30M_seed42_case4_dolma_epoch2_wd0.1_lr3e-4.json,train_0.15B.npy,preprocessed/dolma2-0625/resharded,,,,,OLMo-dolma-0.15B
repeat,30M_seed42_case4_dolma_epoch2_wd0.2_lr3e-4,30m,30000000,0.25,150000000,2,,0.0003,0.2,42,7.502013089547877,1811.68603515625,13279917,True,False,dolma_val_loss/chinchilla_0.25/30M/30M_seed42_case4_dolma_epoch2_wd0.2_lr3e-4.json,train_0.15B.npy,preprocessed/dolma2-0625/resharded,,,,,OLMo-dolma-0.15B
repeat,30M_seed42_case4_dolma_epoch2_wd0.4_lr3e-4,30m,30000000,0.25,150000000,2,,0.0003,0.4,42,7.511285195014773,1828.562255859375,13279917,True,False,dolma_val_loss/chinchilla_0.25/30M/30M_seed42_case4_dolma_epoch2_wd0.4_lr3e-4.json,train_0.15B.npy,preprocessed/dolma2-0625/resharded,,,,,OLMo-dolma-0.15B
repeat,30M_seed42_case4_dolma_epoch2_wd0.8_lr3e-4,30m,30000000,0.25,150000000,2,,0.0003,0.8,42,7.529917183582078,1862.9512939453125,13279917,True,False,dolma_val_loss/chinchilla_0.25/30M/30M_seed42_case4_dolma_epoch2_wd0.8_lr3e-4.json,train_0.15B.npy,preprocessed/dolma2-0625/resharded,,,,,OLMo-dolma-0.15B
repeat,30M_seed42_case4_dolma_epoch2_wd1.6_lr3e-4,30m,30000000,0.25,150000000,2,,0.0003,1.6,42,7.5667988217542135,1932.9423828125,13279917,True,False,dolma_val_loss/chinchilla_0.25/30M/30M_seed42_case4_dolma_epoch2_wd1.6_lr3e-4.json,train_0.15B.npy,preprocessed/dolma2-0625/resharded,,,,,OLMo-dolma-0.15B
repeat,30M_seed42_case4_dolma_epoch2_wd0.1_lr1e-3,30m,30000000,0.25,150000000,2,,0.001,0.1,42,6.583165706435585,722.8239135742188,13279917,True,False,dolma_val_loss/chinchilla_0.25/30M/30M_seed42_case4_dolma_epoch2_wd0.1_lr1e-3.json,train_0.15B.npy,preprocessed/dolma2-0625/resharded,,,,,OLMo-dolma-0.15B
repeat,30M_seed42_case4_dolma_epoch2_wd0.2_lr1e-3,30m,30000000,0.25,150000000,2,,0.001,0.2,42,6.58538217286639,724.427734375,13279917,True,False,dolma_val_loss/chinchilla_0.25/30M/30M_seed42_case4_dolma_epoch2_wd0.2_lr1e-3.json,train_0.15B.npy,preprocessed/dolma2-0625/resharded,,,,,OLMo-dolma-0.15B
repeat,30M_seed42_case4_dolma_epoch2_wd0.4_lr1e-3,30m,30000000,0.25,150000000,2,,0.001,0.4,42,6.60666051505513,740.0075073242188,13279917,True,False,dolma_val_loss/chinchilla_0.25/30M/30M_seed42_case4_dolma_epoch2_wd0.4_lr1e-3.json,train_0.15B.npy,preprocessed/dolma2-0625/resharded,,,,,OLMo-dolma-0.15B
repeat,30M_seed42_case4_dolma_epoch2_wd0.8_lr1e-3,30m,30000000,0.25,150000000,2,,0.001,0.8,42,6.598985864184759,734.3499145507812,13279917,True,False,dolma_val_loss/chinchilla_0.25/30M/30M_seed42_case4_dolma_epoch2_wd0.8_lr1e-3.json,train_0.15B.npy,preprocessed/dolma2-0625/resharded,,,,,OLMo-dolma-0.15B
repeat,30M_seed42_case4_dolma_epoch2_wd1.6_lr1e-3,30m,30000000,0.25,150000000,2,,0.001,1.6,42,6.649386768951803,772.3106689453125,13279917,True,False,dolma_val_loss/chinchilla_0.25/30M/30M_seed42_case4_dolma_epoch2_wd1.6_lr1e-3.json,train_0.15B.npy,preprocessed/dolma2-0625/resharded,,,,,OLMo-dolma-0.15B
repeat,30M_seed42_case4_dolma_epoch2_wd0.1_lr3e-3,30m,30000000,0.25,150000000,2,,0.003,0.1,42,6.502321916941033,666.6876831054688,13279917,True,True,dolma_val_loss/chinchilla_0.25/30M/30M_seed42_case4_dolma_epoch2_wd0.1_lr3e-3.json,train_0.15B.npy,preprocessed/dolma2-0625/resharded,,,,,OLMo-dolma-0.15B
repeat,30M_seed42_case4_dolma_epoch2_wd0.2_lr3e-3,30m,30000000,0.25,150000000,2,,0.003,0.2,42,6.504236691841946,667.9656372070312,13279917,True,False,dolma_val_loss/chinchilla_0.25/30M/30M_seed42_case4_dolma_epoch2_wd0.2_lr3e-3.json,train_0.15B.npy,preprocessed/dolma2-0625/resharded,,,,,OLMo-dolma-0.15B
repeat,30M_seed42_case4_dolma_epoch2_wd0.4_lr3e-3,30m,30000000,0.25,150000000,2,,0.003,0.4,42,6.504210955288256,667.9484252929688,13279917,True,False,dolma_val_loss/chinchilla_0.25/30M/30M_seed42_case4_dolma_epoch2_wd0.4_lr3e-3.json,train_0.15B.npy,preprocessed/dolma2-0625/resharded,,,,,OLMo-dolma-0.15B
repeat,30M_seed42_case4_dolma_epoch2_wd0.8_lr3e-3,30m,30000000,0.25,150000000,2,,0.003,0.8,42,6.527804419986092,683.8949584960938,13279917,True,False,dolma_val_loss/chinchilla_0.25/30M/30M_seed42_case4_dolma_epoch2_wd0.8_lr3e-3.json,train_0.15B.npy,preprocessed/dolma2-0625/resharded,,,,,OLMo-dolma-0.15B
repeat,30M_seed42_case4_dolma_epoch2_wd1.6_lr3e-3,30m,30000000,0.25,150000000,2,,0.003,1.6,42,6.617248713864444,747.8844604492188,13279917,True,False,dolma_val_loss/chinchilla_0.25/30M/30M_seed42_case4_dolma_epoch2_wd1.6_lr3e-3.json,train_0.15B.npy,preprocessed/dolma2-0625/resharded,,,,,OLMo-dolma-0.15B
repeat,30M_seed42_case4_dolma_epoch4_wd0.1_lr1e-4,30m,30000000,0.25,150000000,4,,0.0001,0.1,42,7.8884242551471235,2666.23974609375,13279917,True,False,dolma_val_loss/chinchilla_0.25/30M/30M_seed42_case4_dolma_epoch4_wd0.1_lr1e-4.json,train_0.15B.npy,preprocessed/dolma2-0625/resharded,,,,,OLMo-dolma-0.15B
repeat,30M_seed42_case4_dolma_epoch4_wd0.2_lr1e-4,30m,30000000,0.25,150000000,4,,0.0001,0.2,42,7.892481616490195,2677.07958984375,13279917,True,False,dolma_val_loss/chinchilla_0.25/30M/30M_seed42_case4_dolma_epoch4_wd0.2_lr1e-4.json,train_0.15B.npy,preprocessed/dolma2-0625/resharded,,,,,OLMo-dolma-0.15B
repeat,30M_seed42_case4_dolma_epoch4_wd0.4_lr1e-4,30m,30000000,0.25,150000000,4,,0.0001,0.4,42,7.9008535491093905,2699.585693359375,13279917,True,False,dolma_val_loss/chinchilla_0.25/30M/30M_seed42_case4_dolma_epoch4_wd0.4_lr1e-4.json,train_0.15B.npy,preprocessed/dolma2-0625/resharded,,,,,OLMo-dolma-0.15B
repeat,30M_seed42_case4_dolma_epoch4_wd0.8_lr1e-4,30m,30000000,0.25,150000000,4,,0.0001,0.8,42,7.917940938090953,2746.111328125,13279917,True,False,dolma_val_loss/chinchilla_0.25/30M/30M_seed42_case4_dolma_epoch4_wd0.8_lr1e-4.json,train_0.15B.npy,preprocessed/dolma2-0625/resharded,,,,,OLMo-dolma-0.15B
repeat,30M_seed42_case4_dolma_epoch4_wd1.6_lr1e-4,30m,30000000,0.25,150000000,4,,0.0001,1.6,42,7.952190011893288,2841.79150390625,13279917,True,False,dolma_val_loss/chinchilla_0.25/30M/30M_seed42_case4_dolma_epoch4_wd1.6_lr1e-4.json,train_0.15B.npy,preprocessed/dolma2-0625/resharded,,,,,OLMo-dolma-0.15B
repeat,30M_seed42_case4_dolma_epoch4_wd0.1_lr3e-4,30m,30000000,0.25,150000000,4,,0.0003,0.1,42,6.584066089451439,723.4749145507812,13279917,True,False,dolma_val_loss/chinchilla_0.25/30M/30M_seed42_case4_dolma_epoch4_wd0.1_lr3e-4.json,train_0.15B.npy,preprocessed/dolma2-0625/resharded,,,,,OLMo-dolma-0.15B
repeat,30M_seed42_case4_dolma_epoch4_wd0.2_lr3e-4,30m,30000000,0.25,150000000,4,,0.0003,0.2,42,6.588511809184665,726.6986694335938,13279917,True,False,dolma_val_loss/chinchilla_0.25/30M/30M_seed42_case4_dolma_epoch4_wd0.2_lr3e-4.json,train_0.15B.npy,preprocessed/dolma2-0625/resharded,,,,,OLMo-dolma-0.15B
repeat,30M_seed42_case4_dolma_epoch4_wd0.4_lr3e-4,30m,30000000,0.25,150000000,4,,0.0003,0.4,42,6.597588833821872,733.3250122070312,13279917,True,False,dolma_val_loss/chinchilla_0.25/30M/30M_seed42_case4_dolma_epoch4_wd0.4_lr3e-4.json,train_0.15B.npy,preprocessed/dolma2-0625/resharded,,,,,OLMo-dolma-0.15B
repeat,30M_seed42_case4_dolma_epoch4_wd0.8_lr3e-4,30m,30000000,0.25,150000000,4,,0.0003,0.8,42,6.618383890372301,748.7340698242188,13279917,True,False,dolma_val_loss/chinchilla_0.25/30M/30M_seed42_case4_dolma_epoch4_wd0.8_lr3e-4.json,train_0.15B.npy,preprocessed/dolma2-0625/resharded,,,,,OLMo-dolma-0.15B
repeat,30M_seed42_case4_dolma_epoch4_wd1.6_lr3e-4,30m,30000000,0.25,150000000,4,,0.0003,1.6,42,6.661996902020241,782.1111450195312,13279917,True,False,dolma_val_loss/chinchilla_0.25/30M/30M_seed42_case4_dolma_epoch4_wd1.6_lr3e-4.json,train_0.15B.npy,preprocessed/dolma2-0625/resharded,,,,,OLMo-dolma-0.15B
repeat,30M_seed42_case4_dolma_epoch4_wd0.1_lr1e-3,30m,30000000,0.25,150000000,4,,0.001,0.1,42,5.849853047839079,347.183349609375,13279917,True,False,dolma_val_loss/chinchilla_0.25/30M/30M_seed42_case4_dolma_epoch4_wd0.1_lr1e-3.json,train_0.15B.npy,preprocessed/dolma2-0625/resharded,,,,,OLMo-dolma-0.15B
repeat,30M_seed42_case4_dolma_epoch4_wd0.2_lr1e-3,30m,30000000,0.25,150000000,4,,0.001,0.2,42,5.836437563425189,342.556884765625,13279917,True,False,dolma_val_loss/chinchilla_0.25/30M/30M_seed42_case4_dolma_epoch4_wd0.2_lr1e-3.json,train_0.15B.npy,preprocessed/dolma2-0625/resharded,,,,,OLMo-dolma-0.15B
repeat,30M_seed42_case4_dolma_epoch4_wd0.4_lr1e-3,30m,30000000,0.25,150000000,4,,0.001,0.4,42,5.837426910443628,342.89599609375,13279917,True,False,dolma_val_loss/chinchilla_0.25/30M/30M_seed42_case4_dolma_epoch4_wd0.4_lr1e-3.json,train_0.15B.npy,preprocessed/dolma2-0625/resharded,,,,,OLMo-dolma-0.15B
repeat,30M_seed42_case4_dolma_epoch4_wd0.8_lr1e-3,30m,30000000,0.25,150000000,4,,0.001,0.8,42,5.900414651308509,365.18878173828125,13279917,True,False,dolma_val_loss/chinchilla_0.25/30M/30M_seed42_case4_dolma_epoch4_wd0.8_lr1e-3.json,train_0.15B.npy,preprocessed/dolma2-0625/resharded,,,,,OLMo-dolma-0.15B
repeat,30M_seed42_case4_dolma_epoch4_wd1.6_lr1e-3,30m,30000000,0.25,150000000,4,,0.001,1.6,42,5.961556390057352,388.2138977050781,13279917,True,False,dolma_val_loss/chinchilla_0.25/30M/30M_seed42_case4_dolma_epoch4_wd1.6_lr1e-3.json,train_0.15B.npy,preprocessed/dolma2-0625/resharded,,,,,OLMo-dolma-0.15B
repeat,30M_seed42_case4_dolma_epoch4_wd0.1_lr3e-3,30m,30000000,0.25,150000000,4,,0.003,0.1,42,5.699947832219956,298.851806640625,13279917,True,False,dolma_val_loss/chinchilla_0.25/30M/30M_seed42_case4_dolma_epoch4_wd0.1_lr3e-3.json,train_0.15B.npy,preprocessed/dolma2-0625/resharded,,,,,OLMo-dolma-0.15B
repeat,30M_seed42_case4_dolma_epoch4_wd0.2_lr3e-3,30m,30000000,0.25,150000000,4,,0.003,0.2,42,5.682765515622552,293.7607116699219,13279917,True,True,dolma_val_loss/chinchilla_0.25/30M/30M_seed42_case4_dolma_epoch4_wd0.2_lr3e-3.json,train_0.15B.npy,preprocessed/dolma2-0625/resharded,,,,,OLMo-dolma-0.15B
repeat,30M_seed42_case4_dolma_epoch4_wd0.4_lr3e-3,30m,30000000,0.25,150000000,4,,0.003,0.4,42,5.762186791020018,318.0431213378906,13279917,True,False,dolma_val_loss/chinchilla_0.25/30M/30M_seed42_case4_dolma_epoch4_wd0.4_lr3e-3.json,train_0.15B.npy,preprocessed/dolma2-0625/resharded,,,,,OLMo-dolma-0.15B
repeat,30M_seed42_case4_dolma_epoch4_wd0.8_lr3e-3,30m,30000000,0.25,150000000,4,,0.003,0.8,42,5.753628836053837,315.3328552246094,13279917,True,False,dolma_val_loss/chinchilla_0.25/30M/30M_seed42_case4_dolma_epoch4_wd0.8_lr3e-3.json,train_0.15B.npy,preprocessed/dolma2-0625/resharded,,,,,OLMo-dolma-0.15B
repeat,30M_seed42_case4_dolma_epoch4_wd1.6_lr3e-3,30m,30000000,0.25,150000000,4,,0.003,1.6,42,5.87751877044864,356.9224853515625,13279917,True,False,dolma_val_loss/chinchilla_0.25/30M/30M_seed42_case4_dolma_epoch4_wd1.6_lr3e-3.json,train_0.15B.npy,preprocessed/dolma2-0625/resharded,,,,,OLMo-dolma-0.15B
repeat,30M_seed42_case4_dolma_epoch8_wd0.1_lr1e-4,30m,30000000,0.25,150000000,8,,0.0001,0.1,42,6.830484039931664,925.6386108398438,13279917,True,False,dolma_val_loss/chinchilla_0.25/30M/30M_seed42_case4_dolma_epoch8_wd0.1_lr1e-4.json,train_0.15B.npy,preprocessed/dolma2-0625/resharded,,,,,OLMo-dolma-0.15B
repeat,30M_seed42_case4_dolma_epoch8_wd0.2_lr1e-4,30m,30000000,0.25,150000000,8,,0.0001,0.2,42,6.83549567359636,930.2891845703125,13279917,True,False,dolma_val_loss/chinchilla_0.25/30M/30M_seed42_case4_dolma_epoch8_wd0.2_lr1e-4.json,train_0.15B.npy,preprocessed/dolma2-0625/resharded,,,,,OLMo-dolma-0.15B
repeat,30M_seed42_case4_dolma_epoch8_wd0.4_lr1e-4,30m,30000000,0.25,150000000,8,,0.0001,0.4,42,6.845431933663676,939.5789184570312,13279917,True,False,dolma_val_loss/chinchilla_0.25/30M/30M_seed42_case4_dolma_epoch8_wd0.4_lr1e-4.json,train_0.15B.npy,preprocessed/dolma2-0625/resharded,,,,,OLMo-dolma-0.15B
repeat,30M_seed42_case4_dolma_epoch8_wd0.8_lr1e-4,30m,30000000,0.25,150000000,8,,0.0001,0.8,42,6.865903162565417,959.0117797851562,13279917,True,False,dolma_val_loss/chinchilla_0.25/30M/30M_seed42_case4_dolma_epoch8_wd0.8_lr1e-4.json,train_0.15B.npy,preprocessed/dolma2-0625/resharded,,,,,OLMo-dolma-0.15B
repeat,30M_seed42_case4_dolma_epoch8_wd1.6_lr1e-4,30m,30000000,0.25,150000000,8,,0.0001,1.6,42,6.909602521776868,1001.8490600585938,13279917,True,False,dolma_val_loss/chinchilla_0.25/30M/30M_seed42_case4_dolma_epoch8_wd1.6_lr1e-4.json,train_0.15B.npy,preprocessed/dolma2-0625/resharded,,,,,OLMo-dolma-0.15B
repeat,30M_seed42_case4_dolma_epoch8_wd0.1_lr3e-4,30m,30000000,0.25,150000000,8,,0.0003,0.1,42,5.915093637095139,370.58892822265625,13279917,True,False,dolma_val_loss/chinchilla_0.25/30M/30M_seed42_case4_dolma_epoch8_wd0.1_lr3e-4.json,train_0.15B.npy,preprocessed/dolma2-0625/resharded,,,,,OLMo-dolma-0.15B
repeat,30M_seed42_case4_dolma_epoch8_wd0.2_lr3e-4,30m,30000000,0.25,150000000,8,,0.0003,0.2,42,5.9184162226321,371.8222961425781,13279917,True,False,dolma_val_loss/chinchilla_0.25/30M/30M_seed42_case4_dolma_epoch8_wd0.2_lr3e-4.json,train_0.15B.npy,preprocessed/dolma2-0625/resharded,,,,,OLMo-dolma-0.15B
repeat,30M_seed42_case4_dolma_epoch8_wd0.4_lr3e-4,30m,30000000,0.25,150000000,8,,0.0003,0.4,42,5.928614423327862,375.6337585449219,13279917,True,False,dolma_val_loss/chinchilla_0.25/30M/30M_seed42_case4_dolma_epoch8_wd0.4_lr3e-4.json,train_0.15B.npy,preprocessed/dolma2-0625/resharded,,,,,OLMo-dolma-0.15B
repeat,30M_seed42_case4_dolma_epoch8_wd0.8_lr3e-4,30m,30000000,0.25,150000000,8,,0.0003,0.8,42,5.955022503608621,385.6855163574219,13279917,True,False,dolma_val_loss/chinchilla_0.25/30M/30M_seed42_case4_dolma_epoch8_wd0.8_lr3e-4.json,train_0.15B.npy,preprocessed/dolma2-0625/resharded,,,,,OLMo-dolma-0.15B
repeat,30M_seed42_case4_dolma_epoch8_wd1.6_lr3e-4,30m,30000000,0.25,150000000,8,,0.0003,1.6,42,6.005230028231375,405.5442199707031,13279917,True,False,dolma_val_loss/chinchilla_0.25/30M/30M_seed42_case4_dolma_epoch8_wd1.6_lr3e-4.json,train_0.15B.npy,preprocessed/dolma2-0625/resharded,,,,,OLMo-dolma-0.15B
repeat,30M_seed42_case4_dolma_epoch8_wd0.1_lr1e-3,30m,30000000,0.25,150000000,8,,0.001,0.1,42,5.186995465758441,178.93014526367188,13279917,True,False,dolma_val_loss/chinchilla_0.25/30M/30M_seed42_case4_dolma_epoch8_wd0.1_lr1e-3.json,train_0.15B.npy,preprocessed/dolma2-0625/resharded,,,,,OLMo-dolma-0.15B
repeat,30M_seed42_case4_dolma_epoch8_wd0.2_lr1e-3,30m,30000000,0.25,150000000,8,,0.001,0.2,42,5.211535989701004,183.37548828125,13279917,True,False,dolma_val_loss/chinchilla_0.25/30M/30M_seed42_case4_dolma_epoch8_wd0.2_lr1e-3.json,train_0.15B.npy,preprocessed/dolma2-0625/resharded,,,,,OLMo-dolma-0.15B
repeat,30M_seed42_case4_dolma_epoch8_wd0.4_lr1e-3,30m,30000000,0.25,150000000,8,,0.001,0.4,42,5.2212889827714095,185.17274475097656,13279917,True,False,dolma_val_loss/chinchilla_0.25/30M/30M_seed42_case4_dolma_epoch8_wd0.4_lr1e-3.json,train_0.15B.npy,preprocessed/dolma2-0625/resharded,,,,,OLMo-dolma-0.15B
repeat,30M_seed42_case4_dolma_epoch8_wd0.8_lr1e-3,30m,30000000,0.25,150000000,8,,0.001,0.8,42,5.27501494898568,195.3933868408203,13279917,True,False,dolma_val_loss/chinchilla_0.25/30M/30M_seed42_case4_dolma_epoch8_wd0.8_lr1e-3.json,train_0.15B.npy,preprocessed/dolma2-0625/resharded,,,,,OLMo-dolma-0.15B
repeat,30M_seed42_case4_dolma_epoch8_wd1.6_lr1e-3,30m,30000000,0.25,150000000,8,,0.001,1.6,42,5.395677565493491,220.4514617919922,13279917,True,False,dolma_val_loss/chinchilla_0.25/30M/30M_seed42_case4_dolma_epoch8_wd1.6_lr1e-3.json,train_0.15B.npy,preprocessed/dolma2-0625/resharded,,,,,OLMo-dolma-0.15B
repeat,30M_seed42_case4_dolma_epoch8_wd0.1_lr3e-3,30m,30000000,0.25,150000000,8,,0.003,0.1,42,4.907271056230411,135.26974487304688,13279917,True,True,dolma_val_loss/chinchilla_0.25/30M/30M_seed42_case4_dolma_epoch8_wd0.1_lr3e-3.json,train_0.15B.npy,preprocessed/dolma2-0625/resharded,,,,,OLMo-dolma-0.15B
repeat,30M_seed42_case4_dolma_epoch8_wd0.2_lr3e-3,30m,30000000,0.25,150000000,8,,0.003,0.2,42,4.999963813132736,148.40777587890625,13279917,True,False,dolma_val_loss/chinchilla_0.25/30M/30M_seed42_case4_dolma_epoch8_wd0.2_lr3e-3.json,train_0.15B.npy,preprocessed/dolma2-0625/resharded,,,,,OLMo-dolma-0.15B
repeat,30M_seed42_case4_dolma_epoch8_wd0.4_lr3e-3,30m,30000000,0.25,150000000,8,,0.003,0.4,42,5.068654566612808,158.96031188964844,13279917,True,False,dolma_val_loss/chinchilla_0.25/30M/30M_seed42_case4_dolma_epoch8_wd0.4_lr3e-3.json,train_0.15B.npy,preprocessed/dolma2-0625/resharded,,,,,OLMo-dolma-0.15B
repeat,30M_seed42_case4_dolma_epoch8_wd0.8_lr3e-3,30m,30000000,0.25,150000000,8,,0.003,0.8,42,5.0878437910347065,162.0401153564453,13279917,True,False,dolma_val_loss/chinchilla_0.25/30M/30M_seed42_case4_dolma_epoch8_wd0.8_lr3e-3.json,train_0.15B.npy,preprocessed/dolma2-0625/resharded,,,,,OLMo-dolma-0.15B
repeat,30M_seed42_case4_dolma_epoch8_wd1.6_lr3e-3,30m,30000000,0.25,150000000,8,,0.003,1.6,42,5.326687696477367,205.75534057617188,13279917,True,False,dolma_val_loss/chinchilla_0.25/30M/30M_seed42_case4_dolma_epoch8_wd1.6_lr3e-3.json,train_0.15B.npy,preprocessed/dolma2-0625/resharded,,,,,OLMo-dolma-0.15B
repeat,30M_seed42_case4_dolma_epoch16_wd0.1_lr1e-4,30m,30000000,0.25,150000000,16,,0.0001,0.1,42,6.13526365167665,461.8607482910156,13279917,True,False,dolma_val_loss/chinchilla_0.25/30M/30M_seed42_case4_dolma_epoch16_wd0.1_lr1e-4.json,train_0.15B.npy,preprocessed/dolma2-0625/resharded,,,,,OLMo-dolma-0.15B
repeat,30M_seed42_case4_dolma_epoch16_wd0.2_lr1e-4,30m,30000000,0.25,150000000,16,,0.0001,0.2,42,6.138752203944732,463.47479248046875,13279917,True,False,dolma_val_loss/chinchilla_0.25/30M/30M_seed42_case4_dolma_epoch16_wd0.2_lr1e-4.json,train_0.15B.npy,preprocessed/dolma2-0625/resharded,,,,,OLMo-dolma-0.15B
repeat,30M_seed42_case4_dolma_epoch16_wd0.4_lr1e-4,30m,30000000,0.25,150000000,16,,0.0001,0.4,42,6.1479059446640605,467.7368469238281,13279917,True,False,dolma_val_loss/chinchilla_0.25/30M/30M_seed42_case4_dolma_epoch16_wd0.4_lr1e-4.json,train_0.15B.npy,preprocessed/dolma2-0625/resharded,,,,,OLMo-dolma-0.15B
repeat,30M_seed42_case4_dolma_epoch16_wd0.8_lr1e-4,30m,30000000,0.25,150000000,16,,0.0001,0.8,42,6.166950342564853,476.72998046875,13279917,True,False,dolma_val_loss/chinchilla_0.25/30M/30M_seed42_case4_dolma_epoch16_wd0.8_lr1e-4.json,train_0.15B.npy,preprocessed/dolma2-0625/resharded,,,,,OLMo-dolma-0.15B
repeat,30M_seed42_case4_dolma_epoch16_wd1.6_lr1e-4,30m,30000000,0.25,150000000,16,,0.0001,1.6,42,6.2072836195943,496.35107421875,13279917,True,False,dolma_val_loss/chinchilla_0.25/30M/30M_seed42_case4_dolma_epoch16_wd1.6_lr1e-4.json,train_0.15B.npy,preprocessed/dolma2-0625/resharded,,,,,OLMo-dolma-0.15B
repeat,30M_seed42_case4_dolma_epoch16_wd0.1_lr3e-4,30m,30000000,0.25,150000000,16,,0.0003,0.1,42,5.364779664435567,213.7440948486328,13279917,True,False,dolma_val_loss/chinchilla_0.25/30M/30M_seed42_case4_dolma_epoch16_wd0.1_lr3e-4.json,train_0.15B.npy,preprocessed/dolma2-0625/resharded,,,,,OLMo-dolma-0.15B
repeat,30M_seed42_case4_dolma_epoch16_wd0.2_lr3e-4,30m,30000000,0.25,150000000,16,,0.0003,0.2,42,5.370580944560638,214.98777770996094,13279917,True,False,dolma_val_loss/chinchilla_0.25/30M/30M_seed42_case4_dolma_epoch16_wd0.2_lr3e-4.json,train_0.15B.npy,preprocessed/dolma2-0625/resharded,,,,,OLMo-dolma-0.15B
repeat,30M_seed42_case4_dolma_epoch16_wd0.4_lr3e-4,30m,30000000,0.25,150000000,16,,0.0003,0.4,42,5.385968705529066,218.3214874267578,13279917,True,False,dolma_val_loss/chinchilla_0.25/30M/30M_seed42_case4_dolma_epoch16_wd0.4_lr3e-4.json,train_0.15B.npy,preprocessed/dolma2-0625/resharded,,,,,OLMo-dolma-0.15B
repeat,30M_seed42_case4_dolma_epoch16_wd0.8_lr3e-4,30m,30000000,0.25,150000000,16,,0.0003,0.8,42,5.417835860779947,225.39077758789062,13279917,True,False,dolma_val_loss/chinchilla_0.25/30M/30M_seed42_case4_dolma_epoch16_wd0.8_lr3e-4.json,train_0.15B.npy,preprocessed/dolma2-0625/resharded,,,,,OLMo-dolma-0.15B
repeat,30M_seed42_case4_dolma_epoch16_wd1.6_lr3e-4,30m,30000000,0.25,150000000,16,,0.0003,1.6,42,5.492503070569949,242.8643798828125,13279917,True,False,dolma_val_loss/chinchilla_0.25/30M/30M_seed42_case4_dolma_epoch16_wd1.6_lr3e-4.json,train_0.15B.npy,preprocessed/dolma2-0625/resharded,,,,,OLMo-dolma-0.15B
repeat,30M_seed42_case4_dolma_epoch16_wd0.1_lr1e-3,30m,30000000,0.25,150000000,16,,0.001,0.1,42,4.5307240566979115,92.82574462890625,13279917,True,False,dolma_val_loss/chinchilla_0.25/30M/30M_seed42_case4_dolma_epoch16_wd0.1_lr1e-3.json,train_0.15B.npy,preprocessed/dolma2-0625/resharded,,,,,OLMo-dolma-0.15B
repeat,30M_seed42_case4_dolma_epoch16_wd0.2_lr1e-3,30m,30000000,0.25,150000000,16,,0.001,0.2,42,4.5373307364085695,93.4410400390625,13279917,True,False,dolma_val_loss/chinchilla_0.25/30M/30M_seed42_case4_dolma_epoch16_wd0.2_lr1e-3.json,train_0.15B.npy,preprocessed/dolma2-0625/resharded,,,,,OLMo-dolma-0.15B
repeat,30M_seed42_case4_dolma_epoch16_wd0.4_lr1e-3,30m,30000000,0.25,150000000,16,,0.001,0.4,42,4.568573011074378,96.40644073486328,13279917,True,False,dolma_val_loss/chinchilla_0.25/30M/30M_seed42_case4_dolma_epoch16_wd0.4_lr1e-3.json,train_0.15B.npy,preprocessed/dolma2-0625/resharded,,,,,OLMo-dolma-0.15B
repeat,30M_seed42_case4_dolma_epoch16_wd0.8_lr1e-3,30m,30000000,0.25,150000000,16,,0.001,0.8,42,4.585467954784892,98.04904174804688,13279917,True,False,dolma_val_loss/chinchilla_0.25/30M/30M_seed42_case4_dolma_epoch16_wd0.8_lr1e-3.json,train_0.15B.npy,preprocessed/dolma2-0625/resharded,,,,,OLMo-dolma-0.15B
repeat,30M_seed42_case4_dolma_epoch16_wd1.6_lr1e-3,30m,30000000,0.25,150000000,16,,0.001,1.6,42,4.793215425713998,120.68878936767578,13279917,True,False,dolma_val_loss/chinchilla_0.25/30M/30M_seed42_case4_dolma_epoch16_wd1.6_lr1e-3.json,train_0.15B.npy,preprocessed/dolma2-0625/resharded,,,,,OLMo-dolma-0.15B
repeat,30M_seed42_case4_dolma_epoch16_wd0.1_lr3e-3,30m,30000000,0.25,150000000,16,,0.003,0.1,42,4.3368304124866475,76.46480560302734,13279917,True,False,dolma_val_loss/chinchilla_0.25/30M/30M_seed42_case4_dolma_epoch16_wd0.1_lr3e-3.json,train_0.15B.npy,preprocessed/dolma2-0625/resharded,,,,,OLMo-dolma-0.15B
repeat,30M_seed42_case4_dolma_epoch16_wd0.2_lr3e-3,30m,30000000,0.25,150000000,16,,0.003,0.2,42,4.3340196908974935,76.25016784667969,13279917,True,False,dolma_val_loss/chinchilla_0.25/30M/30M_seed42_case4_dolma_epoch16_wd0.2_lr3e-3.json,train_0.15B.npy,preprocessed/dolma2-0625/resharded,,,,,OLMo-dolma-0.15B
repeat,30M_seed42_case4_dolma_epoch16_wd0.4_lr3e-3,30m,30000000,0.25,150000000,16,,0.003,0.4,42,4.331088637083891,76.0270004272461,13279917,True,True,dolma_val_loss/chinchilla_0.25/30M/30M_seed42_case4_dolma_epoch16_wd0.4_lr3e-3.json,train_0.15B.npy,preprocessed/dolma2-0625/resharded,,,,,OLMo-dolma-0.15B
repeat,30M_seed42_case4_dolma_epoch16_wd0.8_lr3e-3,30m,30000000,0.25,150000000,16,,0.003,0.8,42,4.388584650363167,80.52635955810547,13279917,True,False,dolma_val_loss/chinchilla_0.25/30M/30M_seed42_case4_dolma_epoch16_wd0.8_lr3e-3.json,train_0.15B.npy,preprocessed/dolma2-0625/resharded,,,,,OLMo-dolma-0.15B
repeat,30M_seed42_case4_dolma_epoch16_wd1.6_lr3e-3,30m,30000000,0.25,150000000,16,,0.003,1.6,42,4.536381610044607,93.3524169921875,13279917,True,False,dolma_val_loss/chinchilla_0.25/30M/30M_seed42_case4_dolma_epoch16_wd1.6_lr3e-3.json,train_0.15B.npy,preprocessed/dolma2-0625/resharded,,,,,OLMo-dolma-0.15B
repeat,30M_seed42_case4_dolma_epoch32_wd0.1_lr1e-4,30m,30000000,0.25,150000000,32,,0.0001,0.1,42,5.5989153624028205,270.13330078125,13279917,True,False,dolma_val_loss/chinchilla_0.25/30M/30M_seed42_case4_dolma_epoch32_wd0.1_lr1e-4.json,train_0.15B.npy,preprocessed/dolma2-0625/resharded,,,,,OLMo-dolma-0.15B
repeat,30M_seed42_case4_dolma_epoch32_wd0.2_lr1e-4,30m,30000000,0.25,150000000,32,,0.0001,0.2,42,5.601550861478935,270.84619140625,13279917,True,False,dolma_val_loss/chinchilla_0.25/30M/30M_seed42_case4_dolma_epoch32_wd0.2_lr1e-4.json,train_0.15B.npy,preprocessed/dolma2-0625/resharded,,,,,OLMo-dolma-0.15B
repeat,30M_seed42_case4_dolma_epoch32_wd0.4_lr1e-4,30m,30000000,0.25,150000000,32,,0.0001,0.4,42,5.613882182446175,274.2066650390625,13279917,True,False,dolma_val_loss/chinchilla_0.25/30M/30M_seed42_case4_dolma_epoch32_wd0.4_lr1e-4.json,train_0.15B.npy,preprocessed/dolma2-0625/resharded,,,,,OLMo-dolma-0.15B
repeat,30M_seed42_case4_dolma_epoch32_wd0.8_lr1e-4,30m,30000000,0.25,150000000,32,,0.0001,0.8,42,5.6400641306189545,281.4808044433594,13279917,True,False,dolma_val_loss/chinchilla_0.25/30M/30M_seed42_case4_dolma_epoch32_wd0.8_lr1e-4.json,train_0.15B.npy,preprocessed/dolma2-0625/resharded,,,,,OLMo-dolma-0.15B
repeat,30M_seed42_case4_dolma_epoch32_wd1.6_lr1e-4,30m,30000000,0.25,150000000,32,,0.0001,1.6,42,5.694947790159852,297.3612365722656,13279917,True,False,dolma_val_loss/chinchilla_0.25/30M/30M_seed42_case4_dolma_epoch32_wd1.6_lr1e-4.json,train_0.15B.npy,preprocessed/dolma2-0625/resharded,,,,,OLMo-dolma-0.15B
repeat,30M_seed42_case4_dolma_epoch32_wd0.1_lr3e-4,30m,30000000,0.25,150000000,32,,0.0003,0.1,42,4.719848143085039,112.1512222290039,13279917,True,False,dolma_val_loss/chinchilla_0.25/30M/30M_seed42_case4_dolma_epoch32_wd0.1_lr3e-4.json,train_0.15B.npy,preprocessed/dolma2-0625/resharded,,,,,OLMo-dolma-0.15B
repeat,30M_seed42_case4_dolma_epoch32_wd0.2_lr3e-4,30m,30000000,0.25,150000000,32,,0.0003,0.2,42,4.727921731274987,113.06037139892578,13279917,True,False,dolma_val_loss/chinchilla_0.25/30M/30M_seed42_case4_dolma_epoch32_wd0.2_lr3e-4.json,train_0.15B.npy,preprocessed/dolma2-0625/resharded,,,,,OLMo-dolma-0.15B
repeat,30M_seed42_case4_dolma_epoch32_wd0.4_lr3e-4,30m,30000000,0.25,150000000,32,,0.0003,0.4,42,4.747091447930124,115.24857330322266,13279917,True,False,dolma_val_loss/chinchilla_0.25/30M/30M_seed42_case4_dolma_epoch32_wd0.4_lr3e-4.json,train_0.15B.npy,preprocessed/dolma2-0625/resharded,,,,,OLMo-dolma-0.15B
repeat,30M_seed42_case4_dolma_epoch32_wd0.8_lr3e-4,30m,30000000,0.25,150000000,32,,0.0003,0.8,42,4.804844156679052,122.1004867553711,13279917,True,False,dolma_val_loss/chinchilla_0.25/30M/30M_seed42_case4_dolma_epoch32_wd0.8_lr3e-4.json,train_0.15B.npy,preprocessed/dolma2-0625/resharded,,,,,OLMo-dolma-0.15B
repeat,30M_seed42_case4_dolma_epoch32_wd1.6_lr3e-4,30m,30000000,0.25,150000000,32,,0.0003,1.6,42,4.9070505522608405,135.2399444580078,13279917,True,False,dolma_val_loss/chinchilla_0.25/30M/30M_seed42_case4_dolma_epoch32_wd1.6_lr3e-4.json,train_0.15B.npy,preprocessed/dolma2-0625/resharded,,,,,OLMo-dolma-0.15B
repeat,30M_seed42_case4_dolma_epoch32_wd0.1_lr1e-3,30m,30000000,0.25,150000000,32,,0.001,0.1,42,4.31455859198247,74.78060150146484,13279917,True,False,dolma_val_loss/chinchilla_0.25/30M/30M_seed42_case4_dolma_epoch32_wd0.1_lr1e-3.json,train_0.15B.npy,preprocessed/dolma2-0625/resharded,,,,,OLMo-dolma-0.15B
repeat,30M_seed42_case4_dolma_epoch32_wd0.2_lr1e-3,30m,30000000,0.25,150000000,32,,0.001,0.2,42,4.303342920195538,73.94657135009766,13279917,True,False,dolma_val_loss/chinchilla_0.25/30M/30M_seed42_case4_dolma_epoch32_wd0.2_lr1e-3.json,train_0.15B.npy,preprocessed/dolma2-0625/resharded,,,,,OLMo-dolma-0.15B
repeat,30M_seed42_case4_dolma_epoch32_wd0.4_lr1e-3,30m,30000000,0.25,150000000,32,,0.001,0.4,42,4.297413421025029,73.50940704345703,13279917,True,False,dolma_val_loss/chinchilla_0.25/30M/30M_seed42_case4_dolma_epoch32_wd0.4_lr1e-3.json,train_0.15B.npy,preprocessed/dolma2-0625/resharded,,,,,OLMo-dolma-0.15B
repeat,30M_seed42_case4_dolma_epoch32_wd0.8_lr1e-3,30m,30000000,0.25,150000000,32,,0.001,0.8,42,4.311766989297519,74.57215118408203,13279917,True,False,dolma_val_loss/chinchilla_0.25/30M/30M_seed42_case4_dolma_epoch32_wd0.8_lr1e-3.json,train_0.15B.npy,preprocessed/dolma2-0625/resharded,,,,,OLMo-dolma-0.15B
repeat,30M_seed42_case4_dolma_epoch32_wd1.6_lr1e-3,30m,30000000,0.25,150000000,32,,0.001,1.6,42,4.493224363258092,89.40924835205078,13279917,True,False,dolma_val_loss/chinchilla_0.25/30M/30M_seed42_case4_dolma_epoch32_wd1.6_lr1e-3.json,train_0.15B.npy,preprocessed/dolma2-0625/resharded,,,,,OLMo-dolma-0.15B
repeat,30M_seed42_case4_dolma_epoch32_wd0.1_lr3e-3,30m,30000000,0.25,150000000,32,,0.003,0.1,42,4.203405204667436,66.91381072998047,13279917,True,False,dolma_val_loss/chinchilla_0.25/30M/30M_seed42_case4_dolma_epoch32_wd0.1_lr3e-3.json,train_0.15B.npy,preprocessed/dolma2-0625/resharded,,,,,OLMo-dolma-0.15B
repeat,30M_seed42_case4_dolma_epoch32_wd0.2_lr3e-3,30m,30000000,0.25,150000000,32,,0.003,0.2,42,4.194026890158298,66.28919982910156,13279917,True,False,dolma_val_loss/chinchilla_0.25/30M/30M_seed42_case4_dolma_epoch32_wd0.2_lr3e-3.json,train_0.15B.npy,preprocessed/dolma2-0625/resharded,,,,,OLMo-dolma-0.15B
repeat,30M_seed42_case4_dolma_epoch32_wd0.4_lr3e-3,30m,30000000,0.25,150000000,32,,0.003,0.4,42,4.168100474323724,64.59263610839844,13279917,True,False,dolma_val_loss/chinchilla_0.25/30M/30M_seed42_case4_dolma_epoch32_wd0.4_lr3e-3.json,train_0.15B.npy,preprocessed/dolma2-0625/resharded,,,,,OLMo-dolma-0.15B
repeat,30M_seed42_case4_dolma_epoch32_wd0.8_lr3e-3,30m,30000000,0.25,150000000,32,,0.003,0.8,42,4.166516429455447,64.49039459228516,13279917,True,True,dolma_val_loss/chinchilla_0.25/30M/30M_seed42_case4_dolma_epoch32_wd0.8_lr3e-3.json,train_0.15B.npy,preprocessed/dolma2-0625/resharded,,,,,OLMo-dolma-0.15B
repeat,30M_seed42_case4_dolma_epoch32_wd1.6_lr3e-3,30m,30000000,0.25,150000000,32,,0.003,1.6,42,4.360537000303023,78.2991714477539,13279917,True,False,dolma_val_loss/chinchilla_0.25/30M/30M_seed42_case4_dolma_epoch32_wd1.6_lr3e-3.json,train_0.15B.npy,preprocessed/dolma2-0625/resharded,,,,,OLMo-dolma-0.15B
repeat,30M_seed42_case4_dolma_epoch64_wd0.1_lr1e-4,30m,30000000,0.25,150000000,64,,0.0001,0.1,42,4.974816639331923,144.72230529785156,13279917,True,False,dolma_val_loss/chinchilla_0.25/30M/30M_seed42_case4_dolma_epoch64_wd0.1_lr1e-4.json,train_0.15B.npy,preprocessed/dolma2-0625/resharded,,,,,OLMo-dolma-0.15B
repeat,30M_seed42_case4_dolma_epoch64_wd0.2_lr1e-4,30m,30000000,0.25,150000000,64,,0.0001,0.2,42,4.980373632365088,145.52877807617188,13279917,True,False,dolma_val_loss/chinchilla_0.25/30M/30M_seed42_case4_dolma_epoch64_wd0.2_lr1e-4.json,train_0.15B.npy,preprocessed/dolma2-0625/resharded,,,,,OLMo-dolma-0.15B
repeat,30M_seed42_case4_dolma_epoch64_wd0.4_lr1e-4,30m,30000000,0.25,150000000,64,,0.0001,0.4,42,4.990119791734909,146.95404052734375,13279917,True,False,dolma_val_loss/chinchilla_0.25/30M/30M_seed42_case4_dolma_epoch64_wd0.4_lr1e-4.json,train_0.15B.npy,preprocessed/dolma2-0625/resharded,,,,,OLMo-dolma-0.15B
repeat,30M_seed42_case4_dolma_epoch64_wd0.8_lr1e-4,30m,30000000,0.25,150000000,64,,0.0001,0.8,42,5.020648767529595,151.5095977783203,13279917,True,False,dolma_val_loss/chinchilla_0.25/30M/30M_seed42_case4_dolma_epoch64_wd0.8_lr1e-4.json,train_0.15B.npy,preprocessed/dolma2-0625/resharded,,,,,OLMo-dolma-0.15B
repeat,30M_seed42_case4_dolma_epoch64_wd1.6_lr1e-4,30m,30000000,0.25,150000000,64,,0.0001,1.6,42,5.106874038985898,165.1532745361328,13279917,True,False,dolma_val_loss/chinchilla_0.25/30M/30M_seed42_case4_dolma_epoch64_wd1.6_lr1e-4.json,train_0.15B.npy,preprocessed/dolma2-0625/resharded,,,,,OLMo-dolma-0.15B
repeat,30M_seed42_case4_dolma_epoch64_wd0.1_lr3e-4,30m,30000000,0.25,150000000,64,,0.0003,0.1,42,4.4606226114102645,86.54138946533203,13279917,True,False,dolma_val_loss/chinchilla_0.25/30M/30M_seed42_case4_dolma_epoch64_wd0.1_lr3e-4.json,train_0.15B.npy,preprocessed/dolma2-0625/resharded,,,,,OLMo-dolma-0.15B
repeat,30M_seed42_case4_dolma_epoch64_wd0.2_lr3e-4,30m,30000000,0.25,150000000,64,,0.0003,0.2,42,4.46112553218106,86.58489227294922,13279917,True,False,dolma_val_loss/chinchilla_0.25/30M/30M_seed42_case4_dolma_epoch64_wd0.2_lr3e-4.json,train_0.15B.npy,preprocessed/dolma2-0625/resharded,,,,,OLMo-dolma-0.15B
repeat,30M_seed42_case4_dolma_epoch64_wd0.8_lr3e-4,30m,30000000,0.25,150000000,64,,0.0003,0.8,42,4.464639146302764,86.8896713256836,13279917,True,False,dolma_val_loss/chinchilla_0.25/30M/30M_seed42_case4_dolma_epoch64_wd0.8_lr3e-4.json,train_0.15B.npy,preprocessed/dolma2-0625/resharded,,,,,OLMo-dolma-0.15B
repeat,30M_seed42_case4_dolma_epoch64_wd1.6_lr3e-4,30m,30000000,0.25,150000000,64,,0.0003,1.6,42,4.587413203700275,98.23998260498047,13279917,True,False,dolma_val_loss/chinchilla_0.25/30M/30M_seed42_case4_dolma_epoch64_wd1.6_lr3e-4.json,train_0.15B.npy,preprocessed/dolma2-0625/resharded,,,,,OLMo-dolma-0.15B
repeat,30M_seed42_case4_dolma_epoch64_wd0.1_lr1e-3,30m,30000000,0.25,150000000,64,,0.001,0.1,42,4.453224040896326,85.9034652709961,13279917,True,False,dolma_val_loss/chinchilla_0.25/30M/30M_seed42_case4_dolma_epoch64_wd0.1_lr1e-3.json,train_0.15B.npy,preprocessed/dolma2-0625/resharded,,,,,OLMo-dolma-0.15B
repeat,30M_seed42_case4_dolma_epoch64_wd0.2_lr1e-3,30m,30000000,0.25,150000000,64,,0.001,0.2,42,4.4166851401384415,82.8212890625,13279917,True,False,dolma_val_loss/chinchilla_0.25/30M/30M_seed42_case4_dolma_epoch64_wd0.2_lr1e-3.json,train_0.15B.npy,preprocessed/dolma2-0625/resharded,,,,,OLMo-dolma-0.15B
repeat,30M_seed42_case4_dolma_epoch64_wd0.4_lr1e-3,30m,30000000,0.25,150000000,64,,0.001,0.4,42,4.3510193693111,77.55747985839844,13279917,True,False,dolma_val_loss/chinchilla_0.25/30M/30M_seed42_case4_dolma_epoch64_wd0.4_lr1e-3.json,train_0.15B.npy,preprocessed/dolma2-0625/resharded,,,,,OLMo-dolma-0.15B
repeat,30M_seed42_case4_dolma_epoch64_wd0.8_lr1e-3,30m,30000000,0.25,150000000,64,,0.001,0.8,42,4.22245927228875,68.20100402832031,13279917,True,False,dolma_val_loss/chinchilla_0.25/30M/30M_seed42_case4_dolma_epoch64_wd0.8_lr1e-3.json,train_0.15B.npy,preprocessed/dolma2-0625/resharded,,,,,OLMo-dolma-0.15B
repeat,30M_seed42_case4_dolma_epoch64_wd1.6_lr1e-3,30m,30000000,0.25,150000000,64,,0.001,1.6,42,4.35459311329139,77.83515930175781,13279917,True,False,dolma_val_loss/chinchilla_0.25/30M/30M_seed42_case4_dolma_epoch64_wd1.6_lr1e-3.json,train_0.15B.npy,preprocessed/dolma2-0625/resharded,,,,,OLMo-dolma-0.15B
repeat,30M_seed42_case4_dolma_epoch64_wd0.1_lr3e-3,30m,30000000,0.25,150000000,64,,0.003,0.1,42,4.286536514415433,72.71420288085938,13279917,True,False,dolma_val_loss/chinchilla_0.25/30M/30M_seed42_case4_dolma_epoch64_wd0.1_lr3e-3.json,train_0.15B.npy,preprocessed/dolma2-0625/resharded,,,,,OLMo-dolma-0.15B
repeat,30M_seed42_case4_dolma_epoch64_wd0.2_lr3e-3,30m,30000000,0.25,150000000,64,,0.003,0.2,42,4.211005026851001,67.42427825927734,13279917,True,False,dolma_val_loss/chinchilla_0.25/30M/30M_seed42_case4_dolma_epoch64_wd0.2_lr3e-3.json,train_0.15B.npy,preprocessed/dolma2-0625/resharded,,,,,OLMo-dolma-0.15B
repeat,30M_seed42_case4_dolma_epoch64_wd0.4_lr3e-3,30m,30000000,0.25,150000000,64,,0.003,0.4,42,4.120447392406401,61.58677673339844,13279917,True,False,dolma_val_loss/chinchilla_0.25/30M/30M_seed42_case4_dolma_epoch64_wd0.4_lr3e-3.json,train_0.15B.npy,preprocessed/dolma2-0625/resharded,,,,,OLMo-dolma-0.15B
repeat,30M_seed42_case4_dolma_epoch64_wd0.8_lr3e-3,30m,30000000,0.25,150000000,64,,0.003,0.8,42,4.115230880090403,61.2663688659668,13279917,True,True,dolma_val_loss/chinchilla_0.25/30M/30M_seed42_case4_dolma_epoch64_wd0.8_lr3e-3.json,train_0.15B.npy,preprocessed/dolma2-0625/resharded,,,,,OLMo-dolma-0.15B
repeat,30M_seed42_case4_dolma_epoch64_wd1.6_lr3e-3,30m,30000000,0.25,150000000,64,,0.003,1.6,42,4.322201156617734,75.35431671142578,13279917,True,False,dolma_val_loss/chinchilla_0.25/30M/30M_seed42_case4_dolma_epoch64_wd1.6_lr3e-3.json,train_0.15B.npy,preprocessed/dolma2-0625/resharded,,,,,OLMo-dolma-0.15B
repeat,30M_seed42_case4_dolma_epoch1_wd0.1_lr1e-4,30m,30000000,0.5,300000000,1,,0.0001,0.1,42,9.064072952578506,8639.263671875,13279917,True,False,dolma_val_loss/chinchilla_0.5/30M/30M_seed42_case4_dolma_epoch1_wd0.1_lr1e-4.json,train_0.3B.npy,preprocessed/dolma2-0625/resharded,,,,,OLMo-dolma-0.3B
repeat,30M_seed42_case4_dolma_epoch1_wd0.2_lr1e-4,30m,30000000,0.5,300000000,1,,0.0001,0.2,42,9.066208411467057,8657.73828125,13279917,True,False,dolma_val_loss/chinchilla_0.5/30M/30M_seed42_case4_dolma_epoch1_wd0.2_lr1e-4.json,train_0.3B.npy,preprocessed/dolma2-0625/resharded,,,,,OLMo-dolma-0.3B
repeat,30M_seed42_case4_dolma_epoch1_wd0.4_lr1e-4,30m,30000000,0.5,300000000,1,,0.0001,0.4,42,9.070676674345226,8696.5078125,13279917,True,False,dolma_val_loss/chinchilla_0.5/30M/30M_seed42_case4_dolma_epoch1_wd0.4_lr1e-4.json,train_0.3B.npy,preprocessed/dolma2-0625/resharded,,,,,OLMo-dolma-0.3B
repeat,30M_seed42_case4_dolma_epoch1_wd0.8_lr1e-4,30m,30000000,0.5,300000000,1,,0.0001,0.8,42,9.07925766029943,8771.455078125,13279917,True,False,dolma_val_loss/chinchilla_0.5/30M/30M_seed42_case4_dolma_epoch1_wd0.8_lr1e-4.json,train_0.3B.npy,preprocessed/dolma2-0625/resharded,,,,,OLMo-dolma-0.3B
repeat,30M_seed42_case4_dolma_epoch1_wd1.6_lr1e-4,30m,30000000,0.5,300000000,1,,0.0001,1.6,42,9.096804345379192,8926.72265625,13279917,True,False,dolma_val_loss/chinchilla_0.5/30M/30M_seed42_case4_dolma_epoch1_wd1.6_lr1e-4.json,train_0.3B.npy,preprocessed/dolma2-0625/resharded,,,,,OLMo-dolma-0.3B
repeat,30M_seed42_case4_dolma_epoch1_wd0.1_lr3e-4,30m,30000000,0.5,300000000,1,,0.0003,0.1,42,7.492220913794821,1794.031982421875,13279917,True,False,dolma_val_loss/chinchilla_0.5/30M/30M_seed42_case4_dolma_epoch1_wd0.1_lr3e-4.json,train_0.3B.npy,preprocessed/dolma2-0625/resharded,,,,,OLMo-dolma-0.3B
repeat,30M_seed42_case4_dolma_epoch1_wd0.2_lr3e-4,30m,30000000,0.5,300000000,1,,0.0003,0.2,42,7.4970524963736125,1802.7213134765625,13279917,True,False,dolma_val_loss/chinchilla_0.5/30M/30M_seed42_case4_dolma_epoch1_wd0.2_lr3e-4.json,train_0.3B.npy,preprocessed/dolma2-0625/resharded,,,,,OLMo-dolma-0.3B
repeat,30M_seed42_case4_dolma_epoch1_wd0.4_lr3e-4,30m,30000000,0.5,300000000,1,,0.0003,0.4,42,7.507289743414812,1821.27099609375,13279917,True,False,dolma_val_loss/chinchilla_0.5/30M/30M_seed42_case4_dolma_epoch1_wd0.4_lr3e-4.json,train_0.3B.npy,preprocessed/dolma2-0625/resharded,,,,,OLMo-dolma-0.3B
repeat,30M_seed42_case4_dolma_epoch1_wd0.8_lr3e-4,30m,30000000,0.5,300000000,1,,0.0003,0.8,42,7.526135351951936,1855.9193115234375,13279917,True,False,dolma_val_loss/chinchilla_0.5/30M/30M_seed42_case4_dolma_epoch1_wd0.8_lr3e-4.json,train_0.3B.npy,preprocessed/dolma2-0625/resharded,,,,,OLMo-dolma-0.3B
repeat,30M_seed42_case4_dolma_epoch1_wd1.6_lr3e-4,30m,30000000,0.5,300000000,1,,0.0003,1.6,42,7.563096190131968,1925.7987060546875,13279917,True,False,dolma_val_loss/chinchilla_0.5/30M/30M_seed42_case4_dolma_epoch1_wd1.6_lr3e-4.json,train_0.3B.npy,preprocessed/dolma2-0625/resharded,,,,,OLMo-dolma-0.3B
repeat,30M_seed42_case4_dolma_epoch1_wd0.1_lr1e-3,30m,30000000,0.5,300000000,1,,0.001,0.1,42,6.561925575949688,707.6328735351562,13279917,True,False,dolma_val_loss/chinchilla_0.5/30M/30M_seed42_case4_dolma_epoch1_wd0.1_lr1e-3.json,train_0.3B.npy,preprocessed/dolma2-0625/resharded,,,,,OLMo-dolma-0.3B
repeat,30M_seed42_case4_dolma_epoch1_wd0.2_lr1e-3,30m,30000000,0.5,300000000,1,,0.001,0.2,42,6.565741153025584,710.3380737304688,13279917,True,False,dolma_val_loss/chinchilla_0.5/30M/30M_seed42_case4_dolma_epoch1_wd0.2_lr1e-3.json,train_0.3B.npy,preprocessed/dolma2-0625/resharded,,,,,OLMo-dolma-0.3B
repeat,30M_seed42_case4_dolma_epoch1_wd0.4_lr1e-3,30m,30000000,0.5,300000000,1,,0.001,0.4,42,6.556462509549546,703.7775268554688,13279917,True,False,dolma_val_loss/chinchilla_0.5/30M/30M_seed42_case4_dolma_epoch1_wd0.4_lr1e-3.json,train_0.3B.npy,preprocessed/dolma2-0625/resharded,,,,,OLMo-dolma-0.3B
repeat,30M_seed42_case4_dolma_epoch1_wd0.8_lr1e-3,30m,30000000,0.5,300000000,1,,0.001,0.8,42,6.577238652363424,718.5523681640625,13279917,True,False,dolma_val_loss/chinchilla_0.5/30M/30M_seed42_case4_dolma_epoch1_wd0.8_lr1e-3.json,train_0.3B.npy,preprocessed/dolma2-0625/resharded,,,,,OLMo-dolma-0.3B
repeat,30M_seed42_case4_dolma_epoch1_wd1.6_lr1e-3,30m,30000000,0.5,300000000,1,,0.001,1.6,42,6.621362754793338,750.9677124023438,13279917,True,False,dolma_val_loss/chinchilla_0.5/30M/30M_seed42_case4_dolma_epoch1_wd1.6_lr1e-3.json,train_0.3B.npy,preprocessed/dolma2-0625/resharded,,,,,OLMo-dolma-0.3B
repeat,30M_seed42_case4_dolma_epoch1_wd0.1_lr3e-3,30m,30000000,0.5,300000000,1,,0.003,0.1,42,6.4747133463911855,648.5332641601562,13279917,True,False,dolma_val_loss/chinchilla_0.5/30M/30M_seed42_case4_dolma_epoch1_wd0.1_lr3e-3.json,train_0.3B.npy,preprocessed/dolma2-0625/resharded,,,,,OLMo-dolma-0.3B
repeat,30M_seed42_case4_dolma_epoch1_wd0.2_lr3e-3,30m,30000000,0.5,300000000,1,,0.003,0.2,42,6.4435240594700725,628.6181030273438,13279917,True,True,dolma_val_loss/chinchilla_0.5/30M/30M_seed42_case4_dolma_epoch1_wd0.2_lr3e-3.json,train_0.3B.npy,preprocessed/dolma2-0625/resharded,,,,,OLMo-dolma-0.3B
repeat,30M_seed42_case4_dolma_epoch1_wd0.4_lr3e-3,30m,30000000,0.5,300000000,1,,0.003,0.4,42,6.452797303727736,634.4747314453125,13279917,True,False,dolma_val_loss/chinchilla_0.5/30M/30M_seed42_case4_dolma_epoch1_wd0.4_lr3e-3.json,train_0.3B.npy,preprocessed/dolma2-0625/resharded,,,,,OLMo-dolma-0.3B
repeat,30M_seed42_case4_dolma_epoch1_wd0.8_lr3e-3,30m,30000000,0.5,300000000,1,,0.003,0.8,42,6.500544092697219,665.5036010742188,13279917,True,False,dolma_val_loss/chinchilla_0.5/30M/30M_seed42_case4_dolma_epoch1_wd0.8_lr3e-3.json,train_0.3B.npy,preprocessed/dolma2-0625/resharded,,,,,OLMo-dolma-0.3B
repeat,30M_seed42_case4_dolma_epoch1_wd1.6_lr3e-3,30m,30000000,0.5,300000000,1,,0.003,1.6,42,6.596617240644157,732.6127319335938,13279917,True,False,dolma_val_loss/chinchilla_0.5/30M/30M_seed42_case4_dolma_epoch1_wd1.6_lr3e-3.json,train_0.3B.npy,preprocessed/dolma2-0625/resharded,,,,,OLMo-dolma-0.3B
repeat,30M_seed42_case4_dolma_epoch2_wd0.1_lr1e-4,30m,30000000,0.5,300000000,2,,0.0001,0.1,42,7.89183167478687,2675.34033203125,13279917,True,False,dolma_val_loss/chinchilla_0.5/30M/30M_seed42_case4_dolma_epoch2_wd0.1_lr1e-4.json,train_0.3B.npy,preprocessed/dolma2-0625/resharded,,,,,OLMo-dolma-0.3B
repeat,30M_seed42_case4_dolma_epoch2_wd0.2_lr1e-4,30m,30000000,0.5,300000000,2,,0.0001,0.2,42,7.896003014775525,2686.5234375,13279917,True,False,dolma_val_loss/chinchilla_0.5/30M/30M_seed42_case4_dolma_epoch2_wd0.2_lr1e-4.json,train_0.3B.npy,preprocessed/dolma2-0625/resharded,,,,,OLMo-dolma-0.3B
repeat,30M_seed42_case4_dolma_epoch2_wd0.4_lr1e-4,30m,30000000,0.5,300000000,2,,0.0001,0.4,42,7.90429561428523,2708.893310546875,13279917,True,False,dolma_val_loss/chinchilla_0.5/30M/30M_seed42_case4_dolma_epoch2_wd0.4_lr1e-4.json,train_0.3B.npy,preprocessed/dolma2-0625/resharded,,,,,OLMo-dolma-0.3B
repeat,30M_seed42_case4_dolma_epoch2_wd0.8_lr1e-4,30m,30000000,0.5,300000000,2,,0.0001,0.8,42,7.921477269492724,2755.83935546875,13279917,True,False,dolma_val_loss/chinchilla_0.5/30M/30M_seed42_case4_dolma_epoch2_wd0.8_lr1e-4.json,train_0.3B.npy,preprocessed/dolma2-0625/resharded,,,,,OLMo-dolma-0.3B
repeat,30M_seed42_case4_dolma_epoch2_wd1.6_lr1e-4,30m,30000000,0.5,300000000,2,,0.0001,1.6,42,7.955189442201992,2850.32763671875,13279917,True,False,dolma_val_loss/chinchilla_0.5/30M/30M_seed42_case4_dolma_epoch2_wd1.6_lr1e-4.json,train_0.3B.npy,preprocessed/dolma2-0625/resharded,,,,,OLMo-dolma-0.3B
repeat,30M_seed42_case4_dolma_epoch2_wd0.1_lr3e-4,30m,30000000,0.5,300000000,2,,0.0003,0.1,42,6.578140005035423,719.2001953125,13279917,True,False,dolma_val_loss/chinchilla_0.5/30M/30M_seed42_case4_dolma_epoch2_wd0.1_lr3e-4.json,train_0.3B.npy,preprocessed/dolma2-0625/resharded,,,,,OLMo-dolma-0.3B
repeat,30M_seed42_case4_dolma_epoch2_wd0.2_lr3e-4,30m,30000000,0.5,300000000,2,,0.0003,0.2,42,6.581340486552457,721.5057373046875,13279917,True,False,dolma_val_loss/chinchilla_0.5/30M/30M_seed42_case4_dolma_epoch2_wd0.2_lr3e-4.json,train_0.3B.npy,preprocessed/dolma2-0625/resharded,,,,,OLMo-dolma-0.3B
repeat,30M_seed42_case4_dolma_epoch2_wd0.4_lr3e-4,30m,30000000,0.5,300000000,2,,0.0003,0.4,42,6.5922291084555305,729.4048461914062,13279917,True,False,dolma_val_loss/chinchilla_0.5/30M/30M_seed42_case4_dolma_epoch2_wd0.4_lr3e-4.json,train_0.3B.npy,preprocessed/dolma2-0625/resharded,,,,,OLMo-dolma-0.3B
repeat,30M_seed42_case4_dolma_epoch2_wd0.8_lr3e-4,30m,30000000,0.5,300000000,2,,0.0003,0.8,42,6.612440823295902,744.2973022460938,13279917,True,False,dolma_val_loss/chinchilla_0.5/30M/30M_seed42_case4_dolma_epoch2_wd0.8_lr3e-4.json,train_0.3B.npy,preprocessed/dolma2-0625/resharded,,,,,OLMo-dolma-0.3B
repeat,30M_seed42_case4_dolma_epoch2_wd1.6_lr3e-4,30m,30000000,0.5,300000000,2,,0.0003,1.6,42,6.655426981366628,776.9896240234375,13279917,True,False,dolma_val_loss/chinchilla_0.5/30M/30M_seed42_case4_dolma_epoch2_wd1.6_lr3e-4.json,train_0.3B.npy,preprocessed/dolma2-0625/resharded,,,,,OLMo-dolma-0.3B
repeat,30M_seed42_case4_dolma_epoch2_wd0.1_lr1e-3,30m,30000000,0.5,300000000,2,,0.001,0.1,42,5.820781604656184,337.2355651855469,13279917,True,False,dolma_val_loss/chinchilla_0.5/30M/30M_seed42_case4_dolma_epoch2_wd0.1_lr1e-3.json,train_0.3B.npy,preprocessed/dolma2-0625/resharded,,,,,OLMo-dolma-0.3B
repeat,30M_seed42_case4_dolma_epoch2_wd0.2_lr1e-3,30m,30000000,0.5,300000000,2,,0.001,0.2,42,5.817840079644558,336.2450256347656,13279917,True,False,dolma_val_loss/chinchilla_0.5/30M/30M_seed42_case4_dolma_epoch2_wd0.2_lr1e-3.json,train_0.3B.npy,preprocessed/dolma2-0625/resharded,,,,,OLMo-dolma-0.3B
repeat,30M_seed42_case4_dolma_epoch2_wd0.4_lr1e-3,30m,30000000,0.5,300000000,2,,0.001,0.4,42,5.842423756447659,344.6136474609375,13279917,True,False,dolma_val_loss/chinchilla_0.5/30M/30M_seed42_case4_dolma_epoch2_wd0.4_lr1e-3.json,train_0.3B.npy,preprocessed/dolma2-0625/resharded,,,,,OLMo-dolma-0.3B
repeat,30M_seed42_case4_dolma_epoch2_wd0.8_lr1e-3,30m,30000000,0.5,300000000,2,,0.001,0.8,42,5.855025681707009,348.98388671875,13279917,True,False,dolma_val_loss/chinchilla_0.5/30M/30M_seed42_case4_dolma_epoch2_wd0.8_lr1e-3.json,train_0.3B.npy,preprocessed/dolma2-0625/resharded,,,,,OLMo-dolma-0.3B
repeat,30M_seed42_case4_dolma_epoch2_wd1.6_lr1e-3,30m,30000000,0.5,300000000,2,,0.001,1.6,42,5.95107051203238,384.164306640625,13279917,True,False,dolma_val_loss/chinchilla_0.5/30M/30M_seed42_case4_dolma_epoch2_wd1.6_lr1e-3.json,train_0.3B.npy,preprocessed/dolma2-0625/resharded,,,,,OLMo-dolma-0.3B
repeat,30M_seed42_case4_dolma_epoch2_wd0.1_lr3e-3,30m,30000000,0.5,300000000,2,,0.003,0.1,42,5.648373514460313,283.8294677734375,13279917,True,False,dolma_val_loss/chinchilla_0.5/30M/30M_seed42_case4_dolma_epoch2_wd0.1_lr3e-3.json,train_0.3B.npy,preprocessed/dolma2-0625/resharded,,,,,OLMo-dolma-0.3B
repeat,30M_seed42_case4_dolma_epoch2_wd0.2_lr3e-3,30m,30000000,0.5,300000000,2,,0.003,0.2,42,5.640143977603549,281.5032043457031,13279917,True,True,dolma_val_loss/chinchilla_0.5/30M/30M_seed42_case4_dolma_epoch2_wd0.2_lr3e-3.json,train_0.3B.npy,preprocessed/dolma2-0625/resharded,,,,,OLMo-dolma-0.3B
repeat,30M_seed42_case4_dolma_epoch2_wd0.4_lr3e-3,30m,30000000,0.5,300000000,2,,0.003,0.4,42,5.656835538548194,286.2414245605469,13279917,True,False,dolma_val_loss/chinchilla_0.5/30M/30M_seed42_case4_dolma_epoch2_wd0.4_lr3e-3.json,train_0.3B.npy,preprocessed/dolma2-0625/resharded,,,,,OLMo-dolma-0.3B
repeat,30M_seed42_case4_dolma_epoch2_wd0.8_lr3e-3,30m,30000000,0.5,300000000,2,,0.003,0.8,42,5.769681684289823,320.4356384277344,13279917,True,False,dolma_val_loss/chinchilla_0.5/30M/30M_seed42_case4_dolma_epoch2_wd0.8_lr3e-3.json,train_0.3B.npy,preprocessed/dolma2-0625/resharded,,,,,OLMo-dolma-0.3B
repeat,30M_seed42_case4_dolma_epoch2_wd1.6_lr3e-3,30m,30000000,0.5,300000000,2,,0.003,1.6,42,5.886216979932932,360.04071044921875,13279917,True,False,dolma_val_loss/chinchilla_0.5/30M/30M_seed42_case4_dolma_epoch2_wd1.6_lr3e-3.json,train_0.3B.npy,preprocessed/dolma2-0625/resharded,,,,,OLMo-dolma-0.3B
repeat,30M_seed42_case4_dolma_epoch4_wd0.1_lr1e-4,30m,30000000,0.5,300000000,4,,0.0001,0.1,42,6.832761718388493,927.74951171875,13279917,True,False,dolma_val_loss/chinchilla_0.5/30M/30M_seed42_case4_dolma_epoch4_wd0.1_lr1e-4.json,train_0.3B.npy,preprocessed/dolma2-0625/resharded,,,,,OLMo-dolma-0.3B
repeat,30M_seed42_case4_dolma_epoch4_wd0.2_lr1e-4,30m,30000000,0.5,300000000,4,,0.0001,0.2,42,6.838163196768991,932.7744140625,13279917,True,False,dolma_val_loss/chinchilla_0.5/30M/30M_seed42_case4_dolma_epoch4_wd0.2_lr1e-4.json,train_0.3B.npy,preprocessed/dolma2-0625/resharded,,,,,OLMo-dolma-0.3B
repeat,30M_seed42_case4_dolma_epoch4_wd0.4_lr1e-4,30m,30000000,0.5,300000000,4,,0.0001,0.4,42,6.847705955724112,941.7179565429688,13279917,True,False,dolma_val_loss/chinchilla_0.5/30M/30M_seed42_case4_dolma_epoch4_wd0.4_lr1e-4.json,train_0.3B.npy,preprocessed/dolma2-0625/resharded,,,,,OLMo-dolma-0.3B
repeat,30M_seed42_case4_dolma_epoch4_wd0.8_lr1e-4,30m,30000000,0.5,300000000,4,,0.0001,0.8,42,6.868847025311674,961.8388061523438,13279917,True,False,dolma_val_loss/chinchilla_0.5/30M/30M_seed42_case4_dolma_epoch4_wd0.8_lr1e-4.json,train_0.3B.npy,preprocessed/dolma2-0625/resharded,,,,,OLMo-dolma-0.3B
repeat,30M_seed42_case4_dolma_epoch4_wd1.6_lr1e-4,30m,30000000,0.5,300000000,4,,0.0001,1.6,42,6.913228475997347,1005.4882202148438,13279917,True,False,dolma_val_loss/chinchilla_0.5/30M/30M_seed42_case4_dolma_epoch4_wd1.6_lr1e-4.json,train_0.3B.npy,preprocessed/dolma2-0625/resharded,,,,,OLMo-dolma-0.3B
repeat,30M_seed42_case4_dolma_epoch4_wd0.1_lr3e-4,30m,30000000,0.5,300000000,4,,0.0003,0.1,42,5.904896753149182,366.829345703125,13279917,True,False,dolma_val_loss/chinchilla_0.5/30M/30M_seed42_case4_dolma_epoch4_wd0.1_lr3e-4.json,train_0.3B.npy,preprocessed/dolma2-0625/resharded,,,,,OLMo-dolma-0.3B
repeat,30M_seed42_case4_dolma_epoch4_wd0.2_lr3e-4,30m,30000000,0.5,300000000,4,,0.0003,0.2,42,5.914167154106766,370.2457275390625,13279917,True,False,dolma_val_loss/chinchilla_0.5/30M/30M_seed42_case4_dolma_epoch4_wd0.2_lr3e-4.json,train_0.3B.npy,preprocessed/dolma2-0625/resharded,,,,,OLMo-dolma-0.3B
repeat,30M_seed42_case4_dolma_epoch4_wd0.4_lr3e-4,30m,30000000,0.5,300000000,4,,0.0003,0.4,42,5.923499845875119,373.71746826171875,13279917,True,False,dolma_val_loss/chinchilla_0.5/30M/30M_seed42_case4_dolma_epoch4_wd0.4_lr3e-4.json,train_0.3B.npy,preprocessed/dolma2-0625/resharded,,,,,OLMo-dolma-0.3B
repeat,30M_seed42_case4_dolma_epoch4_wd0.8_lr3e-4,30m,30000000,0.5,300000000,4,,0.0003,0.8,42,5.947900729699473,382.9486083984375,13279917,True,False,dolma_val_loss/chinchilla_0.5/30M/30M_seed42_case4_dolma_epoch4_wd0.8_lr3e-4.json,train_0.3B.npy,preprocessed/dolma2-0625/resharded,,,,,OLMo-dolma-0.3B
repeat,30M_seed42_case4_dolma_epoch4_wd1.6_lr3e-4,30m,30000000,0.5,300000000,4,,0.0003,1.6,42,6.00058248052068,403.6639404296875,13279917,True,False,dolma_val_loss/chinchilla_0.5/30M/30M_seed42_case4_dolma_epoch4_wd1.6_lr3e-4.json,train_0.3B.npy,preprocessed/dolma2-0625/resharded,,,,,OLMo-dolma-0.3B
repeat,30M_seed42_case4_dolma_epoch4_wd0.1_lr1e-3,30m,30000000,0.5,300000000,4,,0.001,0.1,42,5.167809698668838,175.52992248535156,13279917,True,False,dolma_val_loss/chinchilla_0.5/30M/30M_seed42_case4_dolma_epoch4_wd0.1_lr1e-3.json,train_0.3B.npy,preprocessed/dolma2-0625/resharded,,,,,OLMo-dolma-0.3B
repeat,30M_seed42_case4_dolma_epoch4_wd0.2_lr1e-3,30m,30000000,0.5,300000000,4,,0.001,0.2,42,5.194359612523251,180.25270080566406,13279917,True,False,dolma_val_loss/chinchilla_0.5/30M/30M_seed42_case4_dolma_epoch4_wd0.2_lr1e-3.json,train_0.3B.npy,preprocessed/dolma2-0625/resharded,,,,,OLMo-dolma-0.3B
repeat,30M_seed42_case4_dolma_epoch4_wd0.4_lr1e-3,30m,30000000,0.5,300000000,4,,0.001,0.4,42,5.19960655230493,181.20091247558594,13279917,True,False,dolma_val_loss/chinchilla_0.5/30M/30M_seed42_case4_dolma_epoch4_wd0.4_lr1e-3.json,train_0.3B.npy,preprocessed/dolma2-0625/resharded,,,,,OLMo-dolma-0.3B
repeat,30M_seed42_case4_dolma_epoch4_wd0.8_lr1e-3,30m,30000000,0.5,300000000,4,,0.001,0.8,42,5.256412097386885,191.7921142578125,13279917,True,False,dolma_val_loss/chinchilla_0.5/30M/30M_seed42_case4_dolma_epoch4_wd0.8_lr1e-3.json,train_0.3B.npy,preprocessed/dolma2-0625/resharded,,,,,OLMo-dolma-0.3B
repeat,30M_seed42_case4_dolma_epoch4_wd1.6_lr1e-3,30m,30000000,0.5,300000000,4,,0.001,1.6,42,5.37127134694253,215.1361541748047,13279917,True,False,dolma_val_loss/chinchilla_0.5/30M/30M_seed42_case4_dolma_epoch4_wd1.6_lr1e-3.json,train_0.3B.npy,preprocessed/dolma2-0625/resharded,,,,,OLMo-dolma-0.3B
repeat,30M_seed42_case4_dolma_epoch4_wd0.1_lr3e-3,30m,30000000,0.5,300000000,4,,0.003,0.1,42,4.928202092090448,138.13095092773438,13279917,True,False,dolma_val_loss/chinchilla_0.5/30M/30M_seed42_case4_dolma_epoch4_wd0.1_lr3e-3.json,train_0.3B.npy,preprocessed/dolma2-0625/resharded,,,,,OLMo-dolma-0.3B
repeat,30M_seed42_case4_dolma_epoch4_wd0.2_lr3e-3,30m,30000000,0.5,300000000,4,,0.003,0.2,42,4.876044100307983,131.11099243164062,13279917,True,False,dolma_val_loss/chinchilla_0.5/30M/30M_seed42_case4_dolma_epoch4_wd0.2_lr3e-3.json,train_0.3B.npy,preprocessed/dolma2-0625/resharded,,,,,OLMo-dolma-0.3B
repeat,30M_seed42_case4_dolma_epoch4_wd0.4_lr3e-3,30m,30000000,0.5,300000000,4,,0.003,0.4,42,4.873612701863908,130.7926025390625,13279917,True,True,dolma_val_loss/chinchilla_0.5/30M/30M_seed42_case4_dolma_epoch4_wd0.4_lr3e-3.json,train_0.3B.npy,preprocessed/dolma2-0625/resharded,,,,,OLMo-dolma-0.3B
repeat,30M_seed42_case4_dolma_epoch4_wd0.8_lr3e-3,30m,30000000,0.5,300000000,4,,0.003,0.8,42,5.085335287498879,161.63412475585938,13279917,True,False,dolma_val_loss/chinchilla_0.5/30M/30M_seed42_case4_dolma_epoch4_wd0.8_lr3e-3.json,train_0.3B.npy,preprocessed/dolma2-0625/resharded,,,,,OLMo-dolma-0.3B
repeat,30M_seed42_case4_dolma_epoch4_wd1.6_lr3e-3,30m,30000000,0.5,300000000,4,,0.003,1.6,42,5.264560683177651,193.36134338378906,13279917,True,False,dolma_val_loss/chinchilla_0.5/30M/30M_seed42_case4_dolma_epoch4_wd1.6_lr3e-3.json,train_0.3B.npy,preprocessed/dolma2-0625/resharded,,,,,OLMo-dolma-0.3B
repeat,30M_seed42_case4_dolma_epoch8_wd0.1_lr1e-4,30m,30000000,0.5,300000000,8,,0.0001,0.1,42,6.138312051459099,463.2708435058594,13279917,True,False,dolma_val_loss/chinchilla_0.5/30M/30M_seed42_case4_dolma_epoch8_wd0.1_lr1e-4.json,train_0.3B.npy,preprocessed/dolma2-0625/resharded,,,,,OLMo-dolma-0.3B
repeat,30M_seed42_case4_dolma_epoch8_wd0.2_lr1e-4,30m,30000000,0.5,300000000,8,,0.0001,0.2,42,6.141462015552907,464.7324523925781,13279917,True,False,dolma_val_loss/chinchilla_0.5/30M/30M_seed42_case4_dolma_epoch8_wd0.2_lr1e-4.json,train_0.3B.npy,preprocessed/dolma2-0625/resharded,,,,,OLMo-dolma-0.3B
repeat,30M_seed42_case4_dolma_epoch8_wd0.4_lr1e-4,30m,30000000,0.5,300000000,8,,0.0001,0.4,42,6.1497550714319456,468.6025695800781,13279917,True,False,dolma_val_loss/chinchilla_0.5/30M/30M_seed42_case4_dolma_epoch8_wd0.4_lr1e-4.json,train_0.3B.npy,preprocessed/dolma2-0625/resharded,,,,,OLMo-dolma-0.3B
repeat,30M_seed42_case4_dolma_epoch8_wd0.8_lr1e-4,30m,30000000,0.5,300000000,8,,0.0001,0.8,42,6.168473363293611,477.45660400390625,13279917,True,False,dolma_val_loss/chinchilla_0.5/30M/30M_seed42_case4_dolma_epoch8_wd0.8_lr1e-4.json,train_0.3B.npy,preprocessed/dolma2-0625/resharded,,,,,OLMo-dolma-0.3B
repeat,30M_seed42_case4_dolma_epoch8_wd1.6_lr1e-4,30m,30000000,0.5,300000000,8,,0.0001,1.6,42,6.21197137053125,498.6833190917969,13279917,True,False,dolma_val_loss/chinchilla_0.5/30M/30M_seed42_case4_dolma_epoch8_wd1.6_lr1e-4.json,train_0.3B.npy,preprocessed/dolma2-0625/resharded,,,,,OLMo-dolma-0.3B
repeat,30M_seed42_case4_dolma_epoch8_wd0.1_lr3e-4,30m,30000000,0.5,300000000,8,,0.0003,0.1,42,5.333972196718878,207.2595672607422,13279917,True,False,dolma_val_loss/chinchilla_0.5/30M/30M_seed42_case4_dolma_epoch8_wd0.1_lr3e-4.json,train_0.3B.npy,preprocessed/dolma2-0625/resharded,,,,,OLMo-dolma-0.3B
repeat,30M_seed42_case4_dolma_epoch8_wd0.2_lr3e-4,30m,30000000,0.5,300000000,8,,0.0003,0.2,42,5.343387053057377,209.2201690673828,13279917,True,False,dolma_val_loss/chinchilla_0.5/30M/30M_seed42_case4_dolma_epoch8_wd0.2_lr3e-4.json,train_0.3B.npy,preprocessed/dolma2-0625/resharded,,,,,OLMo-dolma-0.3B
repeat,30M_seed42_case4_dolma_epoch8_wd0.4_lr3e-4,30m,30000000,0.5,300000000,8,,0.0003,0.4,42,5.3626704714185385,213.2937774658203,13279917,True,False,dolma_val_loss/chinchilla_0.5/30M/30M_seed42_case4_dolma_epoch8_wd0.4_lr3e-4.json,train_0.3B.npy,preprocessed/dolma2-0625/resharded,,,,,OLMo-dolma-0.3B
repeat,30M_seed42_case4_dolma_epoch8_wd0.8_lr3e-4,30m,30000000,0.5,300000000,8,,0.0003,0.8,42,5.396522909529362,220.63792419433594,13279917,True,False,dolma_val_loss/chinchilla_0.5/30M/30M_seed42_case4_dolma_epoch8_wd0.8_lr3e-4.json,train_0.3B.npy,preprocessed/dolma2-0625/resharded,,,,,OLMo-dolma-0.3B
repeat,30M_seed42_case4_dolma_epoch8_wd1.6_lr3e-4,30m,30000000,0.5,300000000,8,,0.0003,1.6,42,5.481806299466494,240.28033447265625,13279917,True,False,dolma_val_loss/chinchilla_0.5/30M/30M_seed42_case4_dolma_epoch8_wd1.6_lr3e-4.json,train_0.3B.npy,preprocessed/dolma2-0625/resharded,,,,,OLMo-dolma-0.3B
repeat,30M_seed42_case4_dolma_epoch8_wd0.1_lr1e-3,30m,30000000,0.5,300000000,8,,0.001,0.1,42,4.490875291091569,89.1994857788086,13279917,True,False,dolma_val_loss/chinchilla_0.5/30M/30M_seed42_case4_dolma_epoch8_wd0.1_lr1e-3.json,train_0.3B.npy,preprocessed/dolma2-0625/resharded,,,,,OLMo-dolma-0.3B
repeat,30M_seed42_case4_dolma_epoch8_wd0.2_lr1e-3,30m,30000000,0.5,300000000,8,,0.001,0.2,42,4.4991324848418195,89.9390869140625,13279917,True,False,dolma_val_loss/chinchilla_0.5/30M/30M_seed42_case4_dolma_epoch8_wd0.2_lr1e-3.json,train_0.3B.npy,preprocessed/dolma2-0625/resharded,,,,,OLMo-dolma-0.3B
repeat,30M_seed42_case4_dolma_epoch8_wd0.4_lr1e-3,30m,30000000,0.5,300000000,8,,0.001,0.4,42,4.5233161175230805,92.140625,13279917,True,False,dolma_val_loss/chinchilla_0.5/30M/30M_seed42_case4_dolma_epoch8_wd0.4_lr1e-3.json,train_0.3B.npy,preprocessed/dolma2-0625/resharded,,,,,OLMo-dolma-0.3B
repeat,30M_seed42_case4_dolma_epoch8_wd0.8_lr1e-3,30m,30000000,0.5,300000000,8,,0.001,0.8,42,4.585822213576099,98.08378601074219,13279917,True,False,dolma_val_loss/chinchilla_0.5/30M/30M_seed42_case4_dolma_epoch8_wd0.8_lr1e-3.json,train_0.3B.npy,preprocessed/dolma2-0625/resharded,,,,,OLMo-dolma-0.3B
repeat,30M_seed42_case4_dolma_epoch8_wd1.6_lr1e-3,30m,30000000,0.5,300000000,8,,0.001,1.6,42,4.7968690385193105,121.13053894042969,13279917,True,False,dolma_val_loss/chinchilla_0.5/30M/30M_seed42_case4_dolma_epoch8_wd1.6_lr1e-3.json,train_0.3B.npy,preprocessed/dolma2-0625/resharded,,,,,OLMo-dolma-0.3B
repeat,30M_seed42_case4_dolma_epoch8_wd0.1_lr3e-3,30m,30000000,0.5,300000000,8,,0.003,0.1,42,4.211470823454577,67.4556655883789,13279917,True,True,dolma_val_loss/chinchilla_0.5/30M/30M_seed42_case4_dolma_epoch8_wd0.1_lr3e-3.json,train_0.3B.npy,preprocessed/dolma2-0625/resharded,,,,,OLMo-dolma-0.3B
repeat,30M_seed42_case4_dolma_epoch8_wd0.2_lr3e-3,30m,30000000,0.5,300000000,8,,0.003,0.2,42,4.265985036429915,71.23505401611328,13279917,True,False,dolma_val_loss/chinchilla_0.5/30M/30M_seed42_case4_dolma_epoch8_wd0.2_lr3e-3.json,train_0.3B.npy,preprocessed/dolma2-0625/resharded,,,,,OLMo-dolma-0.3B
repeat,30M_seed42_case4_dolma_epoch8_wd0.4_lr3e-3,30m,30000000,0.5,300000000,8,,0.003,0.4,42,4.262714154170495,71.00244903564453,13279917,True,False,dolma_val_loss/chinchilla_0.5/30M/30M_seed42_case4_dolma_epoch8_wd0.4_lr3e-3.json,train_0.3B.npy,preprocessed/dolma2-0625/resharded,,,,,OLMo-dolma-0.3B
repeat,30M_seed42_case4_dolma_epoch8_wd0.8_lr3e-3,30m,30000000,0.5,300000000,8,,0.003,0.8,42,4.370908088571591,79.1154556274414,13279917,True,False,dolma_val_loss/chinchilla_0.5/30M/30M_seed42_case4_dolma_epoch8_wd0.8_lr3e-3.json,train_0.3B.npy,preprocessed/dolma2-0625/resharded,,,,,OLMo-dolma-0.3B
repeat,30M_seed42_case4_dolma_epoch8_wd1.6_lr3e-3,30m,30000000,0.5,300000000,8,,0.003,1.6,42,4.520777673555749,91.90704345703125,13279917,True,False,dolma_val_loss/chinchilla_0.5/30M/30M_seed42_case4_dolma_epoch8_wd1.6_lr3e-3.json,train_0.3B.npy,preprocessed/dolma2-0625/resharded,,,,,OLMo-dolma-0.3B
repeat,30M_seed42_case4_dolma_epoch16_wd0.1_lr1e-4,30m,30000000,0.5,300000000,16,,0.0001,0.1,42,5.596293162676228,269.42578125,13279917,True,False,dolma_val_loss/chinchilla_0.5/30M/30M_seed42_case4_dolma_epoch16_wd0.1_lr1e-4.json,train_0.3B.npy,preprocessed/dolma2-0625/resharded,,,,,OLMo-dolma-0.3B
repeat,30M_seed42_case4_dolma_epoch16_wd0.2_lr1e-4,30m,30000000,0.5,300000000,16,,0.0001,0.2,42,5.6014669136415725,270.8234558105469,13279917,True,False,dolma_val_loss/chinchilla_0.5/30M/30M_seed42_case4_dolma_epoch16_wd0.2_lr1e-4.json,train_0.3B.npy,preprocessed/dolma2-0625/resharded,,,,,OLMo-dolma-0.3B
repeat,30M_seed42_case4_dolma_epoch16_wd0.4_lr1e-4,30m,30000000,0.5,300000000,16,,0.0001,0.4,42,5.614630079495696,274.4118957519531,13279917,True,False,dolma_val_loss/chinchilla_0.5/30M/30M_seed42_case4_dolma_epoch16_wd0.4_lr1e-4.json,train_0.3B.npy,preprocessed/dolma2-0625/resharded,,,,,OLMo-dolma-0.3B
repeat,30M_seed42_case4_dolma_epoch16_wd0.8_lr1e-4,30m,30000000,0.5,300000000,16,,0.0001,0.8,42,5.638321916419804,280.99078369140625,13279917,True,False,dolma_val_loss/chinchilla_0.5/30M/30M_seed42_case4_dolma_epoch16_wd0.8_lr1e-4.json,train_0.3B.npy,preprocessed/dolma2-0625/resharded,,,,,OLMo-dolma-0.3B
repeat,30M_seed42_case4_dolma_epoch16_wd1.6_lr1e-4,30m,30000000,0.5,300000000,16,,0.0001,1.6,42,5.699645417088027,298.761474609375,13279917,True,False,dolma_val_loss/chinchilla_0.5/30M/30M_seed42_case4_dolma_epoch16_wd1.6_lr1e-4.json,train_0.3B.npy,preprocessed/dolma2-0625/resharded,,,,,OLMo-dolma-0.3B
repeat,30M_seed42_case4_dolma_epoch16_wd0.1_lr3e-4,30m,30000000,0.5,300000000,16,,0.0003,0.1,42,4.683829230546254,108.18354797363281,13279917,True,False,dolma_val_loss/chinchilla_0.5/30M/30M_seed42_case4_dolma_epoch16_wd0.1_lr3e-4.json,train_0.3B.npy,preprocessed/dolma2-0625/resharded,,,,,OLMo-dolma-0.3B
repeat,30M_seed42_case4_dolma_epoch16_wd0.2_lr3e-4,30m,30000000,0.5,300000000,16,,0.0003,0.2,42,4.690025983746147,108.85598754882812,13279917,True,False,dolma_val_loss/chinchilla_0.5/30M/30M_seed42_case4_dolma_epoch16_wd0.2_lr3e-4.json,train_0.3B.npy,preprocessed/dolma2-0625/resharded,,,,,OLMo-dolma-0.3B
repeat,30M_seed42_case4_dolma_epoch16_wd0.4_lr3e-4,30m,30000000,0.5,300000000,16,,0.0003,0.4,42,4.7045801036179995,110.45191955566406,13279917,True,False,dolma_val_loss/chinchilla_0.5/30M/30M_seed42_case4_dolma_epoch16_wd0.4_lr3e-4.json,train_0.3B.npy,preprocessed/dolma2-0625/resharded,,,,,OLMo-dolma-0.3B
repeat,30M_seed42_case4_dolma_epoch16_wd0.8_lr3e-4,30m,30000000,0.5,300000000,16,,0.0003,0.8,42,4.7319999325773505,113.52236938476562,13279917,True,False,dolma_val_loss/chinchilla_0.5/30M/30M_seed42_case4_dolma_epoch16_wd0.8_lr3e-4.json,train_0.3B.npy,preprocessed/dolma2-0625/resharded,,,,,OLMo-dolma-0.3B
repeat,30M_seed42_case4_dolma_epoch16_wd1.6_lr3e-4,30m,30000000,0.5,300000000,16,,0.0003,1.6,42,4.859616969506356,128.97476196289062,13279917,True,False,dolma_val_loss/chinchilla_0.5/30M/30M_seed42_case4_dolma_epoch16_wd1.6_lr3e-4.json,train_0.3B.npy,preprocessed/dolma2-0625/resharded,,,,,OLMo-dolma-0.3B
repeat,30M_seed42_case4_dolma_epoch16_wd0.1_lr1e-3,30m,30000000,0.5,300000000,16,,0.001,0.1,42,4.155041637984964,63.75462341308594,13279917,True,False,dolma_val_loss/chinchilla_0.5/30M/30M_seed42_case4_dolma_epoch16_wd0.1_lr1e-3.json,train_0.3B.npy,preprocessed/dolma2-0625/resharded,,,,,OLMo-dolma-0.3B
repeat,30M_seed42_case4_dolma_epoch16_wd0.2_lr1e-3,30m,30000000,0.5,300000000,16,,0.001,0.2,42,4.154191626201193,63.700443267822266,13279917,True,False,dolma_val_loss/chinchilla_0.5/30M/30M_seed42_case4_dolma_epoch16_wd0.2_lr1e-3.json,train_0.3B.npy,preprocessed/dolma2-0625/resharded,,,,,OLMo-dolma-0.3B
repeat,30M_seed42_case4_dolma_epoch16_wd0.4_lr1e-3,30m,30000000,0.5,300000000,16,,0.001,0.4,42,4.197312806867858,66.50737762451172,13279917,True,False,dolma_val_loss/chinchilla_0.5/30M/30M_seed42_case4_dolma_epoch16_wd0.4_lr1e-3.json,train_0.3B.npy,preprocessed/dolma2-0625/resharded,,,,,OLMo-dolma-0.3B
repeat,30M_seed42_case4_dolma_epoch16_wd0.8_lr1e-3,30m,30000000,0.5,300000000,16,,0.001,0.8,42,4.219875535099001,68.0250015258789,13279917,True,False,dolma_val_loss/chinchilla_0.5/30M/30M_seed42_case4_dolma_epoch16_wd0.8_lr1e-3.json,train_0.3B.npy,preprocessed/dolma2-0625/resharded,,,,,OLMo-dolma-0.3B
repeat,30M_seed42_case4_dolma_epoch16_wd1.6_lr1e-3,30m,30000000,0.5,300000000,16,,0.001,1.6,42,4.438114998784442,84.61530303955078,13279917,True,False,dolma_val_loss/chinchilla_0.5/30M/30M_seed42_case4_dolma_epoch16_wd1.6_lr1e-3.json,train_0.3B.npy,preprocessed/dolma2-0625/resharded,,,,,OLMo-dolma-0.3B
repeat,30M_seed42_case4_dolma_epoch16_wd0.1_lr3e-3,30m,30000000,0.5,300000000,16,,0.003,0.1,42,3.99167008637754,54.14524459838867,13279917,True,False,dolma_val_loss/chinchilla_0.5/30M/30M_seed42_case4_dolma_epoch16_wd0.1_lr3e-3.json,train_0.3B.npy,preprocessed/dolma2-0625/resharded,,,,,OLMo-dolma-0.3B
repeat,30M_seed42_case4_dolma_epoch16_wd0.2_lr3e-3,30m,30000000,0.5,300000000,16,,0.003,0.2,42,3.972798506851431,53.133018493652344,13279917,True,True,dolma_val_loss/chinchilla_0.5/30M/30M_seed42_case4_dolma_epoch16_wd0.2_lr3e-3.json,train_0.3B.npy,preprocessed/dolma2-0625/resharded,,,,,OLMo-dolma-0.3B
repeat,30M_seed42_case4_dolma_epoch16_wd0.4_lr3e-3,30m,30000000,0.5,300000000,16,,0.003,0.4,42,3.9952089177361056,54.337196350097656,13279917,True,False,dolma_val_loss/chinchilla_0.5/30M/30M_seed42_case4_dolma_epoch16_wd0.4_lr3e-3.json,train_0.3B.npy,preprocessed/dolma2-0625/resharded,,,,,OLMo-dolma-0.3B
repeat,30M_seed42_case4_dolma_epoch16_wd0.8_lr3e-3,30m,30000000,0.5,300000000,16,,0.003,0.8,42,4.0954405174663835,60.0657844543457,13279917,True,False,dolma_val_loss/chinchilla_0.5/30M/30M_seed42_case4_dolma_epoch16_wd0.8_lr3e-3.json,train_0.3B.npy,preprocessed/dolma2-0625/resharded,,,,,OLMo-dolma-0.3B
repeat,30M_seed42_case4_dolma_epoch16_wd1.6_lr3e-3,30m,30000000,0.5,300000000,16,,0.003,1.6,42,4.273257314341766,71.7549819946289,13279917,True,False,dolma_val_loss/chinchilla_0.5/30M/30M_seed42_case4_dolma_epoch16_wd1.6_lr3e-3.json,train_0.3B.npy,preprocessed/dolma2-0625/resharded,,,,,OLMo-dolma-0.3B
repeat,30M_seed42_case4_dolma_epoch32_wd0.1_lr1e-4,30m,30000000,0.5,300000000,32,,0.0001,0.1,42,4.94303295194376,140.1947784423828,13279917,True,False,dolma_val_loss/chinchilla_0.5/30M/30M_seed42_case4_dolma_epoch32_wd0.1_lr1e-4.json,train_0.3B.npy,preprocessed/dolma2-0625/resharded,,,,,OLMo-dolma-0.3B
repeat,30M_seed42_case4_dolma_epoch32_wd0.2_lr1e-4,30m,30000000,0.5,300000000,32,,0.0001,0.2,42,4.9472447545964755,140.78651428222656,13279917,True,False,dolma_val_loss/chinchilla_0.5/30M/30M_seed42_case4_dolma_epoch32_wd0.2_lr1e-4.json,train_0.3B.npy,preprocessed/dolma2-0625/resharded,,,,,OLMo-dolma-0.3B
repeat,30M_seed42_case4_dolma_epoch32_wd0.4_lr1e-4,30m,30000000,0.5,300000000,32,,0.0001,0.4,42,4.961579134031274,142.8191680908203,13279917,True,False,dolma_val_loss/chinchilla_0.5/30M/30M_seed42_case4_dolma_epoch32_wd0.4_lr1e-4.json,train_0.3B.npy,preprocessed/dolma2-0625/resharded,,,,,OLMo-dolma-0.3B
repeat,30M_seed42_case4_dolma_epoch32_wd0.8_lr1e-4,30m,30000000,0.5,300000000,32,,0.0001,0.8,42,4.993011677499683,147.3795928955078,13279917,True,False,dolma_val_loss/chinchilla_0.5/30M/30M_seed42_case4_dolma_epoch32_wd0.8_lr1e-4.json,train_0.3B.npy,preprocessed/dolma2-0625/resharded,,,,,OLMo-dolma-0.3B
repeat,30M_seed42_case4_dolma_epoch32_wd1.6_lr1e-4,30m,30000000,0.5,300000000,32,,0.0001,1.6,42,5.086513411626085,161.82467651367188,13279917,True,False,dolma_val_loss/chinchilla_0.5/30M/30M_seed42_case4_dolma_epoch32_wd1.6_lr1e-4.json,train_0.3B.npy,preprocessed/dolma2-0625/resharded,,,,,OLMo-dolma-0.3B
repeat,30M_seed42_case4_dolma_epoch32_wd0.1_lr3e-4,30m,30000000,0.5,300000000,32,,0.0003,0.1,42,4.315931199305854,74.88333129882812,13279917,True,False,dolma_val_loss/chinchilla_0.5/30M/30M_seed42_case4_dolma_epoch32_wd0.1_lr3e-4.json,train_0.3B.npy,preprocessed/dolma2-0625/resharded,,,,,OLMo-dolma-0.3B
repeat,30M_seed42_case4_dolma_epoch32_wd0.2_lr3e-4,30m,30000000,0.5,300000000,32,,0.0003,0.2,42,4.320236097184615,75.20639038085938,13279917,True,False,dolma_val_loss/chinchilla_0.5/30M/30M_seed42_case4_dolma_epoch32_wd0.2_lr3e-4.json,train_0.3B.npy,preprocessed/dolma2-0625/resharded,,,,,OLMo-dolma-0.3B
repeat,30M_seed42_case4_dolma_epoch32_wd0.4_lr3e-4,30m,30000000,0.5,300000000,32,,0.0003,0.4,42,4.3428859148919665,76.92923736572266,13279917,True,False,dolma_val_loss/chinchilla_0.5/30M/30M_seed42_case4_dolma_epoch32_wd0.4_lr3e-4.json,train_0.3B.npy,preprocessed/dolma2-0625/resharded,,,,,OLMo-dolma-0.3B
repeat,30M_seed42_case4_dolma_epoch32_wd0.8_lr3e-4,30m,30000000,0.5,300000000,32,,0.0003,0.8,42,4.381114180647623,79.9270248413086,13279917,True,False,dolma_val_loss/chinchilla_0.5/30M/30M_seed42_case4_dolma_epoch32_wd0.8_lr3e-4.json,train_0.3B.npy,preprocessed/dolma2-0625/resharded,,,,,OLMo-dolma-0.3B
repeat,30M_seed42_case4_dolma_epoch32_wd1.6_lr3e-4,30m,30000000,0.5,300000000,32,,0.0003,1.6,42,4.550810542866509,94.70912170410156,13279917,True,False,dolma_val_loss/chinchilla_0.5/30M/30M_seed42_case4_dolma_epoch32_wd1.6_lr3e-4.json,train_0.3B.npy,preprocessed/dolma2-0625/resharded,,,,,OLMo-dolma-0.3B
repeat,30M_seed42_case4_dolma_epoch32_wd0.1_lr1e-3,30m,30000000,0.5,300000000,32,,0.001,0.1,42,4.053618423214613,57.60552215576172,13279917,True,False,dolma_val_loss/chinchilla_0.5/30M/30M_seed42_case4_dolma_epoch32_wd0.1_lr1e-3.json,train_0.3B.npy,preprocessed/dolma2-0625/resharded,,,,,OLMo-dolma-0.3B
repeat,30M_seed42_case4_dolma_epoch32_wd0.2_lr1e-3,30m,30000000,0.5,300000000,32,,0.001,0.2,42,4.051026830604085,57.456424713134766,13279917,True,False,dolma_val_loss/chinchilla_0.5/30M/30M_seed42_case4_dolma_epoch32_wd0.2_lr1e-3.json,train_0.3B.npy,preprocessed/dolma2-0625/resharded,,,,,OLMo-dolma-0.3B
repeat,30M_seed42_case4_dolma_epoch32_wd0.4_lr1e-3,30m,30000000,0.5,300000000,32,,0.001,0.4,42,4.036751416499229,56.64202880859375,13279917,True,False,dolma_val_loss/chinchilla_0.5/30M/30M_seed42_case4_dolma_epoch32_wd0.4_lr1e-3.json,train_0.3B.npy,preprocessed/dolma2-0625/resharded,,,,,OLMo-dolma-0.3B
repeat,30M_seed42_case4_dolma_epoch32_wd0.8_lr1e-3,30m,30000000,0.5,300000000,32,,0.001,0.8,42,4.042234452771335,56.95345687866211,13279917,True,False,dolma_val_loss/chinchilla_0.5/30M/30M_seed42_case4_dolma_epoch32_wd0.8_lr1e-3.json,train_0.3B.npy,preprocessed/dolma2-0625/resharded,,,,,OLMo-dolma-0.3B
repeat,30M_seed42_case4_dolma_epoch32_wd1.6_lr1e-3,30m,30000000,0.5,300000000,32,,0.001,1.6,42,4.245669786933368,69.80249786376953,13279917,True,False,dolma_val_loss/chinchilla_0.5/30M/30M_seed42_case4_dolma_epoch32_wd1.6_lr1e-3.json,train_0.3B.npy,preprocessed/dolma2-0625/resharded,,,,,OLMo-dolma-0.3B
repeat,30M_seed42_case4_dolma_epoch32_wd0.1_lr3e-3,30m,30000000,0.5,300000000,32,,0.003,0.1,42,3.9255626132766634,50.681583404541016,13279917,True,False,dolma_val_loss/chinchilla_0.5/30M/30M_seed42_case4_dolma_epoch32_wd0.1_lr3e-3.json,train_0.3B.npy,preprocessed/dolma2-0625/resharded,,,,,OLMo-dolma-0.3B
repeat,30M_seed42_case4_dolma_epoch32_wd0.2_lr3e-3,30m,30000000,0.5,300000000,32,,0.003,0.2,42,3.896129773711182,49.21162414550781,13279917,True,True,dolma_val_loss/chinchilla_0.5/30M/30M_seed42_case4_dolma_epoch32_wd0.2_lr3e-3.json,train_0.3B.npy,preprocessed/dolma2-0625/resharded,,,,,OLMo-dolma-0.3B
repeat,30M_seed42_case4_dolma_epoch32_wd0.4_lr3e-3,30m,30000000,0.5,300000000,32,,0.003,0.4,42,3.903392117574511,49.570308685302734,13279917,True,False,dolma_val_loss/chinchilla_0.5/30M/30M_seed42_case4_dolma_epoch32_wd0.4_lr3e-3.json,train_0.3B.npy,preprocessed/dolma2-0625/resharded,,,,,OLMo-dolma-0.3B
repeat,30M_seed42_case4_dolma_epoch32_wd0.8_lr3e-3,30m,30000000,0.5,300000000,32,,0.003,0.8,42,3.9901902674848233,54.0651741027832,13279917,True,False,dolma_val_loss/chinchilla_0.5/30M/30M_seed42_case4_dolma_epoch32_wd0.8_lr3e-3.json,train_0.3B.npy,preprocessed/dolma2-0625/resharded,,,,,OLMo-dolma-0.3B
repeat,30M_seed42_case4_dolma_epoch32_wd1.6_lr3e-3,30m,30000000,0.5,300000000,32,,0.003,1.6,42,4.211624380043071,67.46602630615234,13279917,True,False,dolma_val_loss/chinchilla_0.5/30M/30M_seed42_case4_dolma_epoch32_wd1.6_lr3e-3.json,train_0.3B.npy,preprocessed/dolma2-0625/resharded,,,,,OLMo-dolma-0.3B
repeat,30M_seed42_case4_dolma_epoch64_wd0.1_lr1e-4,30m,30000000,0.5,300000000,64,,0.0001,0.1,42,4.505787707659901,90.5396499633789,13279917,True,False,dolma_val_loss/chinchilla_0.5/30M/30M_seed42_case4_dolma_epoch64_wd0.1_lr1e-4.json,train_0.3B.npy,preprocessed/dolma2-0625/resharded,,,,,OLMo-dolma-0.3B
repeat,30M_seed42_case4_dolma_epoch64_wd0.2_lr1e-4,30m,30000000,0.5,300000000,64,,0.0001,0.2,42,4.508435543856609,90.77970123291016,13279917,True,False,dolma_val_loss/chinchilla_0.5/30M/30M_seed42_case4_dolma_epoch64_wd0.2_lr1e-4.json,train_0.3B.npy,preprocessed/dolma2-0625/resharded,,,,,OLMo-dolma-0.3B
repeat,30M_seed42_case4_dolma_epoch64_wd0.4_lr1e-4,30m,30000000,0.5,300000000,64,,0.0001,0.4,42,4.517179891721674,91.57698059082031,13279917,True,False,dolma_val_loss/chinchilla_0.5/30M/30M_seed42_case4_dolma_epoch64_wd0.4_lr1e-4.json,train_0.3B.npy,preprocessed/dolma2-0625/resharded,,,,,OLMo-dolma-0.3B
repeat,30M_seed42_case4_dolma_epoch64_wd0.8_lr1e-4,30m,30000000,0.5,300000000,64,,0.0001,0.8,42,4.550686752647931,94.69742584228516,13279917,True,False,dolma_val_loss/chinchilla_0.5/30M/30M_seed42_case4_dolma_epoch64_wd0.8_lr1e-4.json,train_0.3B.npy,preprocessed/dolma2-0625/resharded,,,,,OLMo-dolma-0.3B
repeat,30M_seed42_case4_dolma_epoch64_wd1.6_lr1e-4,30m,30000000,0.5,300000000,64,,0.0001,1.6,42,4.67416037172898,107.142578125,13279917,True,False,dolma_val_loss/chinchilla_0.5/30M/30M_seed42_case4_dolma_epoch64_wd1.6_lr1e-4.json,train_0.3B.npy,preprocessed/dolma2-0625/resharded,,,,,OLMo-dolma-0.3B
repeat,30M_seed42_case4_dolma_epoch64_wd0.1_lr3e-4,30m,30000000,0.5,300000000,64,,0.0003,0.1,42,4.1723215496718185,64.86585235595703,13279917,True,False,dolma_val_loss/chinchilla_0.5/30M/30M_seed42_case4_dolma_epoch64_wd0.1_lr3e-4.json,train_0.3B.npy,preprocessed/dolma2-0625/resharded,,,,,OLMo-dolma-0.3B
repeat,30M_seed42_case4_dolma_epoch64_wd0.2_lr3e-4,30m,30000000,0.5,300000000,64,,0.0003,0.2,42,4.167559856239948,64.5577163696289,13279917,True,False,dolma_val_loss/chinchilla_0.5/30M/30M_seed42_case4_dolma_epoch64_wd0.2_lr3e-4.json,train_0.3B.npy,preprocessed/dolma2-0625/resharded,,,,,OLMo-dolma-0.3B
repeat,30M_seed42_case4_dolma_epoch64_wd0.4_lr3e-4,30m,30000000,0.5,300000000,64,,0.0003,0.4,42,4.1616592309968405,64.17791748046875,13279917,True,False,dolma_val_loss/chinchilla_0.5/30M/30M_seed42_case4_dolma_epoch64_wd0.4_lr3e-4.json,train_0.3B.npy,preprocessed/dolma2-0625/resharded,,,,,OLMo-dolma-0.3B
repeat,30M_seed42_case4_dolma_epoch64_wd0.8_lr3e-4,30m,30000000,0.5,300000000,64,,0.0003,0.8,42,4.174008424860872,64.97537994384766,13279917,True,False,dolma_val_loss/chinchilla_0.5/30M/30M_seed42_case4_dolma_epoch64_wd0.8_lr3e-4.json,train_0.3B.npy,preprocessed/dolma2-0625/resharded,,,,,OLMo-dolma-0.3B
repeat,30M_seed42_case4_dolma_epoch64_wd1.6_lr3e-4,30m,30000000,0.5,300000000,64,,0.0003,1.6,42,4.330774306050115,76.00311279296875,13279917,True,False,dolma_val_loss/chinchilla_0.5/30M/30M_seed42_case4_dolma_epoch64_wd1.6_lr3e-4.json,train_0.3B.npy,preprocessed/dolma2-0625/resharded,,,,,OLMo-dolma-0.3B
repeat,30M_seed42_case4_dolma_epoch64_wd0.1_lr1e-3,30m,30000000,0.5,300000000,64,,0.001,0.1,42,4.08673803255298,59.545345306396484,13279917,True,False,dolma_val_loss/chinchilla_0.5/30M/30M_seed42_case4_dolma_epoch64_wd0.1_lr1e-3.json,train_0.3B.npy,preprocessed/dolma2-0625/resharded,,,,,OLMo-dolma-0.3B
repeat,30M_seed42_case4_dolma_epoch64_wd0.2_lr1e-3,30m,30000000,0.5,300000000,64,,0.001,0.2,42,4.0672524221336905,58.396305084228516,13279917,True,False,dolma_val_loss/chinchilla_0.5/30M/30M_seed42_case4_dolma_epoch64_wd0.2_lr1e-3.json,train_0.3B.npy,preprocessed/dolma2-0625/resharded,,,,,OLMo-dolma-0.3B
repeat,30M_seed42_case4_dolma_epoch64_wd0.4_lr1e-3,30m,30000000,0.5,300000000,64,,0.001,0.4,42,3.983753659696725,53.71829605102539,13279917,True,False,dolma_val_loss/chinchilla_0.5/30M/30M_seed42_case4_dolma_epoch64_wd0.4_lr1e-3.json,train_0.3B.npy,preprocessed/dolma2-0625/resharded,,,,,OLMo-dolma-0.3B
repeat,30M_seed42_case4_dolma_epoch64_wd0.8_lr1e-3,30m,30000000,0.5,300000000,64,,0.001,0.8,42,3.964130121463438,52.67443084716797,13279917,True,False,dolma_val_loss/chinchilla_0.5/30M/30M_seed42_case4_dolma_epoch64_wd0.8_lr1e-3.json,train_0.3B.npy,preprocessed/dolma2-0625/resharded,,,,,OLMo-dolma-0.3B
repeat,30M_seed42_case4_dolma_epoch64_wd1.6_lr1e-3,30m,30000000,0.5,300000000,64,,0.001,1.6,42,4.15944616395134,64.03604888916016,13279917,True,False,dolma_val_loss/chinchilla_0.5/30M/30M_seed42_case4_dolma_epoch64_wd1.6_lr1e-3.json,train_0.3B.npy,preprocessed/dolma2-0625/resharded,,,,,OLMo-dolma-0.3B
repeat,30M_seed42_case4_dolma_epoch64_wd0.1_lr3e-3,30m,30000000,0.5,300000000,64,,0.003,0.1,42,3.919236323435853,50.361976623535156,13279917,True,False,dolma_val_loss/chinchilla_0.5/30M/30M_seed42_case4_dolma_epoch64_wd0.1_lr3e-3.json,train_0.3B.npy,preprocessed/dolma2-0625/resharded,,,,,OLMo-dolma-0.3B
repeat,30M_seed42_case4_dolma_epoch64_wd0.2_lr3e-3,30m,30000000,0.5,300000000,64,,0.003,0.2,42,3.8962833046353356,49.219181060791016,13279917,True,False,dolma_val_loss/chinchilla_0.5/30M/30M_seed42_case4_dolma_epoch64_wd0.2_lr3e-3.json,train_0.3B.npy,preprocessed/dolma2-0625/resharded,,,,,OLMo-dolma-0.3B
repeat,30M_seed42_case4_dolma_epoch64_wd0.4_lr3e-3,30m,30000000,0.5,300000000,64,,0.003,0.4,42,3.8819877539138377,48.52056884765625,13279917,True,True,dolma_val_loss/chinchilla_0.5/30M/30M_seed42_case4_dolma_epoch64_wd0.4_lr3e-3.json,train_0.3B.npy,preprocessed/dolma2-0625/resharded,,,,,OLMo-dolma-0.3B
repeat,30M_seed42_case4_dolma_epoch64_wd0.8_lr3e-3,30m,30000000,0.5,300000000,64,,0.003,0.8,42,3.9623892143072363,52.58280944824219,13279917,True,False,dolma_val_loss/chinchilla_0.5/30M/30M_seed42_case4_dolma_epoch64_wd0.8_lr3e-3.json,train_0.3B.npy,preprocessed/dolma2-0625/resharded,,,,,OLMo-dolma-0.3B
repeat,30M_seed42_case4_dolma_epoch64_wd1.6_lr3e-3,30m,30000000,0.5,300000000,64,,0.003,1.6,42,4.197428359789095,66.51505279541016,13279917,True,False,dolma_val_loss/chinchilla_0.5/30M/30M_seed42_case4_dolma_epoch64_wd1.6_lr3e-3.json,train_0.3B.npy,preprocessed/dolma2-0625/resharded,,,,,OLMo-dolma-0.3B
repeat,30M_seed42_case4_dolma_epoch1_wd0.1_lr1e-4,30m,30000000,1.0,600000000,1,,0.0001,0.1,42,7.894340758969211,2682.0615234375,13279917,True,False,dolma_val_loss/chinchilla_1/30M/30M_seed42_case4_dolma_epoch1_wd0.1_lr1e-4.json,train_0.6B.npy,preprocessed/dolma2-0625/resharded,,,,,OLMo-dolma-0.6B
repeat,30M_seed42_case4_dolma_epoch1_wd0.2_lr1e-4,30m,30000000,1.0,600000000,1,,0.0001,0.2,42,7.898454875567464,2693.117431640625,13279917,True,False,dolma_val_loss/chinchilla_1/30M/30M_seed42_case4_dolma_epoch1_wd0.2_lr1e-4.json,train_0.6B.npy,preprocessed/dolma2-0625/resharded,,,,,OLMo-dolma-0.6B
repeat,30M_seed42_case4_dolma_epoch1_wd0.4_lr1e-4,30m,30000000,1.0,600000000,1,,0.0001,0.4,42,7.9066346333103965,2715.23779296875,13279917,True,False,dolma_val_loss/chinchilla_1/30M/30M_seed42_case4_dolma_epoch1_wd0.4_lr1e-4.json,train_0.6B.npy,preprocessed/dolma2-0625/resharded,,,,,OLMo-dolma-0.6B
repeat,30M_seed42_case4_dolma_epoch1_wd0.8_lr1e-4,30m,30000000,1.0,600000000,1,,0.0001,0.8,42,7.9238637266614695,2762.424072265625,13279917,True,False,dolma_val_loss/chinchilla_1/30M/30M_seed42_case4_dolma_epoch1_wd0.8_lr1e-4.json,train_0.6B.npy,preprocessed/dolma2-0625/resharded,,,,,OLMo-dolma-0.6B
repeat,30M_seed42_case4_dolma_epoch1_wd1.6_lr1e-4,30m,30000000,1.0,600000000,1,,0.0001,1.6,42,7.957897336044156,2858.056640625,13279917,True,False,dolma_val_loss/chinchilla_1/30M/30M_seed42_case4_dolma_epoch1_wd1.6_lr1e-4.json,train_0.6B.npy,preprocessed/dolma2-0625/resharded,,,,,OLMo-dolma-0.6B
repeat,30M_seed42_case4_dolma_epoch1_wd0.1_lr3e-4,30m,30000000,1.0,600000000,1,,0.0003,0.1,42,6.591736913393595,729.0459594726562,13279917,True,False,dolma_val_loss/chinchilla_1/30M/30M_seed42_case4_dolma_epoch1_wd0.1_lr3e-4.json,train_0.6B.npy,preprocessed/dolma2-0625/resharded,,,,,OLMo-dolma-0.6B
repeat,30M_seed42_case4_dolma_epoch1_wd0.2_lr3e-4,30m,30000000,1.0,600000000,1,,0.0003,0.2,42,6.598034068214621,733.6513671875,13279917,True,False,dolma_val_loss/chinchilla_1/30M/30M_seed42_case4_dolma_epoch1_wd0.2_lr3e-4.json,train_0.6B.npy,preprocessed/dolma2-0625/resharded,,,,,OLMo-dolma-0.6B
repeat,30M_seed42_case4_dolma_epoch1_wd0.4_lr3e-4,30m,30000000,1.0,600000000,1,,0.0003,0.4,42,6.606173769069514,739.647705078125,13279917,True,False,dolma_val_loss/chinchilla_1/30M/30M_seed42_case4_dolma_epoch1_wd0.4_lr3e-4.json,train_0.6B.npy,preprocessed/dolma2-0625/resharded,,,,,OLMo-dolma-0.6B
repeat,30M_seed42_case4_dolma_epoch1_wd0.8_lr3e-4,30m,30000000,1.0,600000000,1,,0.0003,0.8,42,6.627329648084633,755.4622802734375,13279917,True,False,dolma_val_loss/chinchilla_1/30M/30M_seed42_case4_dolma_epoch1_wd0.8_lr3e-4.json,train_0.6B.npy,preprocessed/dolma2-0625/resharded,,,,,OLMo-dolma-0.6B
repeat,30M_seed42_case4_dolma_epoch1_wd1.6_lr3e-4,30m,30000000,1.0,600000000,1,,0.0003,1.6,42,6.671323556638546,789.43994140625,13279917,True,False,dolma_val_loss/chinchilla_1/30M/30M_seed42_case4_dolma_epoch1_wd1.6_lr3e-4.json,train_0.6B.npy,preprocessed/dolma2-0625/resharded,,,,,OLMo-dolma-0.6B
repeat,30M_seed42_case4_dolma_epoch1_wd0.1_lr1e-3,30m,30000000,1.0,600000000,1,,0.001,0.1,42,5.8491930189468615,346.9543151855469,13279917,True,False,dolma_val_loss/chinchilla_1/30M/30M_seed42_case4_dolma_epoch1_wd0.1_lr1e-3.json,train_0.6B.npy,preprocessed/dolma2-0625/resharded,,,,,OLMo-dolma-0.6B
repeat,30M_seed42_case4_dolma_epoch1_wd0.2_lr1e-3,30m,30000000,1.0,600000000,1,,0.001,0.2,42,5.854801861154563,348.90570068359375,13279917,True,False,dolma_val_loss/chinchilla_1/30M/30M_seed42_case4_dolma_epoch1_wd0.2_lr1e-3.json,train_0.6B.npy,preprocessed/dolma2-0625/resharded,,,,,OLMo-dolma-0.6B
repeat,30M_seed42_case4_dolma_epoch1_wd0.4_lr1e-3,30m,30000000,1.0,600000000,1,,0.001,0.4,42,5.8870654973020065,360.34625244140625,13279917,True,False,dolma_val_loss/chinchilla_1/30M/30M_seed42_case4_dolma_epoch1_wd0.4_lr1e-3.json,train_0.6B.npy,preprocessed/dolma2-0625/resharded,,,,,OLMo-dolma-0.6B
repeat,30M_seed42_case4_dolma_epoch1_wd0.8_lr1e-3,30m,30000000,1.0,600000000,1,,0.001,0.8,42,5.921330952233761,372.9076843261719,13279917,True,False,dolma_val_loss/chinchilla_1/30M/30M_seed42_case4_dolma_epoch1_wd0.8_lr1e-3.json,train_0.6B.npy,preprocessed/dolma2-0625/resharded,,,,,OLMo-dolma-0.6B
repeat,30M_seed42_case4_dolma_epoch1_wd1.6_lr1e-3,30m,30000000,1.0,600000000,1,,0.001,1.6,42,5.982877887459805,396.5799865722656,13279917,True,False,dolma_val_loss/chinchilla_1/30M/30M_seed42_case4_dolma_epoch1_wd1.6_lr1e-3.json,train_0.6B.npy,preprocessed/dolma2-0625/resharded,,,,,OLMo-dolma-0.6B
repeat,30M_seed42_case4_dolma_epoch1_wd0.1_lr3e-3,30m,30000000,1.0,600000000,1,,0.003,0.1,42,5.719649398872961,304.7980041503906,13279917,True,False,dolma_val_loss/chinchilla_1/30M/30M_seed42_case4_dolma_epoch1_wd0.1_lr3e-3.json,train_0.6B.npy,preprocessed/dolma2-0625/resharded,,,,,OLMo-dolma-0.6B
repeat,30M_seed42_case4_dolma_epoch1_wd0.2_lr3e-3,30m,30000000,1.0,600000000,1,,0.003,0.2,42,5.6979507733986825,298.255615234375,13279917,True,False,dolma_val_loss/chinchilla_1/30M/30M_seed42_case4_dolma_epoch1_wd0.2_lr3e-3.json,train_0.6B.npy,preprocessed/dolma2-0625/resharded,,,,,OLMo-dolma-0.6B
repeat,30M_seed42_case4_dolma_epoch1_wd0.4_lr3e-3,30m,30000000,1.0,600000000,1,,0.003,0.4,42,5.68305936489475,293.84698486328125,13279917,True,True,dolma_val_loss/chinchilla_1/30M/30M_seed42_case4_dolma_epoch1_wd0.4_lr3e-3.json,train_0.6B.npy,preprocessed/dolma2-0625/resharded,,,,,OLMo-dolma-0.6B
repeat,30M_seed42_case4_dolma_epoch1_wd0.8_lr3e-3,30m,30000000,1.0,600000000,1,,0.003,0.8,42,5.745272815840547,312.7088623046875,13279917,True,False,dolma_val_loss/chinchilla_1/30M/30M_seed42_case4_dolma_epoch1_wd0.8_lr3e-3.json,train_0.6B.npy,preprocessed/dolma2-0625/resharded,,,,,OLMo-dolma-0.6B
repeat,30M_seed42_case4_dolma_epoch1_wd1.6_lr3e-3,30m,30000000,1.0,600000000,1,,0.003,1.6,42,5.888529609618301,360.87432861328125,13279917,True,False,dolma_val_loss/chinchilla_1/30M/30M_seed42_case4_dolma_epoch1_wd1.6_lr3e-3.json,train_0.6B.npy,preprocessed/dolma2-0625/resharded,,,,,OLMo-dolma-0.6B
repeat,30M_seed42_case4_dolma_epoch4_wd0.2_lr1e-4,30m,30000000,1.0,600000000,4,,0.0001,0.2,42,6.139942560402604,464.0269470214844,13279917,True,False,dolma_val_loss/chinchilla_1/30M/30M_seed42_case4_dolma_epoch4_wd0.2_lr1e-4.json,train_0.6B.npy,preprocessed/dolma2-0625/resharded,,,,,OLMo-dolma-0.6B
repeat,30M_seed42_case4_dolma_epoch4_wd0.4_lr1e-4,30m,30000000,1.0,600000000,4,,0.0001,0.4,42,6.149681231226704,468.56793212890625,13279917,True,False,dolma_val_loss/chinchilla_1/30M/30M_seed42_case4_dolma_epoch4_wd0.4_lr1e-4.json,train_0.6B.npy,preprocessed/dolma2-0625/resharded,,,,,OLMo-dolma-0.6B
repeat,30M_seed42_case4_dolma_epoch4_wd1.6_lr1e-4,30m,30000000,1.0,600000000,4,,0.0001,1.6,42,6.208798522155321,497.10357666015625,13279917,True,False,dolma_val_loss/chinchilla_1/30M/30M_seed42_case4_dolma_epoch4_wd1.6_lr1e-4.json,train_0.6B.npy,preprocessed/dolma2-0625/resharded,,,,,OLMo-dolma-0.6B
repeat,30M_seed42_case4_dolma_epoch4_wd0.1_lr3e-4,30m,30000000,1.0,600000000,4,,0.0003,0.1,42,5.328004259058058,206.0264129638672,13279917,True,False,dolma_val_loss/chinchilla_1/30M/30M_seed42_case4_dolma_epoch4_wd0.1_lr3e-4.json,train_0.6B.npy,preprocessed/dolma2-0625/resharded,,,,,OLMo-dolma-0.6B
repeat,30M_seed42_case4_dolma_epoch4_wd0.2_lr3e-4,30m,30000000,1.0,600000000,4,,0.0003,0.2,42,5.32686840785013,205.7925262451172,13279917,True,False,dolma_val_loss/chinchilla_1/30M/30M_seed42_case4_dolma_epoch4_wd0.2_lr3e-4.json,train_0.6B.npy,preprocessed/dolma2-0625/resharded,,,,,OLMo-dolma-0.6B
repeat,30M_seed42_case4_dolma_epoch4_wd0.4_lr3e-4,30m,30000000,1.0,600000000,4,,0.0003,0.4,42,5.351064622603039,210.8326416015625,13279917,True,False,dolma_val_loss/chinchilla_1/30M/30M_seed42_case4_dolma_epoch4_wd0.4_lr3e-4.json,train_0.6B.npy,preprocessed/dolma2-0625/resharded,,,,,OLMo-dolma-0.6B
repeat,30M_seed42_case4_dolma_epoch4_wd0.1_lr1e-3,30m,30000000,1.0,600000000,4,,0.001,0.1,42,4.4659903346381515,87.00717163085938,13279917,True,False,dolma_val_loss/chinchilla_1/30M/30M_seed42_case4_dolma_epoch4_wd0.1_lr1e-3.json,train_0.6B.npy,preprocessed/dolma2-0625/resharded,,,,,OLMo-dolma-0.6B
repeat,30M_seed42_case4_dolma_epoch4_wd0.2_lr1e-3,30m,30000000,1.0,600000000,4,,0.001,0.2,42,4.463053777992833,86.75202178955078,13279917,True,False,dolma_val_loss/chinchilla_1/30M/30M_seed42_case4_dolma_epoch4_wd0.2_lr1e-3.json,train_0.6B.npy,preprocessed/dolma2-0625/resharded,,,,,OLMo-dolma-0.6B
repeat,30M_seed42_case4_dolma_epoch4_wd0.8_lr1e-3,30m,30000000,1.0,600000000,4,,0.001,0.8,42,4.5428414646512145,93.9573974609375,13279917,True,False,dolma_val_loss/chinchilla_1/30M/30M_seed42_case4_dolma_epoch4_wd0.8_lr1e-3.json,train_0.6B.npy,preprocessed/dolma2-0625/resharded,,,,,OLMo-dolma-0.6B
repeat,30M_seed42_case4_dolma_epoch4_wd1.6_lr1e-3,30m,30000000,1.0,600000000,4,,0.001,1.6,42,4.747219740732966,115.26335906982422,13279917,True,False,dolma_val_loss/chinchilla_1/30M/30M_seed42_case4_dolma_epoch4_wd1.6_lr1e-3.json,train_0.6B.npy,preprocessed/dolma2-0625/resharded,,,,,OLMo-dolma-0.6B
repeat,30M_seed42_case4_dolma_epoch4_wd0.1_lr3e-3,30m,30000000,1.0,600000000,4,,0.003,0.1,42,4.228819377030816,68.63615417480469,13279917,True,False,dolma_val_loss/chinchilla_1/30M/30M_seed42_case4_dolma_epoch4_wd0.1_lr3e-3.json,train_0.6B.npy,preprocessed/dolma2-0625/resharded,,,,,OLMo-dolma-0.6B
repeat,30M_seed42_case4_dolma_epoch4_wd0.2_lr3e-3,30m,30000000,1.0,600000000,4,,0.003,0.2,42,4.205166872216121,67.03177642822266,13279917,True,True,dolma_val_loss/chinchilla_1/30M/30M_seed42_case4_dolma_epoch4_wd0.2_lr3e-3.json,train_0.6B.npy,preprocessed/dolma2-0625/resharded,,,,,OLMo-dolma-0.6B
repeat,30M_seed42_case4_dolma_epoch4_wd0.4_lr3e-3,30m,30000000,1.0,600000000,4,,0.003,0.4,42,4.292536611333396,73.15180206298828,13279917,True,False,dolma_val_loss/chinchilla_1/30M/30M_seed42_case4_dolma_epoch4_wd0.4_lr3e-3.json,train_0.6B.npy,preprocessed/dolma2-0625/resharded,,,,,OLMo-dolma-0.6B
repeat,30M_seed42_case4_dolma_epoch4_wd1.6_lr3e-3,30m,30000000,1.0,600000000,4,,0.003,1.6,42,4.5254775979939295,92.33999633789062,13279917,True,False,dolma_val_loss/chinchilla_1/30M/30M_seed42_case4_dolma_epoch4_wd1.6_lr3e-3.json,train_0.6B.npy,preprocessed/dolma2-0625/resharded,,,,,OLMo-dolma-0.6B
repeat,30M_seed42_case4_dolma_epoch8_wd0.1_lr1e-4,30m,30000000,1.0,600000000,8,,0.0001,0.1,42,5.584903687415742,266.3746337890625,13279917,True,False,dolma_val_loss/chinchilla_1/30M/30M_seed42_case4_dolma_epoch8_wd0.1_lr1e-4.json,train_0.6B.npy,preprocessed/dolma2-0625/resharded,,,,,OLMo-dolma-0.6B
repeat,30M_seed42_case4_dolma_epoch8_wd0.2_lr1e-4,30m,30000000,1.0,600000000,8,,0.0001,0.2,42,5.593463979528261,268.6646423339844,13279917,True,False,dolma_val_loss/chinchilla_1/30M/30M_seed42_case4_dolma_epoch8_wd0.2_lr1e-4.json,train_0.6B.npy,preprocessed/dolma2-0625/resharded,,,,,OLMo-dolma-0.6B
repeat,30M_seed42_case4_dolma_epoch8_wd0.4_lr1e-4,30m,30000000,1.0,600000000,8,,0.0001,0.4,42,5.604089547308776,271.5346374511719,13279917,True,False,dolma_val_loss/chinchilla_1/30M/30M_seed42_case4_dolma_epoch8_wd0.4_lr1e-4.json,train_0.6B.npy,preprocessed/dolma2-0625/resharded,,,,,OLMo-dolma-0.6B
repeat,30M_seed42_case4_dolma_epoch8_wd0.8_lr1e-4,30m,30000000,1.0,600000000,8,,0.0001,0.8,42,5.630946309092966,278.9259033203125,13279917,True,False,dolma_val_loss/chinchilla_1/30M/30M_seed42_case4_dolma_epoch8_wd0.8_lr1e-4.json,train_0.6B.npy,preprocessed/dolma2-0625/resharded,,,,,OLMo-dolma-0.6B
repeat,30M_seed42_case4_dolma_epoch8_wd1.6_lr1e-4,30m,30000000,1.0,600000000,8,,0.0001,1.6,42,5.688993185896089,295.5957946777344,13279917,True,False,dolma_val_loss/chinchilla_1/30M/30M_seed42_case4_dolma_epoch8_wd1.6_lr1e-4.json,train_0.6B.npy,preprocessed/dolma2-0625/resharded,,,,,OLMo-dolma-0.6B
repeat,30M_seed42_case4_dolma_epoch8_wd0.1_lr3e-4,30m,30000000,1.0,600000000,8,,0.0003,0.1,42,4.655728312566238,105.18580627441406,13279917,True,False,dolma_val_loss/chinchilla_1/30M/30M_seed42_case4_dolma_epoch8_wd0.1_lr3e-4.json,train_0.6B.npy,preprocessed/dolma2-0625/resharded,,,,,OLMo-dolma-0.6B
repeat,30M_seed42_case4_dolma_epoch8_wd0.2_lr3e-4,30m,30000000,1.0,600000000,8,,0.0003,0.2,42,4.679919165604536,107.76136779785156,13279917,True,False,dolma_val_loss/chinchilla_1/30M/30M_seed42_case4_dolma_epoch8_wd0.2_lr3e-4.json,train_0.6B.npy,preprocessed/dolma2-0625/resharded,,,,,OLMo-dolma-0.6B
repeat,30M_seed42_case4_dolma_epoch8_wd0.8_lr3e-4,30m,30000000,1.0,600000000,8,,0.0003,0.8,42,4.715054594470663,111.61489868164062,13279917,True,False,dolma_val_loss/chinchilla_1/30M/30M_seed42_case4_dolma_epoch8_wd0.8_lr3e-4.json,train_0.6B.npy,preprocessed/dolma2-0625/resharded,,,,,OLMo-dolma-0.6B
repeat,30M_seed42_case4_dolma_epoch8_wd1.6_lr3e-4,30m,30000000,1.0,600000000,8,,0.0003,1.6,42,4.852000196650914,127.99615478515625,13279917,True,False,dolma_val_loss/chinchilla_1/30M/30M_seed42_case4_dolma_epoch8_wd1.6_lr3e-4.json,train_0.6B.npy,preprocessed/dolma2-0625/resharded,,,,,OLMo-dolma-0.6B
repeat,30M_seed42_case4_dolma_epoch8_wd0.1_lr1e-3,30m,30000000,1.0,600000000,8,,0.001,0.1,42,4.114512285173027,61.22235870361328,13279917,True,False,dolma_val_loss/chinchilla_1/30M/30M_seed42_case4_dolma_epoch8_wd0.1_lr1e-3.json,train_0.6B.npy,preprocessed/dolma2-0625/resharded,,,,,OLMo-dolma-0.6B
repeat,30M_seed42_case4_dolma_epoch8_wd0.2_lr1e-3,30m,30000000,1.0,600000000,8,,0.001,0.2,42,4.12480006941885,61.85544967651367,13279917,True,False,dolma_val_loss/chinchilla_1/30M/30M_seed42_case4_dolma_epoch8_wd0.2_lr1e-3.json,train_0.6B.npy,preprocessed/dolma2-0625/resharded,,,,,OLMo-dolma-0.6B
repeat,30M_seed42_case4_dolma_epoch8_wd0.4_lr1e-3,30m,30000000,1.0,600000000,8,,0.001,0.4,42,4.1421074926904895,62.93531799316406,13279917,True,False,dolma_val_loss/chinchilla_1/30M/30M_seed42_case4_dolma_epoch8_wd0.4_lr1e-3.json,train_0.6B.npy,preprocessed/dolma2-0625/resharded,,,,,OLMo-dolma-0.6B
repeat,30M_seed42_case4_dolma_epoch8_wd0.8_lr1e-3,30m,30000000,1.0,600000000,8,,0.001,0.8,42,4.2153624771366465,67.71871185302734,13279917,True,False,dolma_val_loss/chinchilla_1/30M/30M_seed42_case4_dolma_epoch8_wd0.8_lr1e-3.json,train_0.6B.npy,preprocessed/dolma2-0625/resharded,,,,,OLMo-dolma-0.6B
repeat,30M_seed42_case4_dolma_epoch8_wd1.6_lr1e-3,30m,30000000,1.0,600000000,8,,0.001,1.6,42,4.423767598189808,83.40995025634766,13279917,True,False,dolma_val_loss/chinchilla_1/30M/30M_seed42_case4_dolma_epoch8_wd1.6_lr1e-3.json,train_0.6B.npy,preprocessed/dolma2-0625/resharded,,,,,OLMo-dolma-0.6B
repeat,30M_seed42_case4_dolma_epoch8_wd0.1_lr3e-3,30m,30000000,1.0,600000000,8,,0.003,0.1,42,3.956650356587025,52.28190231323242,13279917,True,False,dolma_val_loss/chinchilla_1/30M/30M_seed42_case4_dolma_epoch8_wd0.1_lr3e-3.json,train_0.6B.npy,preprocessed/dolma2-0625/resharded,,,,,OLMo-dolma-0.6B
repeat,30M_seed42_case4_dolma_epoch8_wd0.2_lr3e-3,30m,30000000,1.0,600000000,8,,0.003,0.2,42,3.954115135112243,52.14952850341797,13279917,True,True,dolma_val_loss/chinchilla_1/30M/30M_seed42_case4_dolma_epoch8_wd0.2_lr3e-3.json,train_0.6B.npy,preprocessed/dolma2-0625/resharded,,,,,OLMo-dolma-0.6B
repeat,30M_seed42_case4_dolma_epoch8_wd0.4_lr3e-3,30m,30000000,1.0,600000000,8,,0.003,0.4,42,3.9618411277532832,52.553993225097656,13279917,True,False,dolma_val_loss/chinchilla_1/30M/30M_seed42_case4_dolma_epoch8_wd0.4_lr3e-3.json,train_0.6B.npy,preprocessed/dolma2-0625/resharded,,,,,OLMo-dolma-0.6B
repeat,30M_seed42_case4_dolma_epoch8_wd0.8_lr3e-3,30m,30000000,1.0,600000000,8,,0.003,0.8,42,4.026090842484652,56.04139709472656,13279917,True,False,dolma_val_loss/chinchilla_1/30M/30M_seed42_case4_dolma_epoch8_wd0.8_lr3e-3.json,train_0.6B.npy,preprocessed/dolma2-0625/resharded,,,,,OLMo-dolma-0.6B
repeat,30M_seed42_case4_dolma_epoch8_wd1.6_lr3e-3,30m,30000000,1.0,600000000,8,,0.003,1.6,42,4.268878819223324,71.44149780273438,13279917,True,False,dolma_val_loss/chinchilla_1/30M/30M_seed42_case4_dolma_epoch8_wd1.6_lr3e-3.json,train_0.6B.npy,preprocessed/dolma2-0625/resharded,,,,,OLMo-dolma-0.6B
repeat,30M_seed42_case4_dolma_epoch16_wd0.1_lr1e-4,30m,30000000,1.0,600000000,16,,0.0001,0.1,42,4.939419355581251,139.68910217285156,13279917,True,False,dolma_val_loss/chinchilla_1/30M/30M_seed42_case4_dolma_epoch16_wd0.1_lr1e-4.json,train_0.6B.npy,preprocessed/dolma2-0625/resharded,,,,,OLMo-dolma-0.6B
repeat,30M_seed42_case4_dolma_epoch16_wd0.2_lr1e-4,30m,30000000,1.0,600000000,16,,0.0001,0.2,42,4.945303156562226,140.51341247558594,13279917,True,False,dolma_val_loss/chinchilla_1/30M/30M_seed42_case4_dolma_epoch16_wd0.2_lr1e-4.json,train_0.6B.npy,preprocessed/dolma2-0625/resharded,,,,,OLMo-dolma-0.6B
repeat,30M_seed42_case4_dolma_epoch16_wd0.4_lr1e-4,30m,30000000,1.0,600000000,16,,0.0001,0.4,42,4.962386941211445,142.93458557128906,13279917,True,False,dolma_val_loss/chinchilla_1/30M/30M_seed42_case4_dolma_epoch16_wd0.4_lr1e-4.json,train_0.6B.npy,preprocessed/dolma2-0625/resharded,,,,,OLMo-dolma-0.6B
repeat,30M_seed42_case4_dolma_epoch16_wd0.8_lr1e-4,30m,30000000,1.0,600000000,16,,0.0001,0.8,42,5.0027612668461146,148.82354736328125,13279917,True,False,dolma_val_loss/chinchilla_1/30M/30M_seed42_case4_dolma_epoch16_wd0.8_lr1e-4.json,train_0.6B.npy,preprocessed/dolma2-0625/resharded,,,,,OLMo-dolma-0.6B
repeat,30M_seed42_case4_dolma_epoch16_wd1.6_lr1e-4,30m,30000000,1.0,600000000,16,,0.0001,1.6,42,5.099926904001805,164.00991821289062,13279917,True,False,dolma_val_loss/chinchilla_1/30M/30M_seed42_case4_dolma_epoch16_wd1.6_lr1e-4.json,train_0.6B.npy,preprocessed/dolma2-0625/resharded,,,,,OLMo-dolma-0.6B
repeat,30M_seed42_case4_dolma_epoch16_wd0.1_lr3e-4,30m,30000000,1.0,600000000,16,,0.0003,0.1,42,4.28674971971128,72.72969818115234,13279917,True,False,dolma_val_loss/chinchilla_1/30M/30M_seed42_case4_dolma_epoch16_wd0.1_lr3e-4.json,train_0.6B.npy,preprocessed/dolma2-0625/resharded,,,,,OLMo-dolma-0.6B
repeat,30M_seed42_case4_dolma_epoch16_wd0.2_lr3e-4,30m,30000000,1.0,600000000,16,,0.0003,0.2,42,4.291867088400053,73.10284423828125,13279917,True,False,dolma_val_loss/chinchilla_1/30M/30M_seed42_case4_dolma_epoch16_wd0.2_lr3e-4.json,train_0.6B.npy,preprocessed/dolma2-0625/resharded,,,,,OLMo-dolma-0.6B
repeat,30M_seed42_case4_dolma_epoch16_wd0.4_lr3e-4,30m,30000000,1.0,600000000,16,,0.0003,0.4,42,4.302894955675834,73.91346740722656,13279917,True,False,dolma_val_loss/chinchilla_1/30M/30M_seed42_case4_dolma_epoch16_wd0.4_lr3e-4.json,train_0.6B.npy,preprocessed/dolma2-0625/resharded,,,,,OLMo-dolma-0.6B
repeat,30M_seed42_case4_dolma_epoch16_wd0.8_lr3e-4,30m,30000000,1.0,600000000,16,,0.0003,0.8,42,4.3584722588062865,78.1376724243164,13279917,True,False,dolma_val_loss/chinchilla_1/30M/30M_seed42_case4_dolma_epoch16_wd0.8_lr3e-4.json,train_0.6B.npy,preprocessed/dolma2-0625/resharded,,,,,OLMo-dolma-0.6B
repeat,30M_seed42_case4_dolma_epoch16_wd0.1_lr1e-3,30m,30000000,1.0,600000000,16,,0.001,0.1,42,3.9384033370991114,51.336570739746094,13279917,True,False,dolma_val_loss/chinchilla_1/30M/30M_seed42_case4_dolma_epoch16_wd0.1_lr1e-3.json,train_0.6B.npy,preprocessed/dolma2-0625/resharded,,,,,OLMo-dolma-0.6B
repeat,30M_seed42_case4_dolma_epoch16_wd0.2_lr1e-3,30m,30000000,1.0,600000000,16,,0.001,0.2,42,3.9415428257665317,51.49799346923828,13279917,True,False,dolma_val_loss/chinchilla_1/30M/30M_seed42_case4_dolma_epoch16_wd0.2_lr1e-3.json,train_0.6B.npy,preprocessed/dolma2-0625/resharded,,,,,OLMo-dolma-0.6B
repeat,30M_seed42_case4_dolma_epoch16_wd0.4_lr1e-3,30m,30000000,1.0,600000000,16,,0.001,0.4,42,3.9570140789015875,52.300926208496094,13279917,True,False,dolma_val_loss/chinchilla_1/30M/30M_seed42_case4_dolma_epoch16_wd0.4_lr1e-3.json,train_0.6B.npy,preprocessed/dolma2-0625/resharded,,,,,OLMo-dolma-0.6B
repeat,30M_seed42_case4_dolma_epoch16_wd0.8_lr1e-3,30m,30000000,1.0,600000000,16,,0.001,0.8,42,3.9812617893744413,53.58460235595703,13279917,True,False,dolma_val_loss/chinchilla_1/30M/30M_seed42_case4_dolma_epoch16_wd0.8_lr1e-3.json,train_0.6B.npy,preprocessed/dolma2-0625/resharded,,,,,OLMo-dolma-0.6B
repeat,30M_seed42_case4_dolma_epoch16_wd0.1_lr3e-3,30m,30000000,1.0,600000000,16,,0.003,0.1,42,3.801673051492787,44.77602767944336,13279917,True,True,dolma_val_loss/chinchilla_1/30M/30M_seed42_case4_dolma_epoch16_wd0.1_lr3e-3.json,train_0.6B.npy,preprocessed/dolma2-0625/resharded,,,,,OLMo-dolma-0.6B
repeat,30M_seed42_case4_dolma_epoch16_wd0.4_lr3e-3,30m,30000000,1.0,600000000,16,,0.003,0.4,42,3.830504874890455,46.08580017089844,13279917,True,False,dolma_val_loss/chinchilla_1/30M/30M_seed42_case4_dolma_epoch16_wd0.4_lr3e-3.json,train_0.6B.npy,preprocessed/dolma2-0625/resharded,,,,,OLMo-dolma-0.6B
repeat,30M_seed42_case4_dolma_epoch16_wd0.8_lr3e-3,30m,30000000,1.0,600000000,16,,0.003,0.8,42,3.9049328419183644,49.6467399597168,13279917,True,False,dolma_val_loss/chinchilla_1/30M/30M_seed42_case4_dolma_epoch16_wd0.8_lr3e-3.json,train_0.6B.npy,preprocessed/dolma2-0625/resharded,,,,,OLMo-dolma-0.6B
repeat,30M_seed42_case4_dolma_epoch16_wd1.6_lr3e-3,30m,30000000,1.0,600000000,16,,0.003,1.6,42,4.152864343941659,63.615962982177734,13279917,True,False,dolma_val_loss/chinchilla_1/30M/30M_seed42_case4_dolma_epoch16_wd1.6_lr3e-3.json,train_0.6B.npy,preprocessed/dolma2-0625/resharded,,,,,OLMo-dolma-0.6B
repeat,30M_seed42_case4_dolma_epoch32_wd0.1_lr1e-4,30m,30000000,1.0,600000000,32,,0.0001,0.1,42,4.489291305493946,89.05829620361328,13279917,True,False,dolma_val_loss/chinchilla_1/30M/30M_seed42_case4_dolma_epoch32_wd0.1_lr1e-4.json,train_0.6B.npy,preprocessed/dolma2-0625/resharded,,,,,OLMo-dolma-0.6B
repeat,30M_seed42_case4_dolma_epoch32_wd0.2_lr1e-4,30m,30000000,1.0,600000000,32,,0.0001,0.2,42,4.493452827364833,89.42971801757812,13279917,True,False,dolma_val_loss/chinchilla_1/30M/30M_seed42_case4_dolma_epoch32_wd0.2_lr1e-4.json,train_0.6B.npy,preprocessed/dolma2-0625/resharded,,,,,OLMo-dolma-0.6B
repeat,30M_seed42_case4_dolma_epoch32_wd0.4_lr1e-4,30m,30000000,1.0,600000000,32,,0.0001,0.4,42,4.505413485982725,90.5057601928711,13279917,True,False,dolma_val_loss/chinchilla_1/30M/30M_seed42_case4_dolma_epoch32_wd0.4_lr1e-4.json,train_0.6B.npy,preprocessed/dolma2-0625/resharded,,,,,OLMo-dolma-0.6B
repeat,30M_seed42_case4_dolma_epoch32_wd0.8_lr1e-4,30m,30000000,1.0,600000000,32,,0.0001,0.8,42,4.540976785881243,93.78237915039062,13279917,True,False,dolma_val_loss/chinchilla_1/30M/30M_seed42_case4_dolma_epoch32_wd0.8_lr1e-4.json,train_0.6B.npy,preprocessed/dolma2-0625/resharded,,,,,OLMo-dolma-0.6B
repeat,30M_seed42_case4_dolma_epoch32_wd1.6_lr1e-4,30m,30000000,1.0,600000000,32,,0.0001,1.6,42,4.664827963886182,106.14730834960938,13279917,True,False,dolma_val_loss/chinchilla_1/30M/30M_seed42_case4_dolma_epoch32_wd1.6_lr1e-4.json,train_0.6B.npy,preprocessed/dolma2-0625/resharded,,,,,OLMo-dolma-0.6B
repeat,30M_seed42_case4_dolma_epoch32_wd0.1_lr3e-4,30m,30000000,1.0,600000000,32,,0.0003,0.1,42,4.068770402724232,58.48500442504883,13279917,True,False,dolma_val_loss/chinchilla_1/30M/30M_seed42_case4_dolma_epoch32_wd0.1_lr3e-4.json,train_0.6B.npy,preprocessed/dolma2-0625/resharded,,,,,OLMo-dolma-0.6B
repeat,30M_seed42_case4_dolma_epoch32_wd0.2_lr3e-4,30m,30000000,1.0,600000000,32,,0.0003,0.2,42,4.070256242588903,58.57196807861328,13279917,True,False,dolma_val_loss/chinchilla_1/30M/30M_seed42_case4_dolma_epoch32_wd0.2_lr3e-4.json,train_0.6B.npy,preprocessed/dolma2-0625/resharded,,,,,OLMo-dolma-0.6B
repeat,30M_seed42_case4_dolma_epoch32_wd0.4_lr3e-4,30m,30000000,1.0,600000000,32,,0.0003,0.4,42,4.0755455905240225,58.88261032104492,13279917,True,False,dolma_val_loss/chinchilla_1/30M/30M_seed42_case4_dolma_epoch32_wd0.4_lr3e-4.json,train_0.6B.npy,preprocessed/dolma2-0625/resharded,,,,,OLMo-dolma-0.6B
repeat,30M_seed42_case4_dolma_epoch32_wd0.8_lr3e-4,30m,30000000,1.0,600000000,32,,0.0003,0.8,42,4.110913370504664,61.002403259277344,13279917,True,False,dolma_val_loss/chinchilla_1/30M/30M_seed42_case4_dolma_epoch32_wd0.8_lr3e-4.json,train_0.6B.npy,preprocessed/dolma2-0625/resharded,,,,,OLMo-dolma-0.6B
repeat,30M_seed42_case4_dolma_epoch32_wd1.6_lr3e-4,30m,30000000,1.0,600000000,32,,0.0003,1.6,42,4.322331403366687,75.36412811279297,13279917,True,False,dolma_val_loss/chinchilla_1/30M/30M_seed42_case4_dolma_epoch32_wd1.6_lr3e-4.json,train_0.6B.npy,preprocessed/dolma2-0625/resharded,,,,,OLMo-dolma-0.6B
repeat,30M_seed42_case4_dolma_epoch32_wd0.2_lr1e-3,30m,30000000,1.0,600000000,32,,0.001,0.2,42,3.8515602440382817,47.066444396972656,13279917,True,False,dolma_val_loss/chinchilla_1/30M/30M_seed42_case4_dolma_epoch32_wd0.2_lr1e-3.json,train_0.6B.npy,preprocessed/dolma2-0625/resharded,,,,,OLMo-dolma-0.6B
repeat,30M_seed42_case4_dolma_epoch32_wd0.4_lr1e-3,30m,30000000,1.0,600000000,32,,0.001,0.4,42,3.8250448543107187,45.83485794067383,13279917,True,False,dolma_val_loss/chinchilla_1/30M/30M_seed42_case4_dolma_epoch32_wd0.4_lr1e-3.json,train_0.6B.npy,preprocessed/dolma2-0625/resharded,,,,,OLMo-dolma-0.6B
repeat,30M_seed42_case4_dolma_epoch32_wd1.6_lr1e-3,30m,30000000,1.0,600000000,32,,0.001,1.6,42,4.124587154813943,61.84226608276367,13279917,True,False,dolma_val_loss/chinchilla_1/30M/30M_seed42_case4_dolma_epoch32_wd1.6_lr1e-3.json,train_0.6B.npy,preprocessed/dolma2-0625/resharded,,,,,OLMo-dolma-0.6B
repeat,30M_seed42_case4_dolma_epoch32_wd0.1_lr3e-3,30m,30000000,1.0,600000000,32,,0.003,0.1,42,3.7418073547135826,42.17414855957031,13279917,True,True,dolma_val_loss/chinchilla_1/30M/30M_seed42_case4_dolma_epoch32_wd0.1_lr3e-3.json,train_0.6B.npy,preprocessed/dolma2-0625/resharded,,,,,OLMo-dolma-0.6B
repeat,30M_seed42_case4_dolma_epoch32_wd0.2_lr3e-3,30m,30000000,1.0,600000000,32,,0.003,0.2,42,3.744820547212381,42.30141830444336,13279917,True,False,dolma_val_loss/chinchilla_1/30M/30M_seed42_case4_dolma_epoch32_wd0.2_lr3e-3.json,train_0.6B.npy,preprocessed/dolma2-0625/resharded,,,,,OLMo-dolma-0.6B
repeat,30M_seed42_case4_dolma_epoch32_wd0.4_lr3e-3,30m,30000000,1.0,600000000,32,,0.003,0.4,42,3.7761001493746393,43.64550018310547,13279917,True,False,dolma_val_loss/chinchilla_1/30M/30M_seed42_case4_dolma_epoch32_wd0.4_lr3e-3.json,train_0.6B.npy,preprocessed/dolma2-0625/resharded,,,,,OLMo-dolma-0.6B
repeat,30M_seed42_case4_dolma_epoch64_wd0.1_lr1e-4,30m,30000000,1.0,600000000,64,,0.0001,0.1,42,4.220521045989972,68.06893920898438,13279917,True,False,dolma_val_loss/chinchilla_1/30M/30M_seed42_case4_dolma_epoch64_wd0.1_lr1e-4.json,train_0.6B.npy,preprocessed/dolma2-0625/resharded,,,,,OLMo-dolma-0.6B
repeat,30M_seed42_case4_dolma_epoch64_wd0.2_lr1e-4,30m,30000000,1.0,600000000,64,,0.0001,0.2,42,4.219953793100585,68.03035736083984,13279917,True,False,dolma_val_loss/chinchilla_1/30M/30M_seed42_case4_dolma_epoch64_wd0.2_lr1e-4.json,train_0.6B.npy,preprocessed/dolma2-0625/resharded,,,,,OLMo-dolma-0.6B
repeat,30M_seed42_case4_dolma_epoch64_wd0.4_lr1e-4,30m,30000000,1.0,600000000,64,,0.0001,0.4,42,4.2269330446904805,68.50679779052734,13279917,True,False,dolma_val_loss/chinchilla_1/30M/30M_seed42_case4_dolma_epoch64_wd0.4_lr1e-4.json,train_0.6B.npy,preprocessed/dolma2-0625/resharded,,,,,OLMo-dolma-0.6B
repeat,30M_seed42_case4_dolma_epoch64_wd0.8_lr1e-4,30m,30000000,1.0,600000000,64,,0.0001,0.8,42,4.25518700185412,70.4699935913086,13279917,True,False,dolma_val_loss/chinchilla_1/30M/30M_seed42_case4_dolma_epoch64_wd0.8_lr1e-4.json,train_0.6B.npy,preprocessed/dolma2-0625/resharded,,,,,OLMo-dolma-0.6B
repeat,30M_seed42_case4_dolma_epoch64_wd1.6_lr1e-4,30m,30000000,1.0,600000000,64,,0.0001,1.6,42,4.474775547045846,87.7748794555664,13279917,True,False,dolma_val_loss/chinchilla_1/30M/30M_seed42_case4_dolma_epoch64_wd1.6_lr1e-4.json,train_0.6B.npy,preprocessed/dolma2-0625/resharded,,,,,OLMo-dolma-0.6B
repeat,30M_seed42_case4_dolma_epoch64_wd0.1_lr3e-4,30m,30000000,1.0,600000000,64,,0.0003,0.1,42,3.9489215423024904,51.8793830871582,13279917,True,False,dolma_val_loss/chinchilla_1/30M/30M_seed42_case4_dolma_epoch64_wd0.1_lr3e-4.json,train_0.6B.npy,preprocessed/dolma2-0625/resharded,,,,,OLMo-dolma-0.6B
repeat,30M_seed42_case4_dolma_epoch64_wd0.2_lr3e-4,30m,30000000,1.0,600000000,64,,0.0003,0.2,42,3.945204554533478,51.68690872192383,13279917,True,False,dolma_val_loss/chinchilla_1/30M/30M_seed42_case4_dolma_epoch64_wd0.2_lr3e-4.json,train_0.6B.npy,preprocessed/dolma2-0625/resharded,,,,,OLMo-dolma-0.6B
repeat,30M_seed42_case4_dolma_epoch64_wd0.4_lr3e-4,30m,30000000,1.0,600000000,64,,0.0003,0.4,42,3.9267120489362575,50.739871978759766,13279917,True,False,dolma_val_loss/chinchilla_1/30M/30M_seed42_case4_dolma_epoch64_wd0.4_lr3e-4.json,train_0.6B.npy,preprocessed/dolma2-0625/resharded,,,,,OLMo-dolma-0.6B
repeat,30M_seed42_case4_dolma_epoch64_wd0.8_lr3e-4,30m,30000000,1.0,600000000,64,,0.0003,0.8,42,3.9579400046649154,52.34938049316406,13279917,True,False,dolma_val_loss/chinchilla_1/30M/30M_seed42_case4_dolma_epoch64_wd0.8_lr3e-4.json,train_0.6B.npy,preprocessed/dolma2-0625/resharded,,,,,OLMo-dolma-0.6B
repeat,30M_seed42_case4_dolma_epoch64_wd1.6_lr3e-4,30m,30000000,1.0,600000000,64,,0.0003,1.6,42,4.210927855870282,67.41907501220703,13279917,True,False,dolma_val_loss/chinchilla_1/30M/30M_seed42_case4_dolma_epoch64_wd1.6_lr3e-4.json,train_0.6B.npy,preprocessed/dolma2-0625/resharded,,,,,OLMo-dolma-0.6B
repeat,30M_seed42_case4_dolma_epoch64_wd0.1_lr1e-3,30m,30000000,1.0,600000000,64,,0.001,0.1,42,3.788617008816772,44.19523239135742,13279917,True,False,dolma_val_loss/chinchilla_1/30M/30M_seed42_case4_dolma_epoch64_wd0.1_lr1e-3.json,train_0.6B.npy,preprocessed/dolma2-0625/resharded,,,,,OLMo-dolma-0.6B
repeat,30M_seed42_case4_dolma_epoch64_wd0.2_lr1e-3,30m,30000000,1.0,600000000,64,,0.001,0.2,42,3.7681002353070876,43.297733306884766,13279917,True,False,dolma_val_loss/chinchilla_1/30M/30M_seed42_case4_dolma_epoch64_wd0.2_lr1e-3.json,train_0.6B.npy,preprocessed/dolma2-0625/resharded,,,,,OLMo-dolma-0.6B
repeat,30M_seed42_case4_dolma_epoch64_wd0.4_lr1e-3,30m,30000000,1.0,600000000,64,,0.001,0.4,42,3.788543230125057,44.19197463989258,13279917,True,False,dolma_val_loss/chinchilla_1/30M/30M_seed42_case4_dolma_epoch64_wd0.4_lr1e-3.json,train_0.6B.npy,preprocessed/dolma2-0625/resharded,,,,,OLMo-dolma-0.6B
repeat,30M_seed42_case4_dolma_epoch64_wd0.8_lr1e-3,30m,30000000,1.0,600000000,64,,0.001,0.8,42,3.849279943480045,46.95923614501953,13279917,True,False,dolma_val_loss/chinchilla_1/30M/30M_seed42_case4_dolma_epoch64_wd0.8_lr1e-3.json,train_0.6B.npy,preprocessed/dolma2-0625/resharded,,,,,OLMo-dolma-0.6B
repeat,30M_seed42_case4_dolma_epoch64_wd1.6_lr1e-3,30m,30000000,1.0,600000000,64,,0.001,1.6,42,4.065127857500328,58.27235794067383,13279917,True,False,dolma_val_loss/chinchilla_1/30M/30M_seed42_case4_dolma_epoch64_wd1.6_lr1e-3.json,train_0.6B.npy,preprocessed/dolma2-0625/resharded,,,,,OLMo-dolma-0.6B
repeat,30M_seed42_case4_dolma_epoch64_wd0.1_lr3e-3,30m,30000000,1.0,600000000,64,,0.003,0.1,42,3.7049124041759116,40.646488189697266,13279917,True,True,dolma_val_loss/chinchilla_1/30M/30M_seed42_case4_dolma_epoch64_wd0.1_lr3e-3.json,train_0.6B.npy,preprocessed/dolma2-0625/resharded,,,,,OLMo-dolma-0.6B
repeat,30M_seed42_case4_dolma_epoch64_wd0.2_lr3e-3,30m,30000000,1.0,600000000,64,,0.003,0.2,42,3.7176630416404803,41.16807556152344,13279917,True,False,dolma_val_loss/chinchilla_1/30M/30M_seed42_case4_dolma_epoch64_wd0.2_lr3e-3.json,train_0.6B.npy,preprocessed/dolma2-0625/resharded,,,,,OLMo-dolma-0.6B
repeat,30M_seed42_case4_dolma_epoch64_wd0.4_lr3e-3,30m,30000000,1.0,600000000,64,,0.003,0.4,42,3.7609375844643598,42.98871612548828,13279917,True,False,dolma_val_loss/chinchilla_1/30M/30M_seed42_case4_dolma_epoch64_wd0.4_lr3e-3.json,train_0.6B.npy,preprocessed/dolma2-0625/resharded,,,,,OLMo-dolma-0.6B
repeat,30M_seed42_case4_dolma_epoch64_wd1.6_lr3e-3,30m,30000000,1.0,600000000,64,,0.003,1.6,42,4.08838527052847,59.643497467041016,13279917,True,False,dolma_val_loss/chinchilla_1/30M/30M_seed42_case4_dolma_epoch64_wd1.6_lr3e-3.json,train_0.6B.npy,preprocessed/dolma2-0625/resharded,,,,,OLMo-dolma-0.6B
repeat,30M_seed42_case4_dolma_epoch1_wd0.1_lr1e-4,30m,30000000,2.0,1200000000,1,,0.0001,0.1,42,6.838903828530493,933.4653930664062,13279917,True,False,dolma_val_loss/chinchilla_2/30M/30M_seed42_case4_dolma_epoch1_wd0.1_lr1e-4.json,train_1.2B.npy,preprocessed/dolma2-0625/resharded,,,,,OLMo-dolma-1.2B
repeat,30M_seed42_case4_dolma_epoch1_wd0.2_lr1e-4,30m,30000000,2.0,1200000000,1,,0.0001,0.2,42,6.844820662532779,939.0046997070312,13279917,True,False,dolma_val_loss/chinchilla_2/30M/30M_seed42_case4_dolma_epoch1_wd0.2_lr1e-4.json,train_1.2B.npy,preprocessed/dolma2-0625/resharded,,,,,OLMo-dolma-1.2B
repeat,30M_seed42_case4_dolma_epoch1_wd0.8_lr1e-4,30m,30000000,2.0,1200000000,1,,0.0001,0.8,42,6.87508969591428,967.8621215820312,13279917,True,False,dolma_val_loss/chinchilla_2/30M/30M_seed42_case4_dolma_epoch1_wd0.8_lr1e-4.json,train_1.2B.npy,preprocessed/dolma2-0625/resharded,,,,,OLMo-dolma-1.2B
repeat,30M_seed42_case4_dolma_epoch1_wd1.6_lr1e-4,30m,30000000,2.0,1200000000,1,,0.0001,1.6,42,6.918342051437755,1010.64306640625,13279917,True,False,dolma_val_loss/chinchilla_2/30M/30M_seed42_case4_dolma_epoch1_wd1.6_lr1e-4.json,train_1.2B.npy,preprocessed/dolma2-0625/resharded,,,,,OLMo-dolma-1.2B
repeat,30M_seed42_case4_dolma_epoch1_wd0.1_lr3e-4,30m,30000000,2.0,1200000000,1,,0.0003,0.1,42,5.91270364868962,369.7043151855469,13279917,True,False,dolma_val_loss/chinchilla_2/30M/30M_seed42_case4_dolma_epoch1_wd0.1_lr3e-4.json,train_1.2B.npy,preprocessed/dolma2-0625/resharded,,,,,OLMo-dolma-1.2B
repeat,30M_seed42_case4_dolma_epoch1_wd0.4_lr3e-4,30m,30000000,2.0,1200000000,1,,0.0003,0.4,42,5.931068240786774,376.5566101074219,13279917,True,False,dolma_val_loss/chinchilla_2/30M/30M_seed42_case4_dolma_epoch1_wd0.4_lr3e-4.json,train_1.2B.npy,preprocessed/dolma2-0625/resharded,,,,,OLMo-dolma-1.2B
repeat,30M_seed42_case4_dolma_epoch1_wd0.8_lr3e-4,30m,30000000,2.0,1200000000,1,,0.0003,0.8,42,5.9533576834272806,385.0440368652344,13279917,True,False,dolma_val_loss/chinchilla_2/30M/30M_seed42_case4_dolma_epoch1_wd0.8_lr3e-4.json,train_1.2B.npy,preprocessed/dolma2-0625/resharded,,,,,OLMo-dolma-1.2B
repeat,30M_seed42_case4_dolma_epoch1_wd0.1_lr1e-3,30m,30000000,2.0,1200000000,1,,0.001,0.1,42,5.157631301284206,173.75241088867188,13279917,True,False,dolma_val_loss/chinchilla_2/30M/30M_seed42_case4_dolma_epoch1_wd0.1_lr1e-3.json,train_1.2B.npy,preprocessed/dolma2-0625/resharded,,,,,OLMo-dolma-1.2B
repeat,30M_seed42_case4_dolma_epoch1_wd0.2_lr1e-3,30m,30000000,2.0,1200000000,1,,0.001,0.2,42,5.173627835191619,176.55418395996094,13279917,True,False,dolma_val_loss/chinchilla_2/30M/30M_seed42_case4_dolma_epoch1_wd0.2_lr1e-3.json,train_1.2B.npy,preprocessed/dolma2-0625/resharded,,,,,OLMo-dolma-1.2B
repeat,30M_seed42_case4_dolma_epoch1_wd0.8_lr1e-3,30m,30000000,2.0,1200000000,1,,0.001,0.8,42,5.2179123600461885,184.54847717285156,13279917,True,False,dolma_val_loss/chinchilla_2/30M/30M_seed42_case4_dolma_epoch1_wd0.8_lr1e-3.json,train_1.2B.npy,preprocessed/dolma2-0625/resharded,,,,,OLMo-dolma-1.2B
repeat,30M_seed42_case4_dolma_epoch1_wd1.6_lr1e-3,30m,30000000,2.0,1200000000,1,,0.001,1.6,42,5.3599264648341975,212.7093505859375,13279917,True,False,dolma_val_loss/chinchilla_2/30M/30M_seed42_case4_dolma_epoch1_wd1.6_lr1e-3.json,train_1.2B.npy,preprocessed/dolma2-0625/resharded,,,,,OLMo-dolma-1.2B
repeat,30M_seed42_case4_dolma_epoch1_wd0.1_lr3e-3,30m,30000000,2.0,1200000000,1,,0.003,0.1,42,4.9317311640136055,138.61929321289062,13279917,True,True,dolma_val_loss/chinchilla_2/30M/30M_seed42_case4_dolma_epoch1_wd0.1_lr3e-3.json,train_1.2B.npy,preprocessed/dolma2-0625/resharded,,,,,OLMo-dolma-1.2B
repeat,30M_seed42_case4_dolma_epoch1_wd0.2_lr3e-3,30m,30000000,2.0,1200000000,1,,0.003,0.2,42,4.9418965567841795,140.0355682373047,13279917,True,False,dolma_val_loss/chinchilla_2/30M/30M_seed42_case4_dolma_epoch1_wd0.2_lr3e-3.json,train_1.2B.npy,preprocessed/dolma2-0625/resharded,,,,,OLMo-dolma-1.2B
repeat,30M_seed42_case4_dolma_epoch1_wd0.4_lr3e-3,30m,30000000,2.0,1200000000,1,,0.003,0.4,42,4.95706216854438,142.17550659179688,13279917,True,False,dolma_val_loss/chinchilla_2/30M/30M_seed42_case4_dolma_epoch1_wd0.4_lr3e-3.json,train_1.2B.npy,preprocessed/dolma2-0625/resharded,,,,,OLMo-dolma-1.2B
repeat,30M_seed42_case4_dolma_epoch1_wd0.8_lr3e-3,30m,30000000,2.0,1200000000,1,,0.003,0.8,42,4.97697287346739,145.03469848632812,13279917,True,False,dolma_val_loss/chinchilla_2/30M/30M_seed42_case4_dolma_epoch1_wd0.8_lr3e-3.json,train_1.2B.npy,preprocessed/dolma2-0625/resharded,,,,,OLMo-dolma-1.2B
repeat,30M_seed42_case4_dolma_epoch1_wd1.6_lr3e-3,30m,30000000,2.0,1200000000,1,,0.003,1.6,42,5.269117347428405,194.2444305419922,13279917,True,False,dolma_val_loss/chinchilla_2/30M/30M_seed42_case4_dolma_epoch1_wd1.6_lr3e-3.json,train_1.2B.npy,preprocessed/dolma2-0625/resharded,,,,,OLMo-dolma-1.2B
repeat,30M_seed42_case4_dolma_epoch4_wd0.1_lr1e-4,30m,30000000,2.0,1200000000,4,,0.0001,0.1,42,5.586730385314861,266.8616943359375,13279917,True,False,dolma_val_loss/chinchilla_2/30M/30M_seed42_case4_dolma_epoch4_wd0.1_lr1e-4.json,train_1.2B.npy,preprocessed/dolma2-0625/resharded,,,,,OLMo-dolma-1.2B
repeat,30M_seed42_case4_dolma_epoch4_wd0.2_lr1e-4,30m,30000000,2.0,1200000000,4,,0.0001,0.2,42,5.5933014868958235,268.6209411621094,13279917,True,False,dolma_val_loss/chinchilla_2/30M/30M_seed42_case4_dolma_epoch4_wd0.2_lr1e-4.json,train_1.2B.npy,preprocessed/dolma2-0625/resharded,,,,,OLMo-dolma-1.2B
repeat,30M_seed42_case4_dolma_epoch4_wd0.4_lr1e-4,30m,30000000,2.0,1200000000,4,,0.0001,0.4,42,5.602410493934187,271.0790100097656,13279917,True,False,dolma_val_loss/chinchilla_2/30M/30M_seed42_case4_dolma_epoch4_wd0.4_lr1e-4.json,train_1.2B.npy,preprocessed/dolma2-0625/resharded,,,,,OLMo-dolma-1.2B
repeat,30M_seed42_case4_dolma_epoch4_wd1.6_lr1e-4,30m,30000000,2.0,1200000000,4,,0.0001,1.6,42,5.681375225936206,293.3525085449219,13279917,True,False,dolma_val_loss/chinchilla_2/30M/30M_seed42_case4_dolma_epoch4_wd1.6_lr1e-4.json,train_1.2B.npy,preprocessed/dolma2-0625/resharded,,,,,OLMo-dolma-1.2B
repeat,30M_seed42_case4_dolma_epoch4_wd0.1_lr3e-4,30m,30000000,2.0,1200000000,4,,0.0003,0.1,42,4.630648716430349,102.58057403564453,13279917,True,False,dolma_val_loss/chinchilla_2/30M/30M_seed42_case4_dolma_epoch4_wd0.1_lr3e-4.json,train_1.2B.npy,preprocessed/dolma2-0625/resharded,,,,,OLMo-dolma-1.2B
repeat,30M_seed42_case4_dolma_epoch4_wd0.2_lr3e-4,30m,30000000,2.0,1200000000,4,,0.0003,0.2,42,4.6387820043621835,103.4183120727539,13279917,True,False,dolma_val_loss/chinchilla_2/30M/30M_seed42_case4_dolma_epoch4_wd0.2_lr3e-4.json,train_1.2B.npy,preprocessed/dolma2-0625/resharded,,,,,OLMo-dolma-1.2B
repeat,30M_seed42_case4_dolma_epoch4_wd0.4_lr3e-4,30m,30000000,2.0,1200000000,4,,0.0003,0.4,42,4.654235308600173,105.02887725830078,13279917,True,False,dolma_val_loss/chinchilla_2/30M/30M_seed42_case4_dolma_epoch4_wd0.4_lr3e-4.json,train_1.2B.npy,preprocessed/dolma2-0625/resharded,,,,,OLMo-dolma-1.2B
repeat,30M_seed42_case4_dolma_epoch4_wd1.6_lr3e-4,30m,30000000,2.0,1200000000,4,,0.0003,1.6,42,4.828831434946916,125.06475830078125,13279917,True,False,dolma_val_loss/chinchilla_2/30M/30M_seed42_case4_dolma_epoch4_wd1.6_lr3e-4.json,train_1.2B.npy,preprocessed/dolma2-0625/resharded,,,,,OLMo-dolma-1.2B
repeat,30M_seed42_case4_dolma_epoch4_wd0.1_lr1e-3,30m,30000000,2.0,1200000000,4,,0.001,0.1,42,4.0839252892167925,59.37808609008789,13279917,True,False,dolma_val_loss/chinchilla_2/30M/30M_seed42_case4_dolma_epoch4_wd0.1_lr1e-3.json,train_1.2B.npy,preprocessed/dolma2-0625/resharded,,,,,OLMo-dolma-1.2B
repeat,30M_seed42_case4_dolma_epoch4_wd0.2_lr1e-3,30m,30000000,2.0,1200000000,4,,0.001,0.2,42,4.093841193785205,59.96979904174805,13279917,True,False,dolma_val_loss/chinchilla_2/30M/30M_seed42_case4_dolma_epoch4_wd0.2_lr1e-3.json,train_1.2B.npy,preprocessed/dolma2-0625/resharded,,,,,OLMo-dolma-1.2B
repeat,30M_seed42_case4_dolma_epoch4_wd0.8_lr1e-3,30m,30000000,2.0,1200000000,4,,0.001,0.8,42,4.197024661256354,66.48822021484375,13279917,True,False,dolma_val_loss/chinchilla_2/30M/30M_seed42_case4_dolma_epoch4_wd0.8_lr1e-3.json,train_1.2B.npy,preprocessed/dolma2-0625/resharded,,,,,OLMo-dolma-1.2B
repeat,30M_seed42_case4_dolma_epoch4_wd1.6_lr1e-3,30m,30000000,2.0,1200000000,4,,0.001,1.6,42,4.413452397736418,82.55400085449219,13279917,True,False,dolma_val_loss/chinchilla_2/30M/30M_seed42_case4_dolma_epoch4_wd1.6_lr1e-3.json,train_1.2B.npy,preprocessed/dolma2-0625/resharded,,,,,OLMo-dolma-1.2B
repeat,30M_seed42_case4_dolma_epoch4_wd0.1_lr3e-3,30m,30000000,2.0,1200000000,4,,0.003,0.1,42,3.8927740670558335,49.04676055908203,13279917,True,False,dolma_val_loss/chinchilla_2/30M/30M_seed42_case4_dolma_epoch4_wd0.1_lr3e-3.json,train_1.2B.npy,preprocessed/dolma2-0625/resharded,,,,,OLMo-dolma-1.2B
repeat,30M_seed42_case4_dolma_epoch4_wd0.2_lr3e-3,30m,30000000,2.0,1200000000,4,,0.003,0.2,42,3.8841094658711794,48.62362289428711,13279917,True,True,dolma_val_loss/chinchilla_2/30M/30M_seed42_case4_dolma_epoch4_wd0.2_lr3e-3.json,train_1.2B.npy,preprocessed/dolma2-0625/resharded,,,,,OLMo-dolma-1.2B
repeat,30M_seed42_case4_dolma_epoch4_wd0.4_lr3e-3,30m,30000000,2.0,1200000000,4,,0.003,0.4,42,3.946785956893888,51.76871109008789,13279917,True,False,dolma_val_loss/chinchilla_2/30M/30M_seed42_case4_dolma_epoch4_wd0.4_lr3e-3.json,train_1.2B.npy,preprocessed/dolma2-0625/resharded,,,,,OLMo-dolma-1.2B
repeat,30M_seed42_case4_dolma_epoch4_wd0.8_lr3e-3,30m,30000000,2.0,1200000000,4,,0.003,0.8,42,3.9964055418083326,54.40225601196289,13279917,True,False,dolma_val_loss/chinchilla_2/30M/30M_seed42_case4_dolma_epoch4_wd0.8_lr3e-3.json,train_1.2B.npy,preprocessed/dolma2-0625/resharded,,,,,OLMo-dolma-1.2B
repeat,30M_seed42_case4_dolma_epoch4_wd1.6_lr3e-3,30m,30000000,2.0,1200000000,4,,0.003,1.6,42,4.212844041206875,67.54837036132812,13279917,True,False,dolma_val_loss/chinchilla_2/30M/30M_seed42_case4_dolma_epoch4_wd1.6_lr3e-3.json,train_1.2B.npy,preprocessed/dolma2-0625/resharded,,,,,OLMo-dolma-1.2B
repeat,30M_seed42_case4_dolma_epoch8_wd0.1_lr1e-4,30m,30000000,2.0,1200000000,8,,0.0001,0.1,42,4.940152612852597,139.7915802001953,13279917,True,False,dolma_val_loss/chinchilla_2/30M/30M_seed42_case4_dolma_epoch8_wd0.1_lr1e-4.json,train_1.2B.npy,preprocessed/dolma2-0625/resharded,,,,,OLMo-dolma-1.2B
repeat,30M_seed42_case4_dolma_epoch8_wd0.2_lr1e-4,30m,30000000,2.0,1200000000,8,,0.0001,0.2,42,4.94784488762418,140.87106323242188,13279917,True,False,dolma_val_loss/chinchilla_2/30M/30M_seed42_case4_dolma_epoch8_wd0.2_lr1e-4.json,train_1.2B.npy,preprocessed/dolma2-0625/resharded,,,,,OLMo-dolma-1.2B
repeat,30M_seed42_case4_dolma_epoch8_wd0.4_lr1e-4,30m,30000000,2.0,1200000000,8,,0.0001,0.4,42,4.960640930013555,142.68521118164062,13279917,True,False,dolma_val_loss/chinchilla_2/30M/30M_seed42_case4_dolma_epoch8_wd0.4_lr1e-4.json,train_1.2B.npy,preprocessed/dolma2-0625/resharded,,,,,OLMo-dolma-1.2B
repeat,30M_seed42_case4_dolma_epoch8_wd0.8_lr1e-4,30m,30000000,2.0,1200000000,8,,0.0001,0.8,42,4.998001613030719,148.1168670654297,13279917,True,False,dolma_val_loss/chinchilla_2/30M/30M_seed42_case4_dolma_epoch8_wd0.8_lr1e-4.json,train_1.2B.npy,preprocessed/dolma2-0625/resharded,,,,,OLMo-dolma-1.2B
repeat,30M_seed42_case4_dolma_epoch8_wd0.1_lr3e-4,30m,30000000,2.0,1200000000,8,,0.0003,0.1,42,4.276295243293878,71.97329711914062,13279917,True,False,dolma_val_loss/chinchilla_2/30M/30M_seed42_case4_dolma_epoch8_wd0.1_lr3e-4.json,train_1.2B.npy,preprocessed/dolma2-0625/resharded,,,,,OLMo-dolma-1.2B
repeat,30M_seed42_case4_dolma_epoch8_wd0.2_lr3e-4,30m,30000000,2.0,1200000000,8,,0.0003,0.2,42,4.281432357126178,72.3439712524414,13279917,True,False,dolma_val_loss/chinchilla_2/30M/30M_seed42_case4_dolma_epoch8_wd0.2_lr3e-4.json,train_1.2B.npy,preprocessed/dolma2-0625/resharded,,,,,OLMo-dolma-1.2B
repeat,30M_seed42_case4_dolma_epoch8_wd0.4_lr3e-4,30m,30000000,2.0,1200000000,8,,0.0003,0.4,42,4.29736190408972,73.505615234375,13279917,True,False,dolma_val_loss/chinchilla_2/30M/30M_seed42_case4_dolma_epoch8_wd0.4_lr3e-4.json,train_1.2B.npy,preprocessed/dolma2-0625/resharded,,,,,OLMo-dolma-1.2B
repeat,30M_seed42_case4_dolma_epoch8_wd0.8_lr3e-4,30m,30000000,2.0,1200000000,8,,0.0003,0.8,42,4.345651721605498,77.14228820800781,13279917,True,False,dolma_val_loss/chinchilla_2/30M/30M_seed42_case4_dolma_epoch8_wd0.8_lr3e-4.json,train_1.2B.npy,preprocessed/dolma2-0625/resharded,,,,,OLMo-dolma-1.2B
repeat,30M_seed42_case4_dolma_epoch8_wd1.6_lr3e-4,30m,30000000,2.0,1200000000,8,,0.0003,1.6,42,4.540828632114427,93.76847839355469,13279917,True,False,dolma_val_loss/chinchilla_2/30M/30M_seed42_case4_dolma_epoch8_wd1.6_lr3e-4.json,train_1.2B.npy,preprocessed/dolma2-0625/resharded,,,,,OLMo-dolma-1.2B
repeat,30M_seed42_case4_dolma_epoch8_wd0.1_lr1e-3,30m,30000000,2.0,1200000000,8,,0.001,0.1,42,3.895640641750799,49.18755340576172,13279917,True,False,dolma_val_loss/chinchilla_2/30M/30M_seed42_case4_dolma_epoch8_wd0.1_lr1e-3.json,train_1.2B.npy,preprocessed/dolma2-0625/resharded,,,,,OLMo-dolma-1.2B
repeat,30M_seed42_case4_dolma_epoch8_wd0.2_lr1e-3,30m,30000000,2.0,1200000000,8,,0.001,0.2,42,3.9083778155478823,49.818077087402344,13279917,True,False,dolma_val_loss/chinchilla_2/30M/30M_seed42_case4_dolma_epoch8_wd0.2_lr1e-3.json,train_1.2B.npy,preprocessed/dolma2-0625/resharded,,,,,OLMo-dolma-1.2B
repeat,30M_seed42_case4_dolma_epoch8_wd0.8_lr1e-3,30m,30000000,2.0,1200000000,8,,0.001,0.8,42,3.993672213575158,54.25374984741211,13279917,True,False,dolma_val_loss/chinchilla_2/30M/30M_seed42_case4_dolma_epoch8_wd0.8_lr1e-3.json,train_1.2B.npy,preprocessed/dolma2-0625/resharded,,,,,OLMo-dolma-1.2B
repeat,30M_seed42_case4_dolma_epoch8_wd1.6_lr1e-3,30m,30000000,2.0,1200000000,8,,0.001,1.6,42,4.1995341359926,66.65525817871094,13279917,True,False,dolma_val_loss/chinchilla_2/30M/30M_seed42_case4_dolma_epoch8_wd1.6_lr1e-3.json,train_1.2B.npy,preprocessed/dolma2-0625/resharded,,,,,OLMo-dolma-1.2B
repeat,30M_seed42_case4_dolma_epoch8_wd0.1_lr3e-3,30m,30000000,2.0,1200000000,8,,0.003,0.1,42,3.7551364250131654,42.74005126953125,13279917,True,True,dolma_val_loss/chinchilla_2/30M/30M_seed42_case4_dolma_epoch8_wd0.1_lr3e-3.json,train_1.2B.npy,preprocessed/dolma2-0625/resharded,,,,,OLMo-dolma-1.2B
repeat,30M_seed42_case4_dolma_epoch8_wd0.2_lr3e-3,30m,30000000,2.0,1200000000,8,,0.003,0.2,42,3.7722907981442013,43.479549407958984,13279917,True,False,dolma_val_loss/chinchilla_2/30M/30M_seed42_case4_dolma_epoch8_wd0.2_lr3e-3.json,train_1.2B.npy,preprocessed/dolma2-0625/resharded,,,,,OLMo-dolma-1.2B
repeat,30M_seed42_case4_dolma_epoch8_wd0.4_lr3e-3,30m,30000000,2.0,1200000000,8,,0.003,0.4,42,3.8125239081348834,45.26453399658203,13279917,True,False,dolma_val_loss/chinchilla_2/30M/30M_seed42_case4_dolma_epoch8_wd0.4_lr3e-3.json,train_1.2B.npy,preprocessed/dolma2-0625/resharded,,,,,OLMo-dolma-1.2B
repeat,30M_seed42_case4_dolma_epoch8_wd0.8_lr3e-3,30m,30000000,2.0,1200000000,8,,0.003,0.8,42,3.8978892694610074,49.29829025268555,13279917,True,False,dolma_val_loss/chinchilla_2/30M/30M_seed42_case4_dolma_epoch8_wd0.8_lr3e-3.json,train_1.2B.npy,preprocessed/dolma2-0625/resharded,,,,,OLMo-dolma-1.2B
repeat,30M_seed42_case4_dolma_epoch8_wd1.6_lr3e-3,30m,30000000,2.0,1200000000,8,,0.003,1.6,42,4.153424122772073,63.651588439941406,13279917,True,False,dolma_val_loss/chinchilla_2/30M/30M_seed42_case4_dolma_epoch8_wd1.6_lr3e-3.json,train_1.2B.npy,preprocessed/dolma2-0625/resharded,,,,,OLMo-dolma-1.2B
repeat,30M_seed42_case4_dolma_epoch16_wd0.1_lr1e-4,30m,30000000,2.0,1200000000,16,,0.0001,0.1,42,4.476729486907043,87.94656372070312,13279917,True,False,dolma_val_loss/chinchilla_2/30M/30M_seed42_case4_dolma_epoch16_wd0.1_lr1e-4.json,train_1.2B.npy,preprocessed/dolma2-0625/resharded,,,,,OLMo-dolma-1.2B
repeat,30M_seed42_case4_dolma_epoch16_wd0.2_lr1e-4,30m,30000000,2.0,1200000000,16,,0.0001,0.2,42,4.481941541790368,88.40616607666016,13279917,True,False,dolma_val_loss/chinchilla_2/30M/30M_seed42_case4_dolma_epoch16_wd0.2_lr1e-4.json,train_1.2B.npy,preprocessed/dolma2-0625/resharded,,,,,OLMo-dolma-1.2B
repeat,30M_seed42_case4_dolma_epoch16_wd0.4_lr1e-4,30m,30000000,2.0,1200000000,16,,0.0001,0.4,42,4.494894028116855,89.55867767333984,13279917,True,False,dolma_val_loss/chinchilla_2/30M/30M_seed42_case4_dolma_epoch16_wd0.4_lr1e-4.json,train_1.2B.npy,preprocessed/dolma2-0625/resharded,,,,,OLMo-dolma-1.2B
repeat,30M_seed42_case4_dolma_epoch16_wd0.8_lr1e-4,30m,30000000,2.0,1200000000,16,,0.0001,0.8,42,4.531991583768817,92.94347381591797,13279917,True,False,dolma_val_loss/chinchilla_2/30M/30M_seed42_case4_dolma_epoch16_wd0.8_lr1e-4.json,train_1.2B.npy,preprocessed/dolma2-0625/resharded,,,,,OLMo-dolma-1.2B
repeat,30M_seed42_case4_dolma_epoch16_wd1.6_lr1e-4,30m,30000000,2.0,1200000000,16,,0.0001,1.6,42,4.657600460468216,105.38290405273438,13279917,True,False,dolma_val_loss/chinchilla_2/30M/30M_seed42_case4_dolma_epoch16_wd1.6_lr1e-4.json,train_1.2B.npy,preprocessed/dolma2-0625/resharded,,,,,OLMo-dolma-1.2B
repeat,30M_seed42_case4_dolma_epoch16_wd0.1_lr3e-4,30m,30000000,2.0,1200000000,16,,0.0003,0.1,42,4.042709331168777,56.98051452636719,13279917,True,False,dolma_val_loss/chinchilla_2/30M/30M_seed42_case4_dolma_epoch16_wd0.1_lr3e-4.json,train_1.2B.npy,preprocessed/dolma2-0625/resharded,,,,,OLMo-dolma-1.2B
repeat,30M_seed42_case4_dolma_epoch16_wd0.2_lr3e-4,30m,30000000,2.0,1200000000,16,,0.0003,0.2,42,4.047782799936739,57.27033996582031,13279917,True,False,dolma_val_loss/chinchilla_2/30M/30M_seed42_case4_dolma_epoch16_wd0.2_lr3e-4.json,train_1.2B.npy,preprocessed/dolma2-0625/resharded,,,,,OLMo-dolma-1.2B
repeat,30M_seed42_case4_dolma_epoch16_wd0.8_lr3e-4,30m,30000000,2.0,1200000000,16,,0.0003,0.8,42,4.115235932803411,61.266658782958984,13279917,True,False,dolma_val_loss/chinchilla_2/30M/30M_seed42_case4_dolma_epoch16_wd0.8_lr3e-4.json,train_1.2B.npy,preprocessed/dolma2-0625/resharded,,,,,OLMo-dolma-1.2B
repeat,30M_seed42_case4_dolma_epoch16_wd1.6_lr3e-4,30m,30000000,2.0,1200000000,16,,0.0003,1.6,42,4.315055301173945,74.81776428222656,13279917,True,False,dolma_val_loss/chinchilla_2/30M/30M_seed42_case4_dolma_epoch16_wd1.6_lr3e-4.json,train_1.2B.npy,preprocessed/dolma2-0625/resharded,,,,,OLMo-dolma-1.2B
repeat,30M_seed42_case4_dolma_epoch16_wd0.2_lr1e-3,30m,30000000,2.0,1200000000,16,,0.001,0.2,42,3.785480667891752,44.056846618652344,13279917,True,False,dolma_val_loss/chinchilla_2/30M/30M_seed42_case4_dolma_epoch16_wd0.2_lr1e-3.json,train_1.2B.npy,preprocessed/dolma2-0625/resharded,,,,,OLMo-dolma-1.2B
repeat,30M_seed42_case4_dolma_epoch16_wd0.4_lr1e-3,30m,30000000,2.0,1200000000,16,,0.001,0.4,42,3.79168957889277,44.331241607666016,13279917,True,False,dolma_val_loss/chinchilla_2/30M/30M_seed42_case4_dolma_epoch16_wd0.4_lr1e-3.json,train_1.2B.npy,preprocessed/dolma2-0625/resharded,,,,,OLMo-dolma-1.2B
repeat,30M_seed42_case4_dolma_epoch16_wd0.8_lr1e-3,30m,30000000,2.0,1200000000,16,,0.001,0.8,42,3.864519563035837,47.680362701416016,13279917,True,False,dolma_val_loss/chinchilla_2/30M/30M_seed42_case4_dolma_epoch16_wd0.8_lr1e-3.json,train_1.2B.npy,preprocessed/dolma2-0625/resharded,,,,,OLMo-dolma-1.2B
repeat,30M_seed42_case4_dolma_epoch16_wd1.6_lr1e-3,30m,30000000,2.0,1200000000,16,,0.001,1.6,42,4.101569432092813,60.43507385253906,13279917,True,False,dolma_val_loss/chinchilla_2/30M/30M_seed42_case4_dolma_epoch16_wd1.6_lr1e-3.json,train_1.2B.npy,preprocessed/dolma2-0625/resharded,,,,,OLMo-dolma-1.2B
repeat,30M_seed42_case4_dolma_epoch16_wd0.1_lr3e-3,30m,30000000,2.0,1200000000,16,,0.003,0.1,42,3.7004977679300914,40.467445373535156,13279917,True,True,dolma_val_loss/chinchilla_2/30M/30M_seed42_case4_dolma_epoch16_wd0.1_lr3e-3.json,train_1.2B.npy,preprocessed/dolma2-0625/resharded,,,,,OLMo-dolma-1.2B
repeat,30M_seed42_case4_dolma_epoch16_wd0.2_lr3e-3,30m,30000000,2.0,1200000000,16,,0.003,0.2,42,3.7050367297423388,40.65153503417969,13279917,True,False,dolma_val_loss/chinchilla_2/30M/30M_seed42_case4_dolma_epoch16_wd0.2_lr3e-3.json,train_1.2B.npy,preprocessed/dolma2-0625/resharded,,,,,OLMo-dolma-1.2B
repeat,30M_seed42_case4_dolma_epoch16_wd0.4_lr3e-3,30m,30000000,2.0,1200000000,16,,0.003,0.4,42,3.7461621252449753,42.35820770263672,13279917,True,False,dolma_val_loss/chinchilla_2/30M/30M_seed42_case4_dolma_epoch16_wd0.4_lr3e-3.json,train_1.2B.npy,preprocessed/dolma2-0625/resharded,,,,,OLMo-dolma-1.2B
repeat,30M_seed42_case4_dolma_epoch16_wd0.8_lr3e-3,30m,30000000,2.0,1200000000,16,,0.003,0.8,42,3.8478656298015994,46.89286804199219,13279917,True,False,dolma_val_loss/chinchilla_2/30M/30M_seed42_case4_dolma_epoch16_wd0.8_lr3e-3.json,train_1.2B.npy,preprocessed/dolma2-0625/resharded,,,,,OLMo-dolma-1.2B
repeat,30M_seed42_case4_dolma_epoch16_wd1.6_lr3e-3,30m,30000000,2.0,1200000000,16,,0.003,1.6,42,4.115130780558413,61.260231018066406,13279917,True,False,dolma_val_loss/chinchilla_2/30M/30M_seed42_case4_dolma_epoch16_wd1.6_lr3e-3.json,train_1.2B.npy,preprocessed/dolma2-0625/resharded,,,,,OLMo-dolma-1.2B
repeat,30M_seed42_case4_dolma_epoch32_wd0.1_lr1e-4,30m,30000000,2.0,1200000000,32,,0.0001,0.1,42,4.20578025958883,67.0728988647461,13279917,True,False,dolma_val_loss/chinchilla_2/30M/30M_seed42_case4_dolma_epoch32_wd0.1_lr1e-4.json,train_1.2B.npy,preprocessed/dolma2-0625/resharded,,,,,OLMo-dolma-1.2B
repeat,30M_seed42_case4_dolma_epoch32_wd0.2_lr1e-4,30m,30000000,2.0,1200000000,32,,0.0001,0.2,42,4.207153043915273,67.1650390625,13279917,True,False,dolma_val_loss/chinchilla_2/30M/30M_seed42_case4_dolma_epoch32_wd0.2_lr1e-4.json,train_1.2B.npy,preprocessed/dolma2-0625/resharded,,,,,OLMo-dolma-1.2B
repeat,30M_seed42_case4_dolma_epoch32_wd0.4_lr1e-4,30m,30000000,2.0,1200000000,32,,0.0001,0.4,42,4.213412723063212,67.58680725097656,13279917,True,False,dolma_val_loss/chinchilla_2/30M/30M_seed42_case4_dolma_epoch32_wd0.4_lr1e-4.json,train_1.2B.npy,preprocessed/dolma2-0625/resharded,,,,,OLMo-dolma-1.2B
repeat,30M_seed42_case4_dolma_epoch32_wd0.8_lr1e-4,30m,30000000,2.0,1200000000,32,,0.0001,0.8,42,4.244414896351338,69.71495056152344,13279917,True,False,dolma_val_loss/chinchilla_2/30M/30M_seed42_case4_dolma_epoch32_wd0.8_lr1e-4.json,train_1.2B.npy,preprocessed/dolma2-0625/resharded,,,,,OLMo-dolma-1.2B
repeat,30M_seed42_case4_dolma_epoch32_wd1.6_lr1e-4,30m,30000000,2.0,1200000000,32,,0.0001,1.6,42,4.4619479131033675,86.65614318847656,13279917,True,False,dolma_val_loss/chinchilla_2/30M/30M_seed42_case4_dolma_epoch32_wd1.6_lr1e-4.json,train_1.2B.npy,preprocessed/dolma2-0625/resharded,,,,,OLMo-dolma-1.2B
repeat,30M_seed42_case4_dolma_epoch32_wd0.1_lr3e-4,30m,30000000,2.0,1200000000,32,,0.0003,0.1,42,3.8811940660551922,48.48207473754883,13279917,True,False,dolma_val_loss/chinchilla_2/30M/30M_seed42_case4_dolma_epoch32_wd0.1_lr3e-4.json,train_1.2B.npy,preprocessed/dolma2-0625/resharded,,,,,OLMo-dolma-1.2B
repeat,30M_seed42_case4_dolma_epoch32_wd0.2_lr3e-4,30m,30000000,2.0,1200000000,32,,0.0003,0.2,42,3.883583815319062,48.59806823730469,13279917,True,False,dolma_val_loss/chinchilla_2/30M/30M_seed42_case4_dolma_epoch32_wd0.2_lr3e-4.json,train_1.2B.npy,preprocessed/dolma2-0625/resharded,,,,,OLMo-dolma-1.2B
repeat,30M_seed42_case4_dolma_epoch32_wd0.8_lr3e-4,30m,30000000,2.0,1200000000,32,,0.0003,0.8,42,3.9374511500603107,51.2877082824707,13279917,True,False,dolma_val_loss/chinchilla_2/30M/30M_seed42_case4_dolma_epoch32_wd0.8_lr3e-4.json,train_1.2B.npy,preprocessed/dolma2-0625/resharded,,,,,OLMo-dolma-1.2B
repeat,30M_seed42_case4_dolma_epoch32_wd1.6_lr3e-4,30m,30000000,2.0,1200000000,32,,0.0003,1.6,42,4.189977512778317,66.02131652832031,13279917,True,False,dolma_val_loss/chinchilla_2/30M/30M_seed42_case4_dolma_epoch32_wd1.6_lr3e-4.json,train_1.2B.npy,preprocessed/dolma2-0625/resharded,,,,,OLMo-dolma-1.2B
repeat,30M_seed42_case4_dolma_epoch32_wd0.1_lr1e-3,30m,30000000,2.0,1200000000,32,,0.001,0.1,42,3.6941249027161183,40.21036911010742,13279917,True,False,dolma_val_loss/chinchilla_2/30M/30M_seed42_case4_dolma_epoch32_wd0.1_lr1e-3.json,train_1.2B.npy,preprocessed/dolma2-0625/resharded,,,,,OLMo-dolma-1.2B
repeat,30M_seed42_case4_dolma_epoch32_wd0.2_lr1e-3,30m,30000000,2.0,1200000000,32,,0.001,0.2,42,3.7028243283151143,40.561702728271484,13279917,True,False,dolma_val_loss/chinchilla_2/30M/30M_seed42_case4_dolma_epoch32_wd0.2_lr1e-3.json,train_1.2B.npy,preprocessed/dolma2-0625/resharded,,,,,OLMo-dolma-1.2B
repeat,30M_seed42_case4_dolma_epoch32_wd0.4_lr1e-3,30m,30000000,2.0,1200000000,32,,0.001,0.4,42,3.732406414404148,41.77952575683594,13279917,True,False,dolma_val_loss/chinchilla_2/30M/30M_seed42_case4_dolma_epoch32_wd0.4_lr1e-3.json,train_1.2B.npy,preprocessed/dolma2-0625/resharded,,,,,OLMo-dolma-1.2B
repeat,30M_seed42_case4_dolma_epoch32_wd0.8_lr1e-3,30m,30000000,2.0,1200000000,32,,0.001,0.8,42,3.8176546567695038,45.49737548828125,13279917,True,False,dolma_val_loss/chinchilla_2/30M/30M_seed42_case4_dolma_epoch32_wd0.8_lr1e-3.json,train_1.2B.npy,preprocessed/dolma2-0625/resharded,,,,,OLMo-dolma-1.2B
repeat,30M_seed42_case4_dolma_epoch32_wd1.6_lr1e-3,30m,30000000,2.0,1200000000,32,,0.001,1.6,42,4.048781252942648,57.32755661010742,13279917,True,False,dolma_val_loss/chinchilla_2/30M/30M_seed42_case4_dolma_epoch32_wd1.6_lr1e-3.json,train_1.2B.npy,preprocessed/dolma2-0625/resharded,,,,,OLMo-dolma-1.2B
repeat,30M_seed42_case4_dolma_epoch32_wd0.1_lr3e-3,30m,30000000,2.0,1200000000,32,,0.003,0.1,42,3.6463284976638737,38.33366394042969,13279917,True,True,dolma_val_loss/chinchilla_2/30M/30M_seed42_case4_dolma_epoch32_wd0.1_lr3e-3.json,train_1.2B.npy,preprocessed/dolma2-0625/resharded,,,,,OLMo-dolma-1.2B
repeat,30M_seed42_case4_dolma_epoch32_wd0.2_lr3e-3,30m,30000000,2.0,1200000000,32,,0.003,0.2,42,3.667732497611572,39.163002014160156,13279917,True,False,dolma_val_loss/chinchilla_2/30M/30M_seed42_case4_dolma_epoch32_wd0.2_lr3e-3.json,train_1.2B.npy,preprocessed/dolma2-0625/resharded,,,,,OLMo-dolma-1.2B
repeat,30M_seed42_case4_dolma_epoch32_wd0.4_lr3e-3,30m,30000000,2.0,1200000000,32,,0.003,0.4,42,3.7152905201718904,41.070518493652344,13279917,True,False,dolma_val_loss/chinchilla_2/30M/30M_seed42_case4_dolma_epoch32_wd0.4_lr3e-3.json,train_1.2B.npy,preprocessed/dolma2-0625/resharded,,,,,OLMo-dolma-1.2B
repeat,30M_seed42_case4_dolma_epoch32_wd0.8_lr3e-3,30m,30000000,2.0,1200000000,32,,0.003,0.8,42,3.820287864071482,45.617340087890625,13279917,True,False,dolma_val_loss/chinchilla_2/30M/30M_seed42_case4_dolma_epoch32_wd0.8_lr3e-3.json,train_1.2B.npy,preprocessed/dolma2-0625/resharded,,,,,OLMo-dolma-1.2B
repeat,30M_seed42_case4_dolma_epoch32_wd1.6_lr3e-3,30m,30000000,2.0,1200000000,32,,0.003,1.6,42,4.071953760096096,58.67148208618164,13279917,True,False,dolma_val_loss/chinchilla_2/30M/30M_seed42_case4_dolma_epoch32_wd1.6_lr3e-3.json,train_1.2B.npy,preprocessed/dolma2-0625/resharded,,,,,OLMo-dolma-1.2B
repeat,30M_seed42_case4_dolma_epoch64_wd0.1_lr1e-4,30m,30000000,2.0,1200000000,64,,0.0001,0.1,42,4.014589703149124,55.40056610107422,13279917,True,False,dolma_val_loss/chinchilla_2/30M/30M_seed42_case4_dolma_epoch64_wd0.1_lr1e-4.json,train_1.2B.npy,preprocessed/dolma2-0625/resharded,,,,,OLMo-dolma-1.2B
repeat,30M_seed42_case4_dolma_epoch64_wd0.2_lr1e-4,30m,30000000,2.0,1200000000,64,,0.0001,0.2,42,4.010454154546862,55.17192459106445,13279917,True,False,dolma_val_loss/chinchilla_2/30M/30M_seed42_case4_dolma_epoch64_wd0.2_lr1e-4.json,train_1.2B.npy,preprocessed/dolma2-0625/resharded,,,,,OLMo-dolma-1.2B
repeat,30M_seed42_case4_dolma_epoch64_wd0.4_lr1e-4,30m,30000000,2.0,1200000000,64,,0.0001,0.4,42,4.002849713737975,54.75395202636719,13279917,True,False,dolma_val_loss/chinchilla_2/30M/30M_seed42_case4_dolma_epoch64_wd0.4_lr1e-4.json,train_1.2B.npy,preprocessed/dolma2-0625/resharded,,,,,OLMo-dolma-1.2B
repeat,30M_seed42_case4_dolma_epoch64_wd0.1_lr3e-4,30m,30000000,2.0,1200000000,64,,0.0003,0.1,42,3.754641361354494,42.718894958496094,13279917,True,False,dolma_val_loss/chinchilla_2/30M/30M_seed42_case4_dolma_epoch64_wd0.1_lr3e-4.json,train_1.2B.npy,preprocessed/dolma2-0625/resharded,,,,,OLMo-dolma-1.2B
repeat,30M_seed42_case4_dolma_epoch64_wd0.2_lr3e-4,30m,30000000,2.0,1200000000,64,,0.0003,0.2,42,3.756821411042022,42.81212615966797,13279917,True,False,dolma_val_loss/chinchilla_2/30M/30M_seed42_case4_dolma_epoch64_wd0.2_lr3e-4.json,train_1.2B.npy,preprocessed/dolma2-0625/resharded,,,,,OLMo-dolma-1.2B
repeat,30M_seed42_case4_dolma_epoch64_wd0.4_lr3e-4,30m,30000000,2.0,1200000000,64,,0.0003,0.4,42,3.7694648482619235,43.356849670410156,13279917,True,False,dolma_val_loss/chinchilla_2/30M/30M_seed42_case4_dolma_epoch64_wd0.4_lr3e-4.json,train_1.2B.npy,preprocessed/dolma2-0625/resharded,,,,,OLMo-dolma-1.2B
repeat,30M_seed42_case4_dolma_epoch64_wd0.1_lr1e-3,30m,30000000,2.0,1200000000,64,,0.001,0.1,42,3.6437041458462827,38.23319625854492,13279917,True,False,dolma_val_loss/chinchilla_2/30M/30M_seed42_case4_dolma_epoch64_wd0.1_lr1e-3.json,train_1.2B.npy,preprocessed/dolma2-0625/resharded,,,,,OLMo-dolma-1.2B
repeat,30M_seed42_case4_dolma_epoch64_wd0.2_lr1e-3,30m,30000000,2.0,1200000000,64,,0.001,0.2,42,3.659965841109808,38.86001205444336,13279917,True,False,dolma_val_loss/chinchilla_2/30M/30M_seed42_case4_dolma_epoch64_wd0.2_lr1e-3.json,train_1.2B.npy,preprocessed/dolma2-0625/resharded,,,,,OLMo-dolma-1.2B
repeat,30M_seed42_case4_dolma_epoch64_wd0.4_lr1e-3,30m,30000000,2.0,1200000000,64,,0.001,0.4,42,3.698192629915757,40.374267578125,13279917,True,False,dolma_val_loss/chinchilla_2/30M/30M_seed42_case4_dolma_epoch64_wd0.4_lr1e-3.json,train_1.2B.npy,preprocessed/dolma2-0625/resharded,,,,,OLMo-dolma-1.2B
repeat,30M_seed42_case4_dolma_epoch64_wd0.1_lr3e-3,30m,30000000,2.0,1200000000,64,,0.003,0.1,42,3.606892843483545,36.85137176513672,13279917,True,True,dolma_val_loss/chinchilla_2/30M/30M_seed42_case4_dolma_epoch64_wd0.1_lr3e-3.json,train_1.2B.npy,preprocessed/dolma2-0625/resharded,,,,,OLMo-dolma-1.2B
repeat,30M_seed42_case4_dolma_epoch64_wd0.2_lr3e-3,30m,30000000,2.0,1200000000,64,,0.003,0.2,42,3.6394500234313516,38.07089614868164,13279917,True,False,dolma_val_loss/chinchilla_2/30M/30M_seed42_case4_dolma_epoch64_wd0.2_lr3e-3.json,train_1.2B.npy,preprocessed/dolma2-0625/resharded,,,,,OLMo-dolma-1.2B
repeat,30M_seed42_case4_dolma_epoch64_wd0.4_lr3e-3,30m,30000000,2.0,1200000000,64,,0.003,0.4,42,3.7099007494738108,40.84975814819336,13279917,True,False,dolma_val_loss/chinchilla_2/30M/30M_seed42_case4_dolma_epoch64_wd0.4_lr3e-3.json,train_1.2B.npy,preprocessed/dolma2-0625/resharded,,,,,OLMo-dolma-1.2B
repeat,30M_seed42_case4_dolma_epoch64_wd1.6_lr3e-3,30m,30000000,2.0,1200000000,64,,0.003,1.6,42,4.0526625335408974,57.550472259521484,3478624,True,False,dolma_val_loss/chinchilla_2/30M/30M_seed42_case4_dolma_epoch64_wd1.6_lr3e-3.json,train_1.2B.npy,preprocessed/dolma2-0625/resharded,,,,,OLMo-dolma-1.2B
repeat,30M_seed42_case4_dolma_epoch1_wd0.1_lr1e-4,30m,30000000,4.0,2400000000,1,,0.0001,0.1,42,6.13837897052851,463.302001953125,13279917,True,False,dolma_val_loss/chinchilla_4/30M/30M_seed42_case4_dolma_epoch1_wd0.1_lr1e-4.json,train_2.4B.npy,preprocessed/dolma2-0625/resharded,,,,,OLMo-dolma-2.4B
repeat,30M_seed42_case4_dolma_epoch1_wd0.2_lr1e-4,30m,30000000,4.0,2400000000,1,,0.0001,0.2,42,6.141885500189167,464.92926025390625,13279917,True,False,dolma_val_loss/chinchilla_4/30M/30M_seed42_case4_dolma_epoch1_wd0.2_lr1e-4.json,train_2.4B.npy,preprocessed/dolma2-0625/resharded,,,,,OLMo-dolma-2.4B
repeat,30M_seed42_case4_dolma_epoch1_wd0.4_lr1e-4,30m,30000000,4.0,2400000000,1,,0.0001,0.4,42,6.151327199221789,469.33984375,13279917,True,False,dolma_val_loss/chinchilla_4/30M/30M_seed42_case4_dolma_epoch1_wd0.4_lr1e-4.json,train_2.4B.npy,preprocessed/dolma2-0625/resharded,,,,,OLMo-dolma-2.4B
repeat,30M_seed42_case4_dolma_epoch1_wd0.8_lr1e-4,30m,30000000,4.0,2400000000,1,,0.0001,0.8,42,6.169847172355256,478.1129455566406,13279917,True,False,dolma_val_loss/chinchilla_4/30M/30M_seed42_case4_dolma_epoch1_wd0.8_lr1e-4.json,train_2.4B.npy,preprocessed/dolma2-0625/resharded,,,,,OLMo-dolma-2.4B
repeat,30M_seed42_case4_dolma_epoch1_wd1.6_lr1e-4,30m,30000000,4.0,2400000000,1,,0.0001,1.6,42,6.212288797316914,498.84173583984375,13279917,True,False,dolma_val_loss/chinchilla_4/30M/30M_seed42_case4_dolma_epoch1_wd1.6_lr1e-4.json,train_2.4B.npy,preprocessed/dolma2-0625/resharded,,,,,OLMo-dolma-2.4B
repeat,30M_seed42_case4_dolma_epoch1_wd0.1_lr3e-4,30m,30000000,4.0,2400000000,1,,0.0003,0.1,42,5.324564561987544,205.31890869140625,13279917,True,False,dolma_val_loss/chinchilla_4/30M/30M_seed42_case4_dolma_epoch1_wd0.1_lr3e-4.json,train_2.4B.npy,preprocessed/dolma2-0625/resharded,,,,,OLMo-dolma-2.4B
repeat,30M_seed42_case4_dolma_epoch1_wd0.2_lr3e-4,30m,30000000,4.0,2400000000,1,,0.0003,0.2,42,5.329106687793822,206.253662109375,13279917,True,False,dolma_val_loss/chinchilla_4/30M/30M_seed42_case4_dolma_epoch1_wd0.2_lr3e-4.json,train_2.4B.npy,preprocessed/dolma2-0625/resharded,,,,,OLMo-dolma-2.4B
repeat,30M_seed42_case4_dolma_epoch1_wd0.4_lr3e-4,30m,30000000,4.0,2400000000,1,,0.0003,0.4,42,5.346508219628509,209.8741455078125,13279917,True,False,dolma_val_loss/chinchilla_4/30M/30M_seed42_case4_dolma_epoch1_wd0.4_lr3e-4.json,train_2.4B.npy,preprocessed/dolma2-0625/resharded,,,,,OLMo-dolma-2.4B
repeat,30M_seed42_case4_dolma_epoch1_wd0.8_lr3e-4,30m,30000000,4.0,2400000000,1,,0.0003,0.8,42,5.380043389646068,217.03172302246094,13279917,True,False,dolma_val_loss/chinchilla_4/30M/30M_seed42_case4_dolma_epoch1_wd0.8_lr3e-4.json,train_2.4B.npy,preprocessed/dolma2-0625/resharded,,,,,OLMo-dolma-2.4B
repeat,30M_seed42_case4_dolma_epoch1_wd1.6_lr3e-4,30m,30000000,4.0,2400000000,1,,0.0003,1.6,42,5.463722329578683,235.97413635253906,13279917,True,False,dolma_val_loss/chinchilla_4/30M/30M_seed42_case4_dolma_epoch1_wd1.6_lr3e-4.json,train_2.4B.npy,preprocessed/dolma2-0625/resharded,,,,,OLMo-dolma-2.4B
repeat,30M_seed42_case4_dolma_epoch1_wd0.1_lr1e-3,30m,30000000,4.0,2400000000,1,,0.001,0.1,42,4.436099371776006,84.4449234008789,13279917,True,False,dolma_val_loss/chinchilla_4/30M/30M_seed42_case4_dolma_epoch1_wd0.1_lr1e-3.json,train_2.4B.npy,preprocessed/dolma2-0625/resharded,,,,,OLMo-dolma-2.4B
repeat,30M_seed42_case4_dolma_epoch1_wd0.2_lr1e-3,30m,30000000,4.0,2400000000,1,,0.001,0.2,42,4.43688071306458,84.51090240478516,13279917,True,False,dolma_val_loss/chinchilla_4/30M/30M_seed42_case4_dolma_epoch1_wd0.2_lr1e-3.json,train_2.4B.npy,preprocessed/dolma2-0625/resharded,,,,,OLMo-dolma-2.4B
repeat,30M_seed42_case4_dolma_epoch1_wd0.4_lr1e-3,30m,30000000,4.0,2400000000,1,,0.001,0.4,42,4.46939230792244,87.30364990234375,13279917,True,False,dolma_val_loss/chinchilla_4/30M/30M_seed42_case4_dolma_epoch1_wd0.4_lr1e-3.json,train_2.4B.npy,preprocessed/dolma2-0625/resharded,,,,,OLMo-dolma-2.4B
repeat,30M_seed42_case4_dolma_epoch1_wd0.8_lr1e-3,30m,30000000,4.0,2400000000,1,,0.001,0.8,42,4.536408561205499,93.35490417480469,13279917,True,False,dolma_val_loss/chinchilla_4/30M/30M_seed42_case4_dolma_epoch1_wd0.8_lr1e-3.json,train_2.4B.npy,preprocessed/dolma2-0625/resharded,,,,,OLMo-dolma-2.4B
repeat,30M_seed42_case4_dolma_epoch1_wd1.6_lr1e-3,30m,30000000,4.0,2400000000,1,,0.001,1.6,42,4.738552676727596,114.26868438720703,13279917,True,False,dolma_val_loss/chinchilla_4/30M/30M_seed42_case4_dolma_epoch1_wd1.6_lr1e-3.json,train_2.4B.npy,preprocessed/dolma2-0625/resharded,,,,,OLMo-dolma-2.4B
repeat,30M_seed42_case4_dolma_epoch1_wd0.1_lr3e-3,30m,30000000,4.0,2400000000,1,,0.003,0.1,42,4.186622725112264,65.80018615722656,13279917,True,False,dolma_val_loss/chinchilla_4/30M/30M_seed42_case4_dolma_epoch1_wd0.1_lr3e-3.json,train_2.4B.npy,preprocessed/dolma2-0625/resharded,,,,,OLMo-dolma-2.4B
repeat,30M_seed42_case4_dolma_epoch1_wd0.2_lr3e-3,30m,30000000,4.0,2400000000,1,,0.003,0.2,42,4.133721954293959,62.40977096557617,13279917,True,True,dolma_val_loss/chinchilla_4/30M/30M_seed42_case4_dolma_epoch1_wd0.2_lr3e-3.json,train_2.4B.npy,preprocessed/dolma2-0625/resharded,,,,,OLMo-dolma-2.4B
repeat,30M_seed42_case4_dolma_epoch1_wd0.4_lr3e-3,30m,30000000,4.0,2400000000,1,,0.003,0.4,42,4.22327374182878,68.25657653808594,13279917,True,False,dolma_val_loss/chinchilla_4/30M/30M_seed42_case4_dolma_epoch1_wd0.4_lr3e-3.json,train_2.4B.npy,preprocessed/dolma2-0625/resharded,,,,,OLMo-dolma-2.4B
repeat,30M_seed42_case4_dolma_epoch1_wd0.8_lr3e-3,30m,30000000,4.0,2400000000,1,,0.003,0.8,42,4.33112678811888,76.02989959716797,13279917,True,False,dolma_val_loss/chinchilla_4/30M/30M_seed42_case4_dolma_epoch1_wd0.8_lr3e-3.json,train_2.4B.npy,preprocessed/dolma2-0625/resharded,,,,,OLMo-dolma-2.4B
repeat,30M_seed42_case4_dolma_epoch1_wd1.6_lr3e-3,30m,30000000,4.0,2400000000,1,,0.003,1.6,42,4.507357037816012,90.68183898925781,13279917,True,False,dolma_val_loss/chinchilla_4/30M/30M_seed42_case4_dolma_epoch1_wd1.6_lr3e-3.json,train_2.4B.npy,preprocessed/dolma2-0625/resharded,,,,,OLMo-dolma-2.4B
repeat,30M_seed42_case4_dolma_epoch4_wd0.8_lr1e-4,30m,30000000,4.0,2400000000,4,,0.0001,0.8,42,4.9699747129663825,144.02322387695312,3478624,True,False,dolma_val_loss/chinchilla_4/30M/30M_seed42_case4_dolma_epoch4_wd0.8_lr1e-4.json,train_2.4B.npy,preprocessed/dolma2-0625/resharded,,,,,OLMo-dolma-2.4B
repeat,30M_seed42_case4_dolma_epoch4_wd1.6_lr1e-4,30m,30000000,4.0,2400000000,4,,0.0001,1.6,42,5.057016547033037,157.12103271484375,3478624,True,False,dolma_val_loss/chinchilla_4/30M/30M_seed42_case4_dolma_epoch4_wd1.6_lr1e-4.json,train_2.4B.npy,preprocessed/dolma2-0625/resharded,,,,,OLMo-dolma-2.4B
repeat,30M_seed42_case4_dolma_epoch4_wd0.1_lr3e-4,30m,30000000,4.0,2400000000,4,,0.0003,0.1,42,4.50043364021437,90.05615997314453,13279917,True,False,dolma_val_loss/chinchilla_4/30M/30M_seed42_case4_dolma_epoch4_wd0.1_lr3e-4.json,train_2.4B.npy,preprocessed/dolma2-0625/resharded,,,,,OLMo-dolma-2.4B
repeat,30M_seed42_case4_dolma_epoch4_wd0.2_lr3e-4,30m,30000000,4.0,2400000000,4,,0.0003,0.2,42,4.513873673489215,91.27469635009766,13279917,True,False,dolma_val_loss/chinchilla_4/30M/30M_seed42_case4_dolma_epoch4_wd0.2_lr3e-4.json,train_2.4B.npy,preprocessed/dolma2-0625/resharded,,,,,OLMo-dolma-2.4B
repeat,30M_seed42_case4_dolma_epoch4_wd0.8_lr3e-4,30m,30000000,4.0,2400000000,4,,0.0003,0.8,42,4.328926668524434,75.86280822753906,3478624,True,False,dolma_val_loss/chinchilla_4/30M/30M_seed42_case4_dolma_epoch4_wd0.8_lr3e-4.json,train_2.4B.npy,preprocessed/dolma2-0625/resharded,,,,,OLMo-dolma-2.4B
repeat,30M_seed42_case4_dolma_epoch4_wd1.6_lr3e-4,30m,30000000,4.0,2400000000,4,,0.0003,1.6,42,4.517324793055521,91.59025573730469,3478624,True,False,dolma_val_loss/chinchilla_4/30M/30M_seed42_case4_dolma_epoch4_wd1.6_lr3e-4.json,train_2.4B.npy,preprocessed/dolma2-0625/resharded,,,,,OLMo-dolma-2.4B
repeat,30M_seed42_case4_dolma_epoch4_wd0.1_lr1e-3,30m,30000000,4.0,2400000000,4,,0.001,0.1,42,4.044208404420468,57.066001892089844,13279917,True,False,dolma_val_loss/chinchilla_4/30M/30M_seed42_case4_dolma_epoch4_wd0.1_lr1e-3.json,train_2.4B.npy,preprocessed/dolma2-0625/resharded,,,,,OLMo-dolma-2.4B
repeat,30M_seed42_case4_dolma_epoch4_wd0.4_lr1e-3,30m,30000000,4.0,2400000000,4,,0.001,0.4,42,3.913595324072239,50.07868194580078,3478624,True,False,dolma_val_loss/chinchilla_4/30M/30M_seed42_case4_dolma_epoch4_wd0.4_lr1e-3.json,train_2.4B.npy,preprocessed/dolma2-0625/resharded,,,,,OLMo-dolma-2.4B
repeat,30M_seed42_case4_dolma_epoch4_wd0.8_lr1e-3,30m,30000000,4.0,2400000000,4,,0.001,0.8,42,3.9719286193850465,53.086814880371094,3478624,True,False,dolma_val_loss/chinchilla_4/30M/30M_seed42_case4_dolma_epoch4_wd0.8_lr1e-3.json,train_2.4B.npy,preprocessed/dolma2-0625/resharded,,,,,OLMo-dolma-2.4B
repeat,30M_seed42_case4_dolma_epoch4_wd1.6_lr1e-3,30m,30000000,4.0,2400000000,4,,0.001,1.6,42,4.220578709870043,68.07286834716797,3478624,True,False,dolma_val_loss/chinchilla_4/30M/30M_seed42_case4_dolma_epoch4_wd1.6_lr1e-3.json,train_2.4B.npy,preprocessed/dolma2-0625/resharded,,,,,OLMo-dolma-2.4B
repeat,30M_seed42_case4_dolma_epoch4_wd0.1_lr3e-3,30m,30000000,4.0,2400000000,4,,0.003,0.1,42,3.885791954884712,48.705501556396484,13279917,True,False,dolma_val_loss/chinchilla_4/30M/30M_seed42_case4_dolma_epoch4_wd0.1_lr3e-3.json,train_2.4B.npy,preprocessed/dolma2-0625/resharded,,,,,OLMo-dolma-2.4B
repeat,30M_seed42_case4_dolma_epoch4_wd0.4_lr3e-3,30m,30000000,4.0,2400000000,4,,0.003,0.4,42,3.785067366469382,44.03863525390625,3478624,True,True,dolma_val_loss/chinchilla_4/30M/30M_seed42_case4_dolma_epoch4_wd0.4_lr3e-3.json,train_2.4B.npy,preprocessed/dolma2-0625/resharded,,,,,OLMo-dolma-2.4B
repeat,30M_seed42_case4_dolma_epoch4_wd0.8_lr3e-3,30m,30000000,4.0,2400000000,4,,0.003,0.8,42,3.9074864381765964,49.773685455322266,3478624,True,False,dolma_val_loss/chinchilla_4/30M/30M_seed42_case4_dolma_epoch4_wd0.8_lr3e-3.json,train_2.4B.npy,preprocessed/dolma2-0625/resharded,,,,,OLMo-dolma-2.4B
repeat,30M_seed42_case4_dolma_epoch4_wd1.6_lr3e-3,30m,30000000,4.0,2400000000,4,,0.003,1.6,42,4.170213835443402,64.72928619384766,3478624,True,False,dolma_val_loss/chinchilla_4/30M/30M_seed42_case4_dolma_epoch4_wd1.6_lr3e-3.json,train_2.4B.npy,preprocessed/dolma2-0625/resharded,,,,,OLMo-dolma-2.4B
repeat,30M_seed42_case4_dolma_epoch8_wd0.1_lr1e-4,30m,30000000,4.0,2400000000,8,,0.0001,0.1,42,4.460077955752045,86.49423217773438,3478624,True,False,dolma_val_loss/chinchilla_4/30M/30M_seed42_case4_dolma_epoch8_wd0.1_lr1e-4.json,train_2.4B.npy,preprocessed/dolma2-0625/resharded,,,,,OLMo-dolma-2.4B
repeat,30M_seed42_case4_dolma_epoch8_wd0.2_lr1e-4,30m,30000000,4.0,2400000000,8,,0.0001,0.2,42,4.466038927109496,87.01136016845703,3478624,True,False,dolma_val_loss/chinchilla_4/30M/30M_seed42_case4_dolma_epoch8_wd0.2_lr1e-4.json,train_2.4B.npy,preprocessed/dolma2-0625/resharded,,,,,OLMo-dolma-2.4B
repeat,30M_seed42_case4_dolma_epoch8_wd0.8_lr1e-4,30m,30000000,4.0,2400000000,8,,0.0001,0.8,42,4.516426138080544,91.50797271728516,3478624,True,False,dolma_val_loss/chinchilla_4/30M/30M_seed42_case4_dolma_epoch8_wd0.8_lr1e-4.json,train_2.4B.npy,preprocessed/dolma2-0625/resharded,,,,,OLMo-dolma-2.4B
repeat,30M_seed42_case4_dolma_epoch8_wd1.6_lr1e-4,30m,30000000,4.0,2400000000,8,,0.0001,1.6,42,4.643040595150733,103.85967254638672,3478624,True,False,dolma_val_loss/chinchilla_4/30M/30M_seed42_case4_dolma_epoch8_wd1.6_lr1e-4.json,train_2.4B.npy,preprocessed/dolma2-0625/resharded,,,,,OLMo-dolma-2.4B
repeat,30M_seed42_case4_dolma_epoch8_wd0.2_lr3e-4,30m,30000000,4.0,2400000000,8,,0.0003,0.2,42,4.02001821924708,55.70211410522461,3478624,True,False,dolma_val_loss/chinchilla_4/30M/30M_seed42_case4_dolma_epoch8_wd0.2_lr3e-4.json,train_2.4B.npy,preprocessed/dolma2-0625/resharded,,,,,OLMo-dolma-2.4B
repeat,30M_seed42_case4_dolma_epoch8_wd0.8_lr3e-4,30m,30000000,4.0,2400000000,8,,0.0003,0.8,42,4.078273280332522,59.04343032836914,3478624,True,False,dolma_val_loss/chinchilla_4/30M/30M_seed42_case4_dolma_epoch8_wd0.8_lr3e-4.json,train_2.4B.npy,preprocessed/dolma2-0625/resharded,,,,,OLMo-dolma-2.4B
repeat,30M_seed42_case4_dolma_epoch8_wd1.6_lr3e-4,30m,30000000,4.0,2400000000,8,,0.0003,1.6,42,4.2974989820333995,73.51571655273438,3478624,True,False,dolma_val_loss/chinchilla_4/30M/30M_seed42_case4_dolma_epoch8_wd1.6_lr3e-4.json,train_2.4B.npy,preprocessed/dolma2-0625/resharded,,,,,OLMo-dolma-2.4B
repeat,30M_seed42_case4_dolma_epoch8_wd0.1_lr1e-3,30m,30000000,4.0,2400000000,8,,0.001,0.1,42,3.750594976971318,42.54639434814453,3478624,True,False,dolma_val_loss/chinchilla_4/30M/30M_seed42_case4_dolma_epoch8_wd0.1_lr1e-3.json,train_2.4B.npy,preprocessed/dolma2-0625/resharded,,,,,OLMo-dolma-2.4B
repeat,30M_seed42_case4_dolma_epoch8_wd0.2_lr1e-3,30m,30000000,4.0,2400000000,8,,0.001,0.2,42,3.7629901978943847,43.07704544067383,3478624,True,False,dolma_val_loss/chinchilla_4/30M/30M_seed42_case4_dolma_epoch8_wd0.2_lr1e-3.json,train_2.4B.npy,preprocessed/dolma2-0625/resharded,,,,,OLMo-dolma-2.4B
repeat,30M_seed42_case4_dolma_epoch8_wd0.8_lr1e-3,30m,30000000,4.0,2400000000,8,,0.001,0.8,42,3.8497666113982407,46.98208999633789,3478624,True,False,dolma_val_loss/chinchilla_4/30M/30M_seed42_case4_dolma_epoch8_wd0.8_lr1e-3.json,train_2.4B.npy,preprocessed/dolma2-0625/resharded,,,,,OLMo-dolma-2.4B
repeat,30M_seed42_case4_dolma_epoch8_wd1.6_lr1e-3,30m,30000000,4.0,2400000000,8,,0.001,1.6,42,4.0836138921574126,59.35960006713867,3478624,True,False,dolma_val_loss/chinchilla_4/30M/30M_seed42_case4_dolma_epoch8_wd1.6_lr1e-3.json,train_2.4B.npy,preprocessed/dolma2-0625/resharded,,,,,OLMo-dolma-2.4B
repeat,30M_seed42_case4_dolma_epoch8_wd0.1_lr3e-3,30m,30000000,4.0,2400000000,8,,0.003,0.1,42,3.658977303224255,38.821617126464844,3478624,True,True,dolma_val_loss/chinchilla_4/30M/30M_seed42_case4_dolma_epoch8_wd0.1_lr3e-3.json,train_2.4B.npy,preprocessed/dolma2-0625/resharded,,,,,OLMo-dolma-2.4B
repeat,30M_seed42_case4_dolma_epoch8_wd0.4_lr3e-3,30m,30000000,4.0,2400000000,8,,0.003,0.4,42,3.7184862788508473,41.20198059082031,3478624,True,False,dolma_val_loss/chinchilla_4/30M/30M_seed42_case4_dolma_epoch8_wd0.4_lr3e-3.json,train_2.4B.npy,preprocessed/dolma2-0625/resharded,,,,,OLMo-dolma-2.4B
repeat,30M_seed42_case4_dolma_epoch8_wd0.8_lr3e-3,30m,30000000,4.0,2400000000,8,,0.003,0.8,42,3.8228125032452667,45.7326545715332,3478624,True,False,dolma_val_loss/chinchilla_4/30M/30M_seed42_case4_dolma_epoch8_wd0.8_lr3e-3.json,train_2.4B.npy,preprocessed/dolma2-0625/resharded,,,,,OLMo-dolma-2.4B
repeat,30M_seed42_case4_dolma_epoch8_wd1.6_lr3e-3,30m,30000000,4.0,2400000000,8,,0.003,1.6,42,4.127835549149943,62.04349899291992,3478624,True,False,dolma_val_loss/chinchilla_4/30M/30M_seed42_case4_dolma_epoch8_wd1.6_lr3e-3.json,train_2.4B.npy,preprocessed/dolma2-0625/resharded,,,,,OLMo-dolma-2.4B
repeat,30M_seed42_case4_dolma_epoch16_wd0.1_lr1e-4,30m,30000000,4.0,2400000000,16,,0.0001,0.1,42,4.173707200707382,64.95579528808594,3478624,True,False,dolma_val_loss/chinchilla_4/30M/30M_seed42_case4_dolma_epoch16_wd0.1_lr1e-4.json,train_2.4B.npy,preprocessed/dolma2-0625/resharded,,,,,OLMo-dolma-2.4B
repeat,30M_seed42_case4_dolma_epoch16_wd0.4_lr1e-4,30m,30000000,4.0,2400000000,16,,0.0001,0.4,42,4.177011338009476,65.1707992553711,3478624,True,False,dolma_val_loss/chinchilla_4/30M/30M_seed42_case4_dolma_epoch16_wd0.4_lr1e-4.json,train_2.4B.npy,preprocessed/dolma2-0625/resharded,,,,,OLMo-dolma-2.4B
repeat,30M_seed42_case4_dolma_epoch16_wd0.8_lr1e-4,30m,30000000,4.0,2400000000,16,,0.0001,0.8,42,4.2144088856006485,67.65415954589844,3478624,True,False,dolma_val_loss/chinchilla_4/30M/30M_seed42_case4_dolma_epoch16_wd0.8_lr1e-4.json,train_2.4B.npy,preprocessed/dolma2-0625/resharded,,,,,OLMo-dolma-2.4B
repeat,30M_seed42_case4_dolma_epoch16_wd1.6_lr1e-4,30m,30000000,4.0,2400000000,16,,0.0001,1.6,42,4.448104000199459,85.4647445678711,3478624,True,False,dolma_val_loss/chinchilla_4/30M/30M_seed42_case4_dolma_epoch16_wd1.6_lr1e-4.json,train_2.4B.npy,preprocessed/dolma2-0625/resharded,,,,,OLMo-dolma-2.4B
repeat,30M_seed42_case4_dolma_epoch16_wd0.2_lr3e-4,30m,30000000,4.0,2400000000,16,,0.0003,0.2,42,3.8582436330164467,47.38206100463867,3478624,True,False,dolma_val_loss/chinchilla_4/30M/30M_seed42_case4_dolma_epoch16_wd0.2_lr3e-4.json,train_2.4B.npy,preprocessed/dolma2-0625/resharded,,,,,OLMo-dolma-2.4B
repeat,30M_seed42_case4_dolma_epoch16_wd0.4_lr3e-4,30m,30000000,4.0,2400000000,16,,0.0003,0.4,42,3.855309243880222,47.24322509765625,3478624,True,False,dolma_val_loss/chinchilla_4/30M/30M_seed42_case4_dolma_epoch16_wd0.4_lr3e-4.json,train_2.4B.npy,preprocessed/dolma2-0625/resharded,,,,,OLMo-dolma-2.4B
repeat,30M_seed42_case4_dolma_epoch16_wd1.6_lr3e-4,30m,30000000,4.0,2400000000,16,,0.0003,1.6,42,4.165039876974905,64.39525604248047,3478624,True,False,dolma_val_loss/chinchilla_4/30M/30M_seed42_case4_dolma_epoch16_wd1.6_lr3e-4.json,train_2.4B.npy,preprocessed/dolma2-0625/resharded,,,,,OLMo-dolma-2.4B
repeat,30M_seed42_case4_dolma_epoch16_wd0.1_lr1e-3,30m,30000000,4.0,2400000000,16,,0.001,0.1,42,3.6553214143180024,38.67995071411133,3478624,True,False,dolma_val_loss/chinchilla_4/30M/30M_seed42_case4_dolma_epoch16_wd0.1_lr1e-3.json,train_2.4B.npy,preprocessed/dolma2-0625/resharded,,,,,OLMo-dolma-2.4B
repeat,30M_seed42_case4_dolma_epoch16_wd0.2_lr1e-3,30m,30000000,4.0,2400000000,16,,0.001,0.2,42,3.6702154125279,39.26036071777344,3478624,True,False,dolma_val_loss/chinchilla_4/30M/30M_seed42_case4_dolma_epoch16_wd0.2_lr1e-3.json,train_2.4B.npy,preprocessed/dolma2-0625/resharded,,,,,OLMo-dolma-2.4B
repeat,30M_seed42_case4_dolma_epoch16_wd0.8_lr1e-3,30m,30000000,4.0,2400000000,16,,0.001,0.8,42,3.7969526849744053,44.5651741027832,3478624,True,False,dolma_val_loss/chinchilla_4/30M/30M_seed42_case4_dolma_epoch16_wd0.8_lr1e-3.json,train_2.4B.npy,preprocessed/dolma2-0625/resharded,,,,,OLMo-dolma-2.4B
repeat,30M_seed42_case4_dolma_epoch16_wd0.2_lr3e-3,30m,30000000,4.0,2400000000,16,,0.003,0.2,42,3.6304150426544712,37.72846984863281,3478624,True,True,dolma_val_loss/chinchilla_4/30M/30M_seed42_case4_dolma_epoch16_wd0.2_lr3e-3.json,train_2.4B.npy,preprocessed/dolma2-0625/resharded,,,,,OLMo-dolma-2.4B
repeat,30M_seed42_case4_dolma_epoch16_wd0.4_lr3e-3,30m,30000000,4.0,2400000000,16,,0.003,0.4,42,3.6934319669972013,40.18251037597656,3478624,True,False,dolma_val_loss/chinchilla_4/30M/30M_seed42_case4_dolma_epoch16_wd0.4_lr3e-3.json,train_2.4B.npy,preprocessed/dolma2-0625/resharded,,,,,OLMo-dolma-2.4B
repeat,30M_seed42_case4_dolma_epoch16_wd0.8_lr3e-3,30m,30000000,4.0,2400000000,16,,0.003,0.8,42,3.8146320662947253,45.360069274902344,3478624,True,False,dolma_val_loss/chinchilla_4/30M/30M_seed42_case4_dolma_epoch16_wd0.8_lr3e-3.json,train_2.4B.npy,preprocessed/dolma2-0625/resharded,,,,,OLMo-dolma-2.4B
repeat,30M_seed42_case4_dolma_epoch16_wd1.6_lr3e-3,30m,30000000,4.0,2400000000,16,,0.003,1.6,42,4.034448700244537,56.51175308227539,3478624,True,False,dolma_val_loss/chinchilla_4/30M/30M_seed42_case4_dolma_epoch16_wd1.6_lr3e-3.json,train_2.4B.npy,preprocessed/dolma2-0625/resharded,,,,,OLMo-dolma-2.4B
repeat,30M_seed42_case4_dolma_epoch32_wd0.1_lr1e-3,30m,30000000,4.0,2400000000,32,,0.001,0.1,42,3.6000202681501183,36.59897232055664,3478624,True,False,dolma_val_loss/chinchilla_4/30M/30M_seed42_case4_dolma_epoch32_wd0.1_lr1e-3.json,train_2.4B.npy,preprocessed/dolma2-0625/resharded,,,,,OLMo-dolma-2.4B
repeat,30M_seed42_case4_dolma_epoch32_wd0.1_lr3e-3,30m,30000000,4.0,2400000000,32,,0.003,0.1,42,3.5732011187346004,35.630470275878906,3478624,True,True,dolma_val_loss/chinchilla_4/30M/30M_seed42_case4_dolma_epoch32_wd0.1_lr3e-3.json,train_2.4B.npy,preprocessed/dolma2-0625/resharded,,,,,OLMo-dolma-2.4B
repeat,30M_seed42_case4_dolma_epoch1_wd0.1_lr3e-3,30m,30000000,8.0,4800000000,1,,0.003,0.1,42,3.8763510591844064,48.24784469604492,3478624,True,True,dolma_val_loss/chinchilla_8/30M/30M_seed42_case4_dolma_epoch1_wd0.1_lr3e-3.json,train_4.8B.npy,preprocessed/dolma2-0625/resharded,,,,,OLMo-dolma-4.8B
repeat,30M_seed42_case4_dolma_epoch2_wd0.1_lr3e-3,30m,30000000,8.0,4800000000,2,,0.003,0.1,42,3.7343364134003894,41.86023712158203,3478624,True,True,dolma_val_loss/chinchilla_8/30M/30M_seed42_case4_dolma_epoch2_wd0.1_lr3e-3.json,train_4.8B.npy,preprocessed/dolma2-0625/resharded,,,,,OLMo-dolma-4.8B
repeat,30M_seed42_case4_dolma_epoch4_wd0.1_lr3e-3,30m,30000000,8.0,4800000000,4,,0.003,0.1,42,3.6493486804831092,38.449615478515625,3478624,True,True,dolma_val_loss/chinchilla_8/30M/30M_seed42_case4_dolma_epoch4_wd0.1_lr3e-3.json,train_4.8B.npy,preprocessed/dolma2-0625/resharded,,,,,OLMo-dolma-4.8B
repeat,30M_seed42_case4_dolma_epoch8_wd0.1_lr3e-3,30m,30000000,8.0,4800000000,8,,0.003,0.1,42,3.599489412391345,36.57955551147461,3478624,True,True,dolma_val_loss/chinchilla_8/30M/30M_seed42_case4_dolma_epoch8_wd0.1_lr3e-3.json,train_4.8B.npy,preprocessed/dolma2-0625/resharded,,,,,OLMo-dolma-4.8B
repeat,30M_seed42_case4_dolma_epoch16_wd0.1_lr3e-3,30m,30000000,8.0,4800000000,16,,0.003,0.1,42,3.5642186644496054,35.31185531616211,3478624,True,True,dolma_val_loss/chinchilla_8/30M/30M_seed42_case4_dolma_epoch16_wd0.1_lr3e-3.json,train_4.8B.npy,preprocessed/dolma2-0625/resharded,,,,,OLMo-dolma-4.8B
repeat,30M_seed42_case4_dolma_epoch1_wd0.1_lr3e-3,30m,30000000,16.0,9600000000,1,,0.003,0.1,42,3.7454061608803735,42.326194763183594,3478624,True,True,dolma_val_loss/chinchilla_16/30M/30M_seed42_case4_dolma_epoch1_wd0.1_lr3e-3.json,train_9.6B.npy,preprocessed/dolma2-0625/resharded,,,,,OLMo-dolma-9.6B
repeat,30M_seed42_case4_dolma_epoch2_wd0.1_lr3e-3,30m,30000000,16.0,9600000000,2,,0.003,0.1,42,3.6549170865163974,38.664310455322266,3478624,True,True,dolma_val_loss/chinchilla_16/30M/30M_seed42_case4_dolma_epoch2_wd0.1_lr3e-3.json,train_9.6B.npy,preprocessed/dolma2-0625/resharded,,,,,OLMo-dolma-9.6B
repeat,30M_seed42_case4_dolma_epoch4_wd0.1_lr3e-3,30m,30000000,16.0,9600000000,4,,0.003,0.1,42,3.59255709598083,36.32685089111328,3478624,True,True,dolma_val_loss/chinchilla_16/30M/30M_seed42_case4_dolma_epoch4_wd0.1_lr3e-3.json,train_9.6B.npy,preprocessed/dolma2-0625/resharded,,,,,OLMo-dolma-9.6B
repeat,30M_seed42_case4_dolma_epoch8_wd0.1_lr3e-3,30m,30000000,16.0,9600000000,8,,0.003,0.1,42,3.5629263801746305,35.2662467956543,3478624,True,True,dolma_val_loss/chinchilla_16/30M/30M_seed42_case4_dolma_epoch8_wd0.1_lr3e-3.json,train_9.6B.npy,preprocessed/dolma2-0625/resharded,,,,,OLMo-dolma-9.6B
repeat,30M_seed42_case4_dolma_epoch16_wd0.1_lr3e-3,30m,30000000,16.0,9600000000,16,,0.003,0.1,42,3.545732401298718,34.665069580078125,3478624,True,True,dolma_val_loss/chinchilla_16/30M/30M_seed42_case4_dolma_epoch16_wd0.1_lr3e-3.json,train_9.6B.npy,preprocessed/dolma2-0625/resharded,,,,,OLMo-dolma-9.6B
repeat,60M_seed42_case4_dolma_epoch1_wd0.1_lr1e-3,60m,60000000,0.05,60000000,1,,0.001,0.1,42,8.067157289908083,3188.02783203125,3478624,True,True,dolma_val_loss/chinchilla_0.05/60M/60M_seed42_case4_dolma_epoch1_wd0.1_lr1e-3.json,train_0.06B.npy,preprocessed/dolma2-0625/resharded,,,,,OLMo-dolma-0.06B
repeat,60M_seed42_case4_dolma_epoch2_wd0.1_lr1e-3,60m,60000000,0.05,60000000,2,,0.001,0.1,42,7.431173623126334,1687.78759765625,3478624,True,True,dolma_val_loss/chinchilla_0.05/60M/60M_seed42_case4_dolma_epoch2_wd0.1_lr1e-3.json,train_0.06B.npy,preprocessed/dolma2-0625/resharded,,,,,OLMo-dolma-0.06B
repeat,60M_seed42_case4_dolma_epoch4_wd0.1_lr1e-4,60m,60000000,0.05,60000000,4,,0.0001,0.1,42,8.607965989294321,5475.103515625,3478624,True,False,dolma_val_loss/chinchilla_0.05/60M/60M_seed42_case4_dolma_epoch4_wd0.1_lr1e-4.json,train_0.06B.npy,preprocessed/dolma2-0625/resharded,,,,,OLMo-dolma-0.06B
repeat,60M_seed42_case4_dolma_epoch4_wd0.2_lr1e-4,60m,60000000,0.05,60000000,4,,0.0001,0.2,42,8.609962604517126,5486.04296875,3478624,True,False,dolma_val_loss/chinchilla_0.05/60M/60M_seed42_case4_dolma_epoch4_wd0.2_lr1e-4.json,train_0.06B.npy,preprocessed/dolma2-0625/resharded,,,,,OLMo-dolma-0.06B
repeat,60M_seed42_case4_dolma_epoch4_wd0.4_lr1e-4,60m,60000000,0.05,60000000,4,,0.0001,0.4,42,8.613964731092084,5508.044921875,3478624,True,False,dolma_val_loss/chinchilla_0.05/60M/60M_seed42_case4_dolma_epoch4_wd0.4_lr1e-4.json,train_0.06B.npy,preprocessed/dolma2-0625/resharded,,,,,OLMo-dolma-0.06B
repeat,60M_seed42_case4_dolma_epoch4_wd0.8_lr1e-4,60m,60000000,0.05,60000000,4,,0.0001,0.8,42,8.621821397879996,5551.48876953125,3478624,True,False,dolma_val_loss/chinchilla_0.05/60M/60M_seed42_case4_dolma_epoch4_wd0.8_lr1e-4.json,train_0.06B.npy,preprocessed/dolma2-0625/resharded,,,,,OLMo-dolma-0.06B
repeat,60M_seed42_case4_dolma_epoch4_wd0.1_lr3e-4,60m,60000000,0.05,60000000,4,,0.0003,0.1,42,7.217555477137386,1363.15283203125,3478624,True,False,dolma_val_loss/chinchilla_0.05/60M/60M_seed42_case4_dolma_epoch4_wd0.1_lr3e-4.json,train_0.06B.npy,preprocessed/dolma2-0625/resharded,,,,,OLMo-dolma-0.06B
repeat,60M_seed42_case4_dolma_epoch4_wd0.2_lr3e-4,60m,60000000,0.05,60000000,4,,0.0003,0.2,42,7.223549329980224,1371.347900390625,3478624,True,False,dolma_val_loss/chinchilla_0.05/60M/60M_seed42_case4_dolma_epoch4_wd0.2_lr3e-4.json,train_0.06B.npy,preprocessed/dolma2-0625/resharded,,,,,OLMo-dolma-0.06B
repeat,60M_seed42_case4_dolma_epoch4_wd0.4_lr3e-4,60m,60000000,0.05,60000000,4,,0.0003,0.4,42,7.231827817427326,1382.7474365234375,3478624,True,False,dolma_val_loss/chinchilla_0.05/60M/60M_seed42_case4_dolma_epoch4_wd0.4_lr3e-4.json,train_0.06B.npy,preprocessed/dolma2-0625/resharded,,,,,OLMo-dolma-0.06B
repeat,60M_seed42_case4_dolma_epoch4_wd0.8_lr3e-4,60m,60000000,0.05,60000000,4,,0.0003,0.8,42,7.238992043969379,1392.689697265625,3478624,True,False,dolma_val_loss/chinchilla_0.05/60M/60M_seed42_case4_dolma_epoch4_wd0.8_lr3e-4.json,train_0.06B.npy,preprocessed/dolma2-0625/resharded,,,,,OLMo-dolma-0.06B
repeat,60M_seed42_case4_dolma_epoch4_wd0.1_lr1e-3,60m,60000000,0.05,60000000,4,,0.001,0.1,42,6.738832220200879,844.5736694335938,3478624,True,False,dolma_val_loss/chinchilla_0.05/60M/60M_seed42_case4_dolma_epoch4_wd0.1_lr1e-3.json,train_0.06B.npy,preprocessed/dolma2-0625/resharded,,,,,OLMo-dolma-0.06B
repeat,60M_seed42_case4_dolma_epoch4_wd0.2_lr1e-3,60m,60000000,0.05,60000000,4,,0.001,0.2,42,6.720007946209479,828.8240356445312,3478624,True,True,dolma_val_loss/chinchilla_0.05/60M/60M_seed42_case4_dolma_epoch4_wd0.2_lr1e-3.json,train_0.06B.npy,preprocessed/dolma2-0625/resharded,,,,,OLMo-dolma-0.06B
repeat,60M_seed42_case4_dolma_epoch4_wd0.4_lr1e-3,60m,60000000,0.05,60000000,4,,0.001,0.4,42,6.722060678297071,830.5272216796875,3478624,True,False,dolma_val_loss/chinchilla_0.05/60M/60M_seed42_case4_dolma_epoch4_wd0.4_lr1e-3.json,train_0.06B.npy,preprocessed/dolma2-0625/resharded,,,,,OLMo-dolma-0.06B
repeat,60M_seed42_case4_dolma_epoch4_wd0.1_lr3e-3,60m,60000000,0.05,60000000,4,,0.003,0.1,42,7.077257137089263,1184.714599609375,3478624,True,False,dolma_val_loss/chinchilla_0.05/60M/60M_seed42_case4_dolma_epoch4_wd0.1_lr3e-3.json,train_0.06B.npy,preprocessed/dolma2-0625/resharded,,,,,OLMo-dolma-0.06B
repeat,60M_seed42_case4_dolma_epoch4_wd0.2_lr3e-3,60m,60000000,0.05,60000000,4,,0.003,0.2,42,6.976642935871294,1071.3160400390625,3478624,True,False,dolma_val_loss/chinchilla_0.05/60M/60M_seed42_case4_dolma_epoch4_wd0.2_lr3e-3.json,train_0.06B.npy,preprocessed/dolma2-0625/resharded,,,,,OLMo-dolma-0.06B
repeat,60M_seed42_case4_dolma_epoch4_wd0.4_lr3e-3,60m,60000000,0.05,60000000,4,,0.003,0.4,42,6.962411575494946,1056.1773681640625,3478624,True,False,dolma_val_loss/chinchilla_0.05/60M/60M_seed42_case4_dolma_epoch4_wd0.4_lr3e-3.json,train_0.06B.npy,preprocessed/dolma2-0625/resharded,,,,,OLMo-dolma-0.06B
repeat,60M_seed42_case4_dolma_epoch8_wd0.1_lr1e-3,60m,60000000,0.05,60000000,8,,0.001,0.1,42,5.977029988804032,394.267578125,3478624,True,True,dolma_val_loss/chinchilla_0.05/60M/60M_seed42_case4_dolma_epoch8_wd0.1_lr1e-3.json,train_0.06B.npy,preprocessed/dolma2-0625/resharded,,,,,OLMo-dolma-0.06B
repeat,60M_seed42_case4_dolma_epoch16_wd0.1_lr1e-4,60m,60000000,0.05,60000000,16,,0.0001,0.1,42,6.544931763097321,695.7092895507812,3478624,True,False,dolma_val_loss/chinchilla_0.05/60M/60M_seed42_case4_dolma_epoch16_wd0.1_lr1e-4.json,train_0.06B.npy,preprocessed/dolma2-0625/resharded,,,,,OLMo-dolma-0.06B
repeat,60M_seed42_case4_dolma_epoch16_wd0.2_lr1e-4,60m,60000000,0.05,60000000,16,,0.0001,0.2,42,6.548752093399125,698.3722534179688,3478624,True,False,dolma_val_loss/chinchilla_0.05/60M/60M_seed42_case4_dolma_epoch16_wd0.2_lr1e-4.json,train_0.06B.npy,preprocessed/dolma2-0625/resharded,,,,,OLMo-dolma-0.06B
repeat,60M_seed42_case4_dolma_epoch16_wd0.4_lr1e-4,60m,60000000,0.05,60000000,16,,0.0001,0.4,42,6.555547607677903,703.1341552734375,3478624,True,False,dolma_val_loss/chinchilla_0.05/60M/60M_seed42_case4_dolma_epoch16_wd0.4_lr1e-4.json,train_0.06B.npy,preprocessed/dolma2-0625/resharded,,,,,OLMo-dolma-0.06B
repeat,60M_seed42_case4_dolma_epoch16_wd0.8_lr1e-4,60m,60000000,0.05,60000000,16,,0.0001,0.8,42,6.565677273694238,710.292724609375,3478624,True,False,dolma_val_loss/chinchilla_0.05/60M/60M_seed42_case4_dolma_epoch16_wd0.8_lr1e-4.json,train_0.06B.npy,preprocessed/dolma2-0625/resharded,,,,,OLMo-dolma-0.06B
repeat,60M_seed42_case4_dolma_epoch16_wd1.6_lr1e-4,60m,60000000,0.05,60000000,16,,0.0001,1.6,42,6.588663456340334,726.8088989257812,3478624,True,False,dolma_val_loss/chinchilla_0.05/60M/60M_seed42_case4_dolma_epoch16_wd1.6_lr1e-4.json,train_0.06B.npy,preprocessed/dolma2-0625/resharded,,,,,OLMo-dolma-0.06B
repeat,60M_seed42_case4_dolma_epoch16_wd0.1_lr3e-4,60m,60000000,0.05,60000000,16,,0.0003,0.1,42,5.742959328353615,311.9863586425781,3478624,True,False,dolma_val_loss/chinchilla_0.05/60M/60M_seed42_case4_dolma_epoch16_wd0.1_lr3e-4.json,train_0.06B.npy,preprocessed/dolma2-0625/resharded,,,,,OLMo-dolma-0.06B
repeat,60M_seed42_case4_dolma_epoch16_wd0.2_lr3e-4,60m,60000000,0.05,60000000,16,,0.0003,0.2,42,5.7424088022714095,311.8146057128906,3478624,True,False,dolma_val_loss/chinchilla_0.05/60M/60M_seed42_case4_dolma_epoch16_wd0.2_lr3e-4.json,train_0.06B.npy,preprocessed/dolma2-0625/resharded,,,,,OLMo-dolma-0.06B
repeat,60M_seed42_case4_dolma_epoch16_wd0.4_lr3e-4,60m,60000000,0.05,60000000,16,,0.0003,0.4,42,5.7513823472326315,314.6252746582031,3478624,True,False,dolma_val_loss/chinchilla_0.05/60M/60M_seed42_case4_dolma_epoch16_wd0.4_lr3e-4.json,train_0.06B.npy,preprocessed/dolma2-0625/resharded,,,,,OLMo-dolma-0.06B
repeat,60M_seed42_case4_dolma_epoch16_wd0.8_lr3e-4,60m,60000000,0.05,60000000,16,,0.0003,0.8,42,5.766597192549118,319.4488830566406,3478624,True,False,dolma_val_loss/chinchilla_0.05/60M/60M_seed42_case4_dolma_epoch16_wd0.8_lr3e-4.json,train_0.06B.npy,preprocessed/dolma2-0625/resharded,,,,,OLMo-dolma-0.06B
repeat,60M_seed42_case4_dolma_epoch16_wd1.6_lr3e-4,60m,60000000,0.05,60000000,16,,0.0003,1.6,42,5.798622048391229,329.8447570800781,3478624,True,False,dolma_val_loss/chinchilla_0.05/60M/60M_seed42_case4_dolma_epoch16_wd1.6_lr3e-4.json,train_0.06B.npy,preprocessed/dolma2-0625/resharded,,,,,OLMo-dolma-0.06B
repeat,60M_seed42_case4_dolma_epoch16_wd0.1_lr1e-3,60m,60000000,0.05,60000000,16,,0.001,0.1,42,5.223132412733679,185.51441955566406,3478624,True,False,dolma_val_loss/chinchilla_0.05/60M/60M_seed42_case4_dolma_epoch16_wd0.1_lr1e-3.json,train_0.06B.npy,preprocessed/dolma2-0625/resharded,,,,,OLMo-dolma-0.06B
repeat,60M_seed42_case4_dolma_epoch16_wd0.2_lr1e-3,60m,60000000,0.05,60000000,16,,0.001,0.2,42,5.210961350815029,183.27015686035156,3478624,True,True,dolma_val_loss/chinchilla_0.05/60M/60M_seed42_case4_dolma_epoch16_wd0.2_lr1e-3.json,train_0.06B.npy,preprocessed/dolma2-0625/resharded,,,,,OLMo-dolma-0.06B
repeat,60M_seed42_case4_dolma_epoch16_wd0.4_lr1e-3,60m,60000000,0.05,60000000,16,,0.001,0.4,42,5.28873577435674,198.0928497314453,3478624,True,False,dolma_val_loss/chinchilla_0.05/60M/60M_seed42_case4_dolma_epoch16_wd0.4_lr1e-3.json,train_0.06B.npy,preprocessed/dolma2-0625/resharded,,,,,OLMo-dolma-0.06B
repeat,60M_seed42_case4_dolma_epoch16_wd0.8_lr1e-3,60m,60000000,0.05,60000000,16,,0.001,0.8,42,5.347978304817419,210.1829071044922,3478624,True,False,dolma_val_loss/chinchilla_0.05/60M/60M_seed42_case4_dolma_epoch16_wd0.8_lr1e-3.json,train_0.06B.npy,preprocessed/dolma2-0625/resharded,,,,,OLMo-dolma-0.06B
repeat,60M_seed42_case4_dolma_epoch16_wd1.6_lr1e-3,60m,60000000,0.05,60000000,16,,0.001,1.6,42,5.339741474059566,208.4588623046875,3478624,True,False,dolma_val_loss/chinchilla_0.05/60M/60M_seed42_case4_dolma_epoch16_wd1.6_lr1e-3.json,train_0.06B.npy,preprocessed/dolma2-0625/resharded,,,,,OLMo-dolma-0.06B
repeat,60M_seed42_case4_dolma_epoch16_wd0.1_lr3e-3,60m,60000000,0.05,60000000,16,,0.003,0.1,42,5.280428043997021,196.4539337158203,3478624,True,False,dolma_val_loss/chinchilla_0.05/60M/60M_seed42_case4_dolma_epoch16_wd0.1_lr3e-3.json,train_0.06B.npy,preprocessed/dolma2-0625/resharded,,,,,OLMo-dolma-0.06B
repeat,60M_seed42_case4_dolma_epoch16_wd0.2_lr3e-3,60m,60000000,0.05,60000000,16,,0.003,0.2,42,5.273446849301643,195.0872802734375,3478624,True,False,dolma_val_loss/chinchilla_0.05/60M/60M_seed42_case4_dolma_epoch16_wd0.2_lr3e-3.json,train_0.06B.npy,preprocessed/dolma2-0625/resharded,,,,,OLMo-dolma-0.06B
repeat,60M_seed42_case4_dolma_epoch16_wd0.4_lr3e-3,60m,60000000,0.05,60000000,16,,0.003,0.4,42,5.28826464431298,197.99954223632812,3478624,True,False,dolma_val_loss/chinchilla_0.05/60M/60M_seed42_case4_dolma_epoch16_wd0.4_lr3e-3.json,train_0.06B.npy,preprocessed/dolma2-0625/resharded,,,,,OLMo-dolma-0.06B
repeat,60M_seed42_case4_dolma_epoch16_wd0.8_lr3e-3,60m,60000000,0.05,60000000,16,,0.003,0.8,42,5.335764762961725,207.63150024414062,3478624,True,False,dolma_val_loss/chinchilla_0.05/60M/60M_seed42_case4_dolma_epoch16_wd0.8_lr3e-3.json,train_0.06B.npy,preprocessed/dolma2-0625/resharded,,,,,OLMo-dolma-0.06B
repeat,60M_seed42_case4_dolma_epoch16_wd1.6_lr3e-3,60m,60000000,0.05,60000000,16,,0.003,1.6,42,5.499410290410896,244.54763793945312,3478624,True,False,dolma_val_loss/chinchilla_0.05/60M/60M_seed42_case4_dolma_epoch16_wd1.6_lr3e-3.json,train_0.06B.npy,preprocessed/dolma2-0625/resharded,,,,,OLMo-dolma-0.06B
repeat,60M_seed42_case4_dolma_epoch32_wd0.4_lr1e-3,60m,60000000,0.05,60000000,32,,0.001,0.4,42,4.654646303543464,105.07205963134766,3478624,True,True,dolma_val_loss/chinchilla_0.05/60M/60M_seed42_case4_dolma_epoch32_wd0.4_lr1e-3.json,train_0.06B.npy,preprocessed/dolma2-0625/resharded,,,,,OLMo-dolma-0.06B
repeat,60M_seed42_case4_dolma_epoch64_wd0.1_lr1e-4,60m,60000000,0.05,60000000,64,,0.0001,0.1,42,5.40650160305393,222.85064697265625,3478624,True,False,dolma_val_loss/chinchilla_0.05/60M/60M_seed42_case4_dolma_epoch64_wd0.1_lr1e-4.json,train_0.06B.npy,preprocessed/dolma2-0625/resharded,,,,,OLMo-dolma-0.06B
repeat,60M_seed42_case4_dolma_epoch64_wd0.2_lr1e-4,60m,60000000,0.05,60000000,64,,0.0001,0.2,42,5.408037813333977,223.19317626953125,3478624,True,False,dolma_val_loss/chinchilla_0.05/60M/60M_seed42_case4_dolma_epoch64_wd0.2_lr1e-4.json,train_0.06B.npy,preprocessed/dolma2-0625/resharded,,,,,OLMo-dolma-0.06B
repeat,60M_seed42_case4_dolma_epoch64_wd0.4_lr1e-4,60m,60000000,0.05,60000000,64,,0.0001,0.4,42,5.415302094310719,224.82049560546875,3478624,True,False,dolma_val_loss/chinchilla_0.05/60M/60M_seed42_case4_dolma_epoch64_wd0.4_lr1e-4.json,train_0.06B.npy,preprocessed/dolma2-0625/resharded,,,,,OLMo-dolma-0.06B
repeat,60M_seed42_case4_dolma_epoch64_wd0.8_lr1e-4,60m,60000000,0.05,60000000,64,,0.0001,0.8,42,5.43030142205766,228.2179718017578,3478624,True,False,dolma_val_loss/chinchilla_0.05/60M/60M_seed42_case4_dolma_epoch64_wd0.8_lr1e-4.json,train_0.06B.npy,preprocessed/dolma2-0625/resharded,,,,,OLMo-dolma-0.06B
repeat,60M_seed42_case4_dolma_epoch64_wd0.1_lr3e-4,60m,60000000,0.05,60000000,64,,0.0003,0.1,42,4.875909975579604,131.09336853027344,3478624,True,False,dolma_val_loss/chinchilla_0.05/60M/60M_seed42_case4_dolma_epoch64_wd0.1_lr3e-4.json,train_0.06B.npy,preprocessed/dolma2-0625/resharded,,,,,OLMo-dolma-0.06B
repeat,60M_seed42_case4_dolma_epoch64_wd0.2_lr3e-4,60m,60000000,0.05,60000000,64,,0.0003,0.2,42,4.856813743960682,128.61376953125,3478624,True,False,dolma_val_loss/chinchilla_0.05/60M/60M_seed42_case4_dolma_epoch64_wd0.2_lr3e-4.json,train_0.06B.npy,preprocessed/dolma2-0625/resharded,,,,,OLMo-dolma-0.06B
repeat,60M_seed42_case4_dolma_epoch64_wd0.4_lr3e-4,60m,60000000,0.05,60000000,64,,0.0003,0.4,42,4.816370568419371,123.51597595214844,3478624,True,False,dolma_val_loss/chinchilla_0.05/60M/60M_seed42_case4_dolma_epoch64_wd0.4_lr3e-4.json,train_0.06B.npy,preprocessed/dolma2-0625/resharded,,,,,OLMo-dolma-0.06B
repeat,60M_seed42_case4_dolma_epoch64_wd0.8_lr3e-4,60m,60000000,0.05,60000000,64,,0.0003,0.8,42,4.748043871443942,115.3584213256836,3478624,True,False,dolma_val_loss/chinchilla_0.05/60M/60M_seed42_case4_dolma_epoch64_wd0.8_lr3e-4.json,train_0.06B.npy,preprocessed/dolma2-0625/resharded,,,,,OLMo-dolma-0.06B
repeat,60M_seed42_case4_dolma_epoch64_wd1.6_lr3e-4,60m,60000000,0.05,60000000,64,,0.0003,1.6,42,4.72191113256321,112.38280487060547,3478624,True,False,dolma_val_loss/chinchilla_0.05/60M/60M_seed42_case4_dolma_epoch64_wd1.6_lr3e-4.json,train_0.06B.npy,preprocessed/dolma2-0625/resharded,,,,,OLMo-dolma-0.06B
repeat,60M_seed42_case4_dolma_epoch64_wd0.1_lr1e-3,60m,60000000,0.05,60000000,64,,0.001,0.1,42,5.258601460961333,192.2125244140625,3478624,True,False,dolma_val_loss/chinchilla_0.05/60M/60M_seed42_case4_dolma_epoch64_wd0.1_lr1e-3.json,train_0.06B.npy,preprocessed/dolma2-0625/resharded,,,,,OLMo-dolma-0.06B
repeat,60M_seed42_case4_dolma_epoch64_wd0.2_lr1e-3,60m,60000000,0.05,60000000,64,,0.001,0.2,42,5.150291282081605,172.48175048828125,3478624,True,False,dolma_val_loss/chinchilla_0.05/60M/60M_seed42_case4_dolma_epoch64_wd0.2_lr1e-3.json,train_0.06B.npy,preprocessed/dolma2-0625/resharded,,,,,OLMo-dolma-0.06B
repeat,60M_seed42_case4_dolma_epoch64_wd0.4_lr1e-3,60m,60000000,0.05,60000000,64,,0.001,0.4,42,4.9372325533913966,139.38397216796875,3478624,True,False,dolma_val_loss/chinchilla_0.05/60M/60M_seed42_case4_dolma_epoch64_wd0.4_lr1e-3.json,train_0.06B.npy,preprocessed/dolma2-0625/resharded,,,,,OLMo-dolma-0.06B
repeat,60M_seed42_case4_dolma_epoch64_wd0.8_lr1e-3,60m,60000000,0.05,60000000,64,,0.001,0.8,42,4.611053302287683,100.5900650024414,3478624,True,False,dolma_val_loss/chinchilla_0.05/60M/60M_seed42_case4_dolma_epoch64_wd0.8_lr1e-3.json,train_0.06B.npy,preprocessed/dolma2-0625/resharded,,,,,OLMo-dolma-0.06B
repeat,60M_seed42_case4_dolma_epoch64_wd0.1_lr3e-3,60m,60000000,0.05,60000000,64,,0.003,0.1,42,5.47087027658624,237.6669921875,3478624,True,False,dolma_val_loss/chinchilla_0.05/60M/60M_seed42_case4_dolma_epoch64_wd0.1_lr3e-3.json,train_0.06B.npy,preprocessed/dolma2-0625/resharded,,,,,OLMo-dolma-0.06B
repeat,60M_seed42_case4_dolma_epoch64_wd0.2_lr3e-3,60m,60000000,0.05,60000000,64,,0.003,0.2,42,5.147642448127927,172.02548217773438,3478624,True,False,dolma_val_loss/chinchilla_0.05/60M/60M_seed42_case4_dolma_epoch64_wd0.2_lr3e-3.json,train_0.06B.npy,preprocessed/dolma2-0625/resharded,,,,,OLMo-dolma-0.06B
repeat,60M_seed42_case4_dolma_epoch64_wd0.4_lr3e-3,60m,60000000,0.05,60000000,64,,0.003,0.4,42,4.86980442057401,130.29542541503906,3478624,True,False,dolma_val_loss/chinchilla_0.05/60M/60M_seed42_case4_dolma_epoch64_wd0.4_lr3e-3.json,train_0.06B.npy,preprocessed/dolma2-0625/resharded,,,,,OLMo-dolma-0.06B
repeat,60M_seed42_case4_dolma_epoch64_wd0.8_lr3e-3,60m,60000000,0.05,60000000,64,,0.003,0.8,42,4.537850791892341,93.48966217041016,3478624,True,True,dolma_val_loss/chinchilla_0.05/60M/60M_seed42_case4_dolma_epoch64_wd0.8_lr3e-3.json,train_0.06B.npy,preprocessed/dolma2-0625/resharded,,,,,OLMo-dolma-0.06B
repeat,60M_seed42_case4_dolma_epoch1_wd0.1_lr1e-3,60m,60000000,0.1,120000000,1,,0.001,0.1,42,7.4437227321521835,1709.1009521484375,3478624,True,True,dolma_val_loss/chinchilla_0.1/60M/60M_seed42_case4_dolma_epoch1_wd0.1_lr1e-3.json,train_0.12B.npy,preprocessed/dolma2-0625/resharded,,,,,OLMo-dolma-0.12B
repeat,60M_seed42_case4_dolma_epoch2_wd0.1_lr1e-3,60m,60000000,0.1,120000000,2,,0.001,0.1,42,6.720818255186219,829.4957885742188,3478624,True,True,dolma_val_loss/chinchilla_0.1/60M/60M_seed42_case4_dolma_epoch2_wd0.1_lr1e-3.json,train_0.12B.npy,preprocessed/dolma2-0625/resharded,,,,,OLMo-dolma-0.12B
repeat,60M_seed42_case4_dolma_epoch4_wd0.1_lr1e-3,60m,60000000,0.1,120000000,4,,0.001,0.1,42,5.949953907752705,383.7356872558594,3478624,True,True,dolma_val_loss/chinchilla_0.1/60M/60M_seed42_case4_dolma_epoch4_wd0.1_lr1e-3.json,train_0.12B.npy,preprocessed/dolma2-0625/resharded,,,,,OLMo-dolma-0.12B
repeat,60M_seed42_case4_dolma_epoch8_wd0.1_lr1e-3,60m,60000000,0.1,120000000,8,,0.001,0.1,42,5.217236407698602,184.423828125,3478624,True,True,dolma_val_loss/chinchilla_0.1/60M/60M_seed42_case4_dolma_epoch8_wd0.1_lr1e-3.json,train_0.12B.npy,preprocessed/dolma2-0625/resharded,,,,,OLMo-dolma-0.12B
repeat,60M_seed42_case4_dolma_epoch16_wd0.2_lr1e-3,60m,60000000,0.1,120000000,16,,0.001,0.2,42,4.340613480019214,76.75460052490234,3478624,True,True,dolma_val_loss/chinchilla_0.1/60M/60M_seed42_case4_dolma_epoch16_wd0.2_lr1e-3.json,train_0.12B.npy,preprocessed/dolma2-0625/resharded,,,,,OLMo-dolma-0.12B
repeat,60M_seed42_case4_dolma_epoch32_wd0.4_lr1e-3,60m,60000000,0.1,120000000,32,,0.001,0.4,42,4.032693266867494,56.41264724731445,3478624,True,True,dolma_val_loss/chinchilla_0.1/60M/60M_seed42_case4_dolma_epoch32_wd0.4_lr1e-3.json,train_0.12B.npy,preprocessed/dolma2-0625/resharded,,,,,OLMo-dolma-0.12B
repeat,60M_seed42_case4_dolma_epoch64_wd0.4_lr1e-3,60m,60000000,0.1,120000000,64,,0.001,0.4,42,4.4086288241879865,82.15674591064453,3478624,True,False,dolma_val_loss/chinchilla_0.1/60M/60M_seed42_case4_dolma_epoch64_wd0.4_lr1e-3.json,train_0.12B.npy,preprocessed/dolma2-0625/resharded,,,,,OLMo-dolma-0.12B
repeat,60M_seed42_case4_dolma_epoch64_wd0.8_lr1e-3,60m,60000000,0.1,120000000,64,,0.001,0.8,42,4.137995966103219,62.677101135253906,3478624,True,True,dolma_val_loss/chinchilla_0.1/60M/60M_seed42_case4_dolma_epoch64_wd0.8_lr1e-3.json,train_0.12B.npy,preprocessed/dolma2-0625/resharded,,,,,OLMo-dolma-0.12B
repeat,60M_seed42_case4_dolma_epoch1_wd0.1_lr1e-3,60m,60000000,0.25,300000000,1,,0.001,0.1,42,6.419092920759131,613.446533203125,3478624,True,True,dolma_val_loss/chinchilla_0.25/60M/60M_seed42_case4_dolma_epoch1_wd0.1_lr1e-3.json,train_0.3B.npy,preprocessed/dolma2-0625/resharded,,,,,OLMo-dolma-0.3B
repeat,60M_seed42_case4_dolma_epoch2_wd0.1_lr1e-3,60m,60000000,0.25,300000000,2,,0.001,0.1,42,5.70345047582257,299.9004821777344,3478624,True,True,dolma_val_loss/chinchilla_0.25/60M/60M_seed42_case4_dolma_epoch2_wd0.1_lr1e-3.json,train_0.3B.npy,preprocessed/dolma2-0625/resharded,,,,,OLMo-dolma-0.3B
repeat,60M_seed42_case4_dolma_epoch4_wd0.1_lr1e-3,60m,60000000,0.25,300000000,4,,0.001,0.1,42,4.843875838162544,126.96048736572266,3478624,True,True,dolma_val_loss/chinchilla_0.25/60M/60M_seed42_case4_dolma_epoch4_wd0.1_lr1e-3.json,train_0.3B.npy,preprocessed/dolma2-0625/resharded,,,,,OLMo-dolma-0.3B
repeat,60M_seed42_case4_dolma_epoch8_wd0.1_lr1e-3,60m,60000000,0.25,300000000,8,,0.001,0.1,42,4.098364303529773,60.24167251586914,3478624,True,True,dolma_val_loss/chinchilla_0.25/60M/60M_seed42_case4_dolma_epoch8_wd0.1_lr1e-3.json,train_0.3B.npy,preprocessed/dolma2-0625/resharded,,,,,OLMo-dolma-0.3B
repeat,60M_seed42_case4_dolma_epoch16_wd0.2_lr1e-3,60m,60000000,0.25,300000000,16,,0.001,0.2,42,3.7426802755653394,42.210975646972656,3478624,True,True,dolma_val_loss/chinchilla_0.25/60M/60M_seed42_case4_dolma_epoch16_wd0.2_lr1e-3.json,train_0.3B.npy,preprocessed/dolma2-0625/resharded,,,,,OLMo-dolma-0.3B
repeat,60M_seed42_case4_dolma_epoch32_wd0.4_lr1e-3,60m,60000000,0.25,300000000,32,,0.001,0.4,42,3.6685263462577757,39.19410705566406,3478624,True,True,dolma_val_loss/chinchilla_0.25/60M/60M_seed42_case4_dolma_epoch32_wd0.4_lr1e-3.json,train_0.3B.npy,preprocessed/dolma2-0625/resharded,,,,,OLMo-dolma-0.3B
repeat,60M_seed42_case4_dolma_epoch64_wd0.4_lr1e-3,60m,60000000,0.25,300000000,64,,0.001,0.4,42,3.761007081829895,42.99169921875,3478624,True,False,dolma_val_loss/chinchilla_0.25/60M/60M_seed42_case4_dolma_epoch64_wd0.4_lr1e-3.json,train_0.3B.npy,preprocessed/dolma2-0625/resharded,,,,,OLMo-dolma-0.3B
repeat,60M_seed42_case4_dolma_epoch64_wd0.8_lr1e-3,60m,60000000,0.25,300000000,64,,0.001,0.8,42,3.6013629668426144,36.64815139770508,3478624,True,True,dolma_val_loss/chinchilla_0.25/60M/60M_seed42_case4_dolma_epoch64_wd0.8_lr1e-3.json,train_0.3B.npy,preprocessed/dolma2-0625/resharded,,,,,OLMo-dolma-0.3B
repeat,60M_seed42_case4_dolma_epoch1_wd0.1_lr1e-3,60m,60000000,0.5,600000000,1,,0.001,0.1,42,5.706376792287788,300.7793884277344,3478624,True,True,dolma_val_loss/chinchilla_0.5/60M/60M_seed42_case4_dolma_epoch1_wd0.1_lr1e-3.json,train_0.6B.npy,preprocessed/dolma2-0625/resharded,,,,,OLMo-dolma-0.6B
repeat,60M_seed42_case4_dolma_epoch2_wd0.1_lr1e-3,60m,60000000,0.5,600000000,2,,0.001,0.1,42,4.916371003386168,136.50631713867188,3478624,True,True,dolma_val_loss/chinchilla_0.5/60M/60M_seed42_case4_dolma_epoch2_wd0.1_lr1e-3.json,train_0.6B.npy,preprocessed/dolma2-0625/resharded,,,,,OLMo-dolma-0.6B
repeat,60M_seed42_case4_dolma_epoch4_wd0.1_lr1e-3,60m,60000000,0.5,600000000,4,,0.001,0.1,42,4.072831075799701,58.72298049926758,3478624,True,True,dolma_val_loss/chinchilla_0.5/60M/60M_seed42_case4_dolma_epoch4_wd0.1_lr1e-3.json,train_0.6B.npy,preprocessed/dolma2-0625/resharded,,,,,OLMo-dolma-0.6B
repeat,60M_seed42_case4_dolma_epoch8_wd0.1_lr1e-3,60m,60000000,0.5,600000000,8,,0.001,0.1,42,3.677906826884329,39.56349182128906,3478624,True,True,dolma_val_loss/chinchilla_0.5/60M/60M_seed42_case4_dolma_epoch8_wd0.1_lr1e-3.json,train_0.6B.npy,preprocessed/dolma2-0625/resharded,,,,,OLMo-dolma-0.6B
repeat,60M_seed42_case4_dolma_epoch16_wd0.2_lr1e-3,60m,60000000,0.5,600000000,16,,0.001,0.2,42,3.5011256694491037,33.152748107910156,3478624,True,True,dolma_val_loss/chinchilla_0.5/60M/60M_seed42_case4_dolma_epoch16_wd0.2_lr1e-3.json,train_0.6B.npy,preprocessed/dolma2-0625/resharded,,,,,OLMo-dolma-0.6B
repeat,60M_seed42_case4_dolma_epoch32_wd0.4_lr1e-3,60m,60000000,0.5,600000000,32,,0.001,0.4,42,3.4115237759650303,30.311397552490234,3478624,True,True,dolma_val_loss/chinchilla_0.5/60M/60M_seed42_case4_dolma_epoch32_wd0.4_lr1e-3.json,train_0.6B.npy,preprocessed/dolma2-0625/resharded,,,,,OLMo-dolma-0.6B
repeat,60M_seed42_case4_dolma_epoch64_wd0.4_lr1e-3,60m,60000000,0.5,600000000,64,,0.001,0.4,42,3.3788673934761766,29.3375244140625,3478624,True,True,dolma_val_loss/chinchilla_0.5/60M/60M_seed42_case4_dolma_epoch64_wd0.4_lr1e-3.json,train_0.6B.npy,preprocessed/dolma2-0625/resharded,,,,,OLMo-dolma-0.6B
repeat,60M_seed42_case4_dolma_epoch64_wd0.8_lr1e-3,60m,60000000,0.5,600000000,64,,0.001,0.8,42,3.681,,,False,False,hparam/merged/multi_epoch/chinchilla_0.5_60M.json,train_0.6B.npy,preprocessed/dolma2-0625/resharded,,,,,OLMo-dolma-0.6B
repeat,60M_seed42_case4_dolma_epoch1_wd0.1_lr1e-3,60m,60000000,1.0,1200000000,1,,0.001,0.1,42,4.905882357116658,135.08204650878906,3478624,True,True,dolma_val_loss/chinchilla_1/60M/60M_seed42_case4_dolma_epoch1_wd0.1_lr1e-3.json,train_1.2B.npy,preprocessed/dolma2-0625/resharded,,,,,OLMo-dolma-1.2B
repeat,60M_seed42_case4_dolma_epoch4_wd0.1_lr1e-3,60m,60000000,1.0,1200000000,4,,0.001,0.1,42,3.6322173841363217,37.79653549194336,3478624,True,True,dolma_val_loss/chinchilla_1/60M/60M_seed42_case4_dolma_epoch4_wd0.1_lr1e-3.json,train_1.2B.npy,preprocessed/dolma2-0625/resharded,,,,,OLMo-dolma-1.2B
repeat,60M_seed42_case4_dolma_epoch8_wd0.1_lr1e-3,60m,60000000,1.0,1200000000,8,,0.001,0.1,42,3.4454003300120655,31.355831146240234,3478624,True,True,dolma_val_loss/chinchilla_1/60M/60M_seed42_case4_dolma_epoch8_wd0.1_lr1e-3.json,train_1.2B.npy,preprocessed/dolma2-0625/resharded,,,,,OLMo-dolma-1.2B
repeat,60M_seed42_case4_dolma_epoch16_wd0.2_lr1e-3,60m,60000000,1.0,1200000000,16,,0.001,0.2,42,3.337355861305709,28.144609451293945,3478624,True,True,dolma_val_loss/chinchilla_1/60M/60M_seed42_case4_dolma_epoch16_wd0.2_lr1e-3.json,train_1.2B.npy,preprocessed/dolma2-0625/resharded,,,,,OLMo-dolma-1.2B
repeat,60M_seed42_case4_dolma_epoch32_wd0.4_lr1e-3,60m,60000000,1.0,1200000000,32,,0.001,0.4,42,3.3003683735806777,27.12262725830078,3478624,True,True,dolma_val_loss/chinchilla_1/60M/60M_seed42_case4_dolma_epoch32_wd0.4_lr1e-3.json,train_1.2B.npy,preprocessed/dolma2-0625/resharded,,,,,OLMo-dolma-1.2B
repeat,60M_seed42_case4_dolma_epoch64_wd0.4_lr1e-3,60m,60000000,1.0,1200000000,64,,0.001,0.4,42,3.272275870904815,26.37129020690918,3478624,True,True,dolma_val_loss/chinchilla_1/60M/60M_seed42_case4_dolma_epoch64_wd0.4_lr1e-3.json,train_1.2B.npy,preprocessed/dolma2-0625/resharded,,,,,OLMo-dolma-1.2B
repeat,60M_seed42_case4_dolma_epoch1_wd0.1_lr1e-3,60m,60000000,2.0,2400000000,1,,0.001,0.1,42,4.058087729479543,57.86355972290039,3478624,True,True,dolma_val_loss/chinchilla_2/60M/60M_seed42_case4_dolma_epoch1_wd0.1_lr1e-3.json,train_2.4B.npy,preprocessed/dolma2-0625/resharded,,,,,OLMo-dolma-2.4B
repeat,60M_seed42_case4_dolma_epoch4_wd0.1_lr1e-3,60m,60000000,2.0,2400000000,4,,0.001,0.1,42,3.4269309853402503,30.782024383544922,3478624,True,True,dolma_val_loss/chinchilla_2/60M/60M_seed42_case4_dolma_epoch4_wd0.1_lr1e-3.json,train_2.4B.npy,preprocessed/dolma2-0625/resharded,,,,,OLMo-dolma-2.4B
repeat,60M_seed42_case4_dolma_epoch8_wd0.1_lr1e-3,60m,60000000,2.0,2400000000,8,,0.001,0.1,42,3.307466287442809,27.315826416015625,3478624,True,True,dolma_val_loss/chinchilla_2/60M/60M_seed42_case4_dolma_epoch8_wd0.1_lr1e-3.json,train_2.4B.npy,preprocessed/dolma2-0625/resharded,,,,,OLMo-dolma-2.4B
repeat,60M_seed42_case4_dolma_epoch16_wd0.2_lr1e-3,60m,60000000,2.0,2400000000,16,,0.001,0.2,42,3.2443087979609313,25.64397621154785,3478624,True,True,dolma_val_loss/chinchilla_2/60M/60M_seed42_case4_dolma_epoch16_wd0.2_lr1e-3.json,train_2.4B.npy,preprocessed/dolma2-0625/resharded,,,,,OLMo-dolma-2.4B
repeat,60M_seed42_case4_dolma_epoch32_wd0.4_lr1e-3,60m,60000000,2.0,2400000000,32,,0.001,0.4,42,3.232993466224619,25.35544204711914,3478624,True,True,dolma_val_loss/chinchilla_2/60M/60M_seed42_case4_dolma_epoch32_wd0.4_lr1e-3.json,train_2.4B.npy,preprocessed/dolma2-0625/resharded,,,,,OLMo-dolma-2.4B
repeat,60M_seed42_case4_dolma_epoch64_wd0.4_lr1e-3,60m,60000000,2.0,2400000000,64,,0.001,0.4,42,3.2115945279928866,24.81863021850586,3478624,True,True,dolma_val_loss/chinchilla_2/60M/60M_seed42_case4_dolma_epoch64_wd0.4_lr1e-3.json,train_2.4B.npy,preprocessed/dolma2-0625/resharded,,,,,OLMo-dolma-2.4B
repeat,60M_seed42_case4_dolma_epoch1_wd0.1_lr1e-3,60m,60000000,4.0,4800000000,1,,0.001,0.1,42,3.6284199903040864,37.65327453613281,3478624,True,True,dolma_val_loss/chinchilla_4/60M/60M_seed42_case4_dolma_epoch1_wd0.1_lr1e-3.json,train_4.8B.npy,preprocessed/dolma2-0625/resharded,,,,,OLMo-dolma-4.8B
repeat,60M_seed42_case4_dolma_epoch4_wd0.1_lr1e-3,60m,60000000,4.0,4800000000,4,,0.001,0.1,42,3.300981816252656,27.139270782470703,3478624,True,True,dolma_val_loss/chinchilla_4/60M/60M_seed42_case4_dolma_epoch4_wd0.1_lr1e-3.json,train_4.8B.npy,preprocessed/dolma2-0625/resharded,,,,,OLMo-dolma-4.8B
repeat,60M_seed42_case4_dolma_epoch8_wd0.1_lr1e-3,60m,60000000,4.0,4800000000,8,,0.001,0.1,42,3.2250305572035045,25.15434455871582,3478624,True,True,dolma_val_loss/chinchilla_4/60M/60M_seed42_case4_dolma_epoch8_wd0.1_lr1e-3.json,train_4.8B.npy,preprocessed/dolma2-0625/resharded,,,,,OLMo-dolma-4.8B
repeat,60M_seed42_case4_dolma_epoch16_wd0.2_lr1e-3,60m,60000000,4.0,4800000000,16,,0.001,0.2,42,3.1851914693827887,24.17191505432129,3478624,True,True,dolma_val_loss/chinchilla_4/60M/60M_seed42_case4_dolma_epoch16_wd0.2_lr1e-3.json,train_4.8B.npy,preprocessed/dolma2-0625/resharded,,,,,OLMo-dolma-4.8B
repeat,60M_seed42_case4_dolma_epoch32_wd0.4_lr1e-3,60m,60000000,4.0,4800000000,32,,0.001,0.4,42,3.1915508322795723,24.326122283935547,3478624,True,True,dolma_val_loss/chinchilla_4/60M/60M_seed42_case4_dolma_epoch32_wd0.4_lr1e-3.json,train_4.8B.npy,preprocessed/dolma2-0625/resharded,,,,,OLMo-dolma-4.8B
repeat,60M_seed42_case4_dolma_epoch1_wd0.1_lr1e-3,60m,60000000,8.0,9600000000,1,,0.001,0.1,42,3.4234565826382046,30.67526626586914,3478624,True,True,dolma_val_loss/chinchilla_8/60M/60M_seed42_case4_dolma_epoch1_wd0.1_lr1e-3.json,train_9.6B.npy,preprocessed/dolma2-0625/resharded,,,,,OLMo-dolma-9.6B
repeat,60M_seed42_case4_dolma_epoch4_wd0.1_lr1e-3,60m,60000000,8.0,9600000000,4,,0.001,0.1,42,3.2158870862829065,24.925392150878906,3478624,True,True,dolma_val_loss/chinchilla_8/60M/60M_seed42_case4_dolma_epoch4_wd0.1_lr1e-3.json,train_9.6B.npy,preprocessed/dolma2-0625/resharded,,,,,OLMo-dolma-9.6B
repeat,60M_seed42_case4_dolma_epoch8_wd0.1_lr1e-3,60m,60000000,8.0,9600000000,8,,0.001,0.1,42,3.164979471220719,23.688257217407227,3478624,True,True,dolma_val_loss/chinchilla_8/60M/60M_seed42_case4_dolma_epoch8_wd0.1_lr1e-3.json,train_9.6B.npy,preprocessed/dolma2-0625/resharded,,,,,OLMo-dolma-9.6B
repeat,60M_seed42_case4_dolma_epoch16_wd0.2_lr1e-3,60m,60000000,8.0,9600000000,16,,0.001,0.2,42,3.1469730748922067,23.265535354614258,3478624,True,True,dolma_val_loss/chinchilla_8/60M/60M_seed42_case4_dolma_epoch16_wd0.2_lr1e-3.json,train_9.6B.npy,preprocessed/dolma2-0625/resharded,,,,,OLMo-dolma-9.6B
repeat,60M_seed42_case4_dolma_epoch32_wd0.4_lr1e-3,60m,60000000,8.0,9600000000,32,,0.001,0.4,42,3.27,,,False,False,hparam/merged/multi_epoch/chinchilla_8_60M.json,train_9.6B.npy,preprocessed/dolma2-0625/resharded,,,,,OLMo-dolma-9.6B
repeat,100M_seed42_case4_dolma_epoch1_wd0.1_lr1e-3,100m,100000000,0.05,100000000,1,,0.001,0.1,42,7.617990979037931,2034.470703125,3478624,True,True,dolma_val_loss/chinchilla_0.05/100M/100M_seed42_case4_dolma_epoch1_wd0.1_lr1e-3.json,train_0.1B.npy,preprocessed/dolma2-0625/resharded,,,,,OLMo-dolma-0.1B
repeat,100M_seed42_case4_dolma_epoch1_wd0.1_lr3e-3,100m,100000000,0.05,100000000,1,,0.003,0.1,42,7.871312437880655,2621.003662109375,3478624,True,False,dolma_val_loss/chinchilla_0.05/100M/100M_seed42_case4_dolma_epoch1_wd0.1_lr3e-3.json,train_0.1B.npy,preprocessed/dolma2-0625/resharded,,,,,OLMo-dolma-0.1B
repeat,100M_seed42_case4_dolma_epoch1_wd0.1_lr1e-3,100m,100000000,0.1,200000000,1,,0.001,0.1,42,6.824165101053831,919.8079223632812,3478624,True,True,dolma_val_loss/chinchilla_0.1/100M/100M_seed42_case4_dolma_epoch1_wd0.1_lr1e-3.json,train_0.2B.npy,preprocessed/dolma2-0625/resharded,,,,,OLMo-dolma-0.2B
repeat,100M_seed42_case4_dolma_epoch1_wd0.1_lr3e-3,100m,100000000,0.1,200000000,1,,0.003,0.1,42,7.216311641661778,1361.4580078125,3478624,True,False,dolma_val_loss/chinchilla_0.1/100M/100M_seed42_case4_dolma_epoch1_wd0.1_lr3e-3.json,train_0.2B.npy,preprocessed/dolma2-0625/resharded,,,,,OLMo-dolma-0.2B
repeat,100M_seed42_case4_dolma_epoch1_wd0.1_lr1e-3,100m,100000000,0.25,500000000,1,,0.001,0.1,42,5.850162242460691,347.2906494140625,3478624,True,True,dolma_val_loss/chinchilla_0.25/100M/100M_seed42_case4_dolma_epoch1_wd0.1_lr1e-3.json,train_0.5B.npy,preprocessed/dolma2-0625/resharded,,,,,OLMo-dolma-0.5B
repeat,100M_seed42_case4_dolma_epoch1_wd0.1_lr3e-3,100m,100000000,0.25,500000000,1,,0.003,0.1,42,6.150490794113877,468.9474792480469,3478624,True,False,dolma_val_loss/chinchilla_0.25/100M/100M_seed42_case4_dolma_epoch1_wd0.1_lr3e-3.json,train_0.5B.npy,preprocessed/dolma2-0625/resharded,,,,,OLMo-dolma-0.5B
repeat,100M_seed42_case4_dolma_epoch1_wd0.1_lr1e-3,100m,100000000,0.5,1000000000,1,,0.001,0.1,42,4.8499026383225186,127.72795104980469,3478624,True,True,dolma_val_loss/chinchilla_0.5/100M/100M_seed42_case4_dolma_epoch1_wd0.1_lr1e-3.json,train_1.0B.npy,preprocessed/dolma2-0625/resharded,,,,,OLMo-dolma-1.0B
repeat,100M_seed42_case4_dolma_epoch1_wd0.1_lr3e-3,100m,100000000,0.5,1000000000,1,,0.003,0.1,42,5.140600390716182,170.81826782226562,3478624,True,False,dolma_val_loss/chinchilla_0.5/100M/100M_seed42_case4_dolma_epoch1_wd0.1_lr3e-3.json,train_1.0B.npy,preprocessed/dolma2-0625/resharded,,,,,OLMo-dolma-1.0B
repeat,100M_seed42_case4_dolma_epoch1_wd0.1_lr1e-3,100m,100000000,1.0,2000000000,1,,0.001,0.1,42,4.063819562481817,58.196163177490234,3478624,True,False,dolma_val_loss/chinchilla_1/100M/100M_seed42_case4_dolma_epoch1_wd0.1_lr1e-3.json,train_2.0B.npy,preprocessed/dolma2-0625/resharded,,,,,OLMo-dolma-2.0B
repeat,100M_seed42_case4_dolma_epoch1_wd0.1_lr3e-3,100m,100000000,1.0,2000000000,1,,0.003,0.1,42,3.972287410915858,53.105865478515625,3478624,True,True,dolma_val_loss/chinchilla_1/100M/100M_seed42_case4_dolma_epoch1_wd0.1_lr3e-3.json,train_2.0B.npy,preprocessed/dolma2-0625/resharded,,,,,OLMo-dolma-2.0B
repeat,100M_seed42_case4_dolma_epoch1_wd0.1_lr1e-3,100m,100000000,2.0,4000000000,1,,0.001,0.1,42,3.4905499041925414,32.803977966308594,3478624,True,True,dolma_val_loss/chinchilla_2/100M/100M_seed42_case4_dolma_epoch1_wd0.1_lr1e-3.json,train_4.0B.npy,preprocessed/dolma2-0625/resharded,,,,,OLMo-dolma-4.0B
repeat,100M_seed42_case4_dolma_epoch1_wd0.1_lr3e-3,100m,100000000,2.0,4000000000,1,,0.003,0.1,42,3.5119895670819212,33.5148811340332,3478624,True,False,dolma_val_loss/chinchilla_2/100M/100M_seed42_case4_dolma_epoch1_wd0.1_lr3e-3.json,train_4.0B.npy,preprocessed/dolma2-0625/resharded,,,,,OLMo-dolma-4.0B
repeat,100M_seed42_case4_dolma_epoch1_wd0.1_lr1e-3,100m,100000000,4.0,8000000000,1,,0.001,0.1,42,3.2385669402850183,25.497154235839844,3478624,True,False,dolma_val_loss/chinchilla_4/100M/100M_seed42_case4_dolma_epoch1_wd0.1_lr1e-3.json,train_8.0B.npy,preprocessed/dolma2-0625/resharded,,,,,OLMo-dolma-8.0B
repeat,100M_seed42_case4_dolma_epoch1_wd0.1_lr3e-3,100m,100000000,4.0,8000000000,1,,0.003,0.1,42,3.197345619173938,24.467500686645508,3478624,True,True,dolma_val_loss/chinchilla_4/100M/100M_seed42_case4_dolma_epoch1_wd0.1_lr3e-3.json,train_8.0B.npy,preprocessed/dolma2-0625/resharded,,,,,OLMo-dolma-8.0B
repeat,190M_seed42_case4_dolma_epoch1_wd0.1_lr1e-3,190m,190000000,0.05,190000000,1,,0.001,0.1,42,6.6618085929617035,781.9638061523438,3478624,True,True,dolma_val_loss/chinchilla_0.05/190M/190M_seed42_case4_dolma_epoch1_wd0.1_lr1e-3.json,train_0.19B.npy,preprocessed/dolma2-0625/resharded,,,,,OLMo-dolma-0.19B
repeat,190M_seed42_case4_dolma_epoch1_wd0.2_lr1e-3,190m,190000000,0.05,190000000,1,,0.001,0.2,42,6.722952805050395,831.2684936523438,3478624,True,False,dolma_val_loss/chinchilla_0.05/190M/190M_seed42_case4_dolma_epoch1_wd0.2_lr1e-3.json,train_0.19B.npy,preprocessed/dolma2-0625/resharded,,,,,OLMo-dolma-0.19B
repeat,190M_seed42_case4_dolma_epoch1_wd0.1_lr3e-3,190m,190000000,0.05,190000000,1,,0.003,0.1,42,6.950069243856147,1043.22216796875,3478624,True,False,dolma_val_loss/chinchilla_0.05/190M/190M_seed42_case4_dolma_epoch1_wd0.1_lr3e-3.json,train_0.19B.npy,preprocessed/dolma2-0625/resharded,,,,,OLMo-dolma-0.19B
repeat,190M_seed42_case4_dolma_epoch1_wd0.2_lr3e-3,190m,190000000,0.05,190000000,1,,0.003,0.2,42,6.9129675770663015,1005.2260131835938,3478624,True,False,dolma_val_loss/chinchilla_0.05/190M/190M_seed42_case4_dolma_epoch1_wd0.2_lr3e-3.json,train_0.19B.npy,preprocessed/dolma2-0625/resharded,,,,,OLMo-dolma-0.19B
repeat,190M_seed42_case4_dolma_epoch2_wd0.1_lr1e-3,190m,190000000,0.05,190000000,2,,0.001,0.1,42,5.951969364190859,384.5097351074219,3478624,True,True,dolma_val_loss/chinchilla_0.05/190M/190M_seed42_case4_dolma_epoch2_wd0.1_lr1e-3.json,train_0.19B.npy,preprocessed/dolma2-0625/resharded,,,,,OLMo-dolma-0.19B
repeat,190M_seed42_case4_dolma_epoch2_wd0.2_lr1e-3,190m,190000000,0.05,190000000,2,,0.001,0.2,42,6.0082948857290175,406.7891845703125,3478624,True,False,dolma_val_loss/chinchilla_0.05/190M/190M_seed42_case4_dolma_epoch2_wd0.2_lr1e-3.json,train_0.19B.npy,preprocessed/dolma2-0625/resharded,,,,,OLMo-dolma-0.19B
repeat,190M_seed42_case4_dolma_epoch2_wd0.1_lr3e-3,190m,190000000,0.05,190000000,2,,0.003,0.1,42,6.211438438000535,498.41778564453125,3478624,True,False,dolma_val_loss/chinchilla_0.05/190M/190M_seed42_case4_dolma_epoch2_wd0.1_lr3e-3.json,train_0.19B.npy,preprocessed/dolma2-0625/resharded,,,,,OLMo-dolma-0.19B
repeat,190M_seed42_case4_dolma_epoch2_wd0.2_lr3e-3,190m,190000000,0.05,190000000,2,,0.003,0.2,42,6.208172260843678,496.7924499511719,3478624,True,False,dolma_val_loss/chinchilla_0.05/190M/190M_seed42_case4_dolma_epoch2_wd0.2_lr3e-3.json,train_0.19B.npy,preprocessed/dolma2-0625/resharded,,,,,OLMo-dolma-0.19B
repeat,190M_seed42_case4_dolma_epoch4_wd0.1_lr1e-4,190m,190000000,0.05,190000000,4,,0.0001,0.1,42,6.112571101294066,451.4981384277344,3478624,True,False,dolma_val_loss/chinchilla_0.05/190M/190M_seed42_case4_dolma_epoch4_wd0.1_lr1e-4.json,train_0.19B.npy,preprocessed/dolma2-0625/resharded,,,,,OLMo-dolma-0.19B
repeat,190M_seed42_case4_dolma_epoch4_wd0.2_lr1e-4,190m,190000000,0.05,190000000,4,,0.0001,0.2,42,6.115516405797684,452.8297424316406,3478624,True,False,dolma_val_loss/chinchilla_0.05/190M/190M_seed42_case4_dolma_epoch4_wd0.2_lr1e-4.json,train_0.19B.npy,preprocessed/dolma2-0625/resharded,,,,,OLMo-dolma-0.19B
repeat,190M_seed42_case4_dolma_epoch4_wd0.4_lr1e-4,190m,190000000,0.05,190000000,4,,0.0001,0.4,42,6.1187417394769,454.2926025390625,3478624,True,False,dolma_val_loss/chinchilla_0.05/190M/190M_seed42_case4_dolma_epoch4_wd0.4_lr1e-4.json,train_0.19B.npy,preprocessed/dolma2-0625/resharded,,,,,OLMo-dolma-0.19B
repeat,190M_seed42_case4_dolma_epoch4_wd0.8_lr1e-4,190m,190000000,0.05,190000000,4,,0.0001,0.8,42,6.122107027105716,455.8241271972656,3478624,True,False,dolma_val_loss/chinchilla_0.05/190M/190M_seed42_case4_dolma_epoch4_wd0.8_lr1e-4.json,train_0.19B.npy,preprocessed/dolma2-0625/resharded,,,,,OLMo-dolma-0.19B
repeat,190M_seed42_case4_dolma_epoch4_wd1.6_lr1e-4,190m,190000000,0.05,190000000,4,,0.0001,1.6,42,6.131889794047787,460.30523681640625,3478624,True,False,dolma_val_loss/chinchilla_0.05/190M/190M_seed42_case4_dolma_epoch4_wd1.6_lr1e-4.json,train_0.19B.npy,preprocessed/dolma2-0625/resharded,,,,,OLMo-dolma-0.19B
repeat,190M_seed42_case4_dolma_epoch4_wd0.1_lr3e-4,190m,190000000,0.05,190000000,4,,0.0003,0.1,42,5.400226521887004,221.4565887451172,3478624,True,False,dolma_val_loss/chinchilla_0.05/190M/190M_seed42_case4_dolma_epoch4_wd0.1_lr3e-4.json,train_0.19B.npy,preprocessed/dolma2-0625/resharded,,,,,OLMo-dolma-0.19B
repeat,190M_seed42_case4_dolma_epoch4_wd0.2_lr3e-4,190m,190000000,0.05,190000000,4,,0.0003,0.2,42,5.408658972181893,223.33189392089844,3478624,True,False,dolma_val_loss/chinchilla_0.05/190M/190M_seed42_case4_dolma_epoch4_wd0.2_lr3e-4.json,train_0.19B.npy,preprocessed/dolma2-0625/resharded,,,,,OLMo-dolma-0.19B
repeat,190M_seed42_case4_dolma_epoch4_wd0.4_lr3e-4,190m,190000000,0.05,190000000,4,,0.0003,0.4,42,5.427746182885909,227.63565063476562,3478624,True,False,dolma_val_loss/chinchilla_0.05/190M/190M_seed42_case4_dolma_epoch4_wd0.4_lr3e-4.json,train_0.19B.npy,preprocessed/dolma2-0625/resharded,,,,,OLMo-dolma-0.19B
repeat,190M_seed42_case4_dolma_epoch4_wd0.8_lr3e-4,190m,190000000,0.05,190000000,4,,0.0003,0.8,42,5.405812719126244,222.6971435546875,3478624,True,False,dolma_val_loss/chinchilla_0.05/190M/190M_seed42_case4_dolma_epoch4_wd0.8_lr3e-4.json,train_0.19B.npy,preprocessed/dolma2-0625/resharded,,,,,OLMo-dolma-0.19B
repeat,190M_seed42_case4_dolma_epoch4_wd1.6_lr3e-4,190m,190000000,0.05,190000000,4,,0.0003,1.6,42,5.4523585489353374,233.30783081054688,3478624,True,False,dolma_val_loss/chinchilla_0.05/190M/190M_seed42_case4_dolma_epoch4_wd1.6_lr3e-4.json,train_0.19B.npy,preprocessed/dolma2-0625/resharded,,,,,OLMo-dolma-0.19B
repeat,190M_seed42_case4_dolma_epoch4_wd0.1_lr1e-3,190m,190000000,0.05,190000000,4,,0.001,0.1,42,5.1459677583049,171.73764038085938,3478624,True,True,dolma_val_loss/chinchilla_0.05/190M/190M_seed42_case4_dolma_epoch4_wd0.1_lr1e-3.json,train_0.19B.npy,preprocessed/dolma2-0625/resharded,,,,,OLMo-dolma-0.19B
repeat,190M_seed42_case4_dolma_epoch4_wd0.2_lr1e-3,190m,190000000,0.05,190000000,4,,0.001,0.2,42,5.220562656187161,185.03823852539062,3478624,True,False,dolma_val_loss/chinchilla_0.05/190M/190M_seed42_case4_dolma_epoch4_wd0.2_lr1e-3.json,train_0.19B.npy,preprocessed/dolma2-0625/resharded,,,,,OLMo-dolma-0.19B
repeat,190M_seed42_case4_dolma_epoch4_wd0.4_lr1e-3,190m,190000000,0.05,190000000,4,,0.001,0.4,42,5.204978418743684,182.1769561767578,3478624,True,False,dolma_val_loss/chinchilla_0.05/190M/190M_seed42_case4_dolma_epoch4_wd0.4_lr1e-3.json,train_0.19B.npy,preprocessed/dolma2-0625/resharded,,,,,OLMo-dolma-0.19B
repeat,190M_seed42_case4_dolma_epoch4_wd0.8_lr1e-3,190m,190000000,0.05,190000000,4,,0.001,0.8,42,5.222648016539505,185.424560546875,3478624,True,False,dolma_val_loss/chinchilla_0.05/190M/190M_seed42_case4_dolma_epoch4_wd0.8_lr1e-3.json,train_0.19B.npy,preprocessed/dolma2-0625/resharded,,,,,OLMo-dolma-0.19B
repeat,190M_seed42_case4_dolma_epoch4_wd1.6_lr1e-3,190m,190000000,0.05,190000000,4,,0.001,1.6,42,5.2698038831398835,194.3778533935547,3478624,True,False,dolma_val_loss/chinchilla_0.05/190M/190M_seed42_case4_dolma_epoch4_wd1.6_lr1e-3.json,train_0.19B.npy,preprocessed/dolma2-0625/resharded,,,,,OLMo-dolma-0.19B
repeat,190M_seed42_case4_dolma_epoch4_wd0.1_lr3e-3,190m,190000000,0.05,190000000,4,,0.003,0.1,42,5.387214304044187,218.5935821533203,3478624,True,False,dolma_val_loss/chinchilla_0.05/190M/190M_seed42_case4_dolma_epoch4_wd0.1_lr3e-3.json,train_0.19B.npy,preprocessed/dolma2-0625/resharded,,,,,OLMo-dolma-0.19B
repeat,190M_seed42_case4_dolma_epoch4_wd0.2_lr3e-3,190m,190000000,0.05,190000000,4,,0.003,0.2,42,5.571597371465498,262.85369873046875,3478624,True,False,dolma_val_loss/chinchilla_0.05/190M/190M_seed42_case4_dolma_epoch4_wd0.2_lr3e-3.json,train_0.19B.npy,preprocessed/dolma2-0625/resharded,,,,,OLMo-dolma-0.19B
repeat,190M_seed42_case4_dolma_epoch4_wd0.4_lr3e-3,190m,190000000,0.05,190000000,4,,0.003,0.4,42,5.326203550950233,205.6556854248047,3478624,True,False,dolma_val_loss/chinchilla_0.05/190M/190M_seed42_case4_dolma_epoch4_wd0.4_lr3e-3.json,train_0.19B.npy,preprocessed/dolma2-0625/resharded,,,,,OLMo-dolma-0.19B
repeat,190M_seed42_case4_dolma_epoch4_wd0.8_lr3e-3,190m,190000000,0.05,190000000,4,,0.003,0.8,42,5.37584544628741,216.1225128173828,3478624,True,False,dolma_val_loss/chinchilla_0.05/190M/190M_seed42_case4_dolma_epoch4_wd0.8_lr3e-3.json,train_0.19B.npy,preprocessed/dolma2-0625/resharded,,,,,OLMo-dolma-0.19B
repeat,190M_seed42_case4_dolma_epoch4_wd1.6_lr3e-3,190m,190000000,0.05,190000000,4,,0.003,1.6,42,5.596294642295277,269.4263000488281,3478624,True,False,dolma_val_loss/chinchilla_0.05/190M/190M_seed42_case4_dolma_epoch4_wd1.6_lr3e-3.json,train_0.19B.npy,preprocessed/dolma2-0625/resharded,,,,,OLMo-dolma-0.19B
repeat,190M_seed42_case4_dolma_epoch8_wd0.4_lr3e-3,190m,190000000,0.05,190000000,8,,0.003,0.4,42,4.1332756246081646,62.381919860839844,3478624,True,True,dolma_val_loss/chinchilla_0.05/190M/190M_seed42_case4_dolma_epoch8_wd0.4_lr3e-3.json,train_0.19B.npy,preprocessed/dolma2-0625/resharded,,,,,OLMo-dolma-0.19B
repeat,190M_seed42_case4_dolma_epoch16_wd0.1_lr1e-4,190m,190000000,0.05,190000000,16,,0.0001,0.1,42,4.8215941735724295,124.16287994384766,3478624,True,False,dolma_val_loss/chinchilla_0.05/190M/190M_seed42_case4_dolma_epoch16_wd0.1_lr1e-4.json,train_0.19B.npy,preprocessed/dolma2-0625/resharded,,,,,OLMo-dolma-0.19B
repeat,190M_seed42_case4_dolma_epoch16_wd0.2_lr1e-4,190m,190000000,0.05,190000000,16,,0.0001,0.2,42,4.823634463950514,124.41647338867188,3478624,True,False,dolma_val_loss/chinchilla_0.05/190M/190M_seed42_case4_dolma_epoch16_wd0.2_lr1e-4.json,train_0.19B.npy,preprocessed/dolma2-0625/resharded,,,,,OLMo-dolma-0.19B
repeat,190M_seed42_case4_dolma_epoch16_wd0.4_lr1e-4,190m,190000000,0.05,190000000,16,,0.0001,0.4,42,4.825216447650058,124.61341857910156,3478624,True,False,dolma_val_loss/chinchilla_0.05/190M/190M_seed42_case4_dolma_epoch16_wd0.4_lr1e-4.json,train_0.19B.npy,preprocessed/dolma2-0625/resharded,,,,,OLMo-dolma-0.19B
repeat,190M_seed42_case4_dolma_epoch16_wd0.8_lr1e-4,190m,190000000,0.05,190000000,16,,0.0001,0.8,42,4.831048067057751,125.34225463867188,3478624,True,False,dolma_val_loss/chinchilla_0.05/190M/190M_seed42_case4_dolma_epoch16_wd0.8_lr1e-4.json,train_0.19B.npy,preprocessed/dolma2-0625/resharded,,,,,OLMo-dolma-0.19B
repeat,190M_seed42_case4_dolma_epoch16_wd1.6_lr1e-4,190m,190000000,0.05,190000000,16,,0.0001,1.6,42,4.847994029201184,127.48438262939453,3478624,True,False,dolma_val_loss/chinchilla_0.05/190M/190M_seed42_case4_dolma_epoch16_wd1.6_lr1e-4.json,train_0.19B.npy,preprocessed/dolma2-0625/resharded,,,,,OLMo-dolma-0.19B
repeat,190M_seed42_case4_dolma_epoch16_wd0.1_lr3e-4,190m,190000000,0.05,190000000,16,,0.0003,0.1,42,3.98185260420421,53.616268157958984,3478624,True,False,dolma_val_loss/chinchilla_0.05/190M/190M_seed42_case4_dolma_epoch16_wd0.1_lr3e-4.json,train_0.19B.npy,preprocessed/dolma2-0625/resharded,,,,,OLMo-dolma-0.19B
repeat,190M_seed42_case4_dolma_epoch16_wd0.2_lr3e-4,190m,190000000,0.05,190000000,16,,0.0003,0.2,42,3.9790635637119465,53.46693801879883,3478624,True,False,dolma_val_loss/chinchilla_0.05/190M/190M_seed42_case4_dolma_epoch16_wd0.2_lr3e-4.json,train_0.19B.npy,preprocessed/dolma2-0625/resharded,,,,,OLMo-dolma-0.19B
repeat,190M_seed42_case4_dolma_epoch16_wd0.4_lr3e-4,190m,190000000,0.05,190000000,16,,0.0003,0.4,42,3.9780850168549042,53.414649963378906,3478624,True,False,dolma_val_loss/chinchilla_0.05/190M/190M_seed42_case4_dolma_epoch16_wd0.4_lr3e-4.json,train_0.19B.npy,preprocessed/dolma2-0625/resharded,,,,,OLMo-dolma-0.19B
repeat,190M_seed42_case4_dolma_epoch16_wd0.8_lr3e-4,190m,190000000,0.05,190000000,16,,0.0003,0.8,42,3.978569345041652,53.440521240234375,3478624,True,False,dolma_val_loss/chinchilla_0.05/190M/190M_seed42_case4_dolma_epoch16_wd0.8_lr3e-4.json,train_0.19B.npy,preprocessed/dolma2-0625/resharded,,,,,OLMo-dolma-0.19B
repeat,190M_seed42_case4_dolma_epoch16_wd1.6_lr3e-4,190m,190000000,0.05,190000000,16,,0.0003,1.6,42,4.00453425471829,54.84627151489258,3478624,True,False,dolma_val_loss/chinchilla_0.05/190M/190M_seed42_case4_dolma_epoch16_wd1.6_lr3e-4.json,train_0.19B.npy,preprocessed/dolma2-0625/resharded,,,,,OLMo-dolma-0.19B
repeat,190M_seed42_case4_dolma_epoch16_wd0.1_lr1e-3,190m,190000000,0.05,190000000,16,,0.001,0.1,42,3.705133580739962,40.65548324584961,3478624,True,False,dolma_val_loss/chinchilla_0.05/190M/190M_seed42_case4_dolma_epoch16_wd0.1_lr1e-3.json,train_0.19B.npy,preprocessed/dolma2-0625/resharded,,,,,OLMo-dolma-0.19B
repeat,190M_seed42_case4_dolma_epoch16_wd0.2_lr1e-3,190m,190000000,0.05,190000000,16,,0.001,0.2,42,3.691478246774308,40.104087829589844,3478624,True,False,dolma_val_loss/chinchilla_0.05/190M/190M_seed42_case4_dolma_epoch16_wd0.2_lr1e-3.json,train_0.19B.npy,preprocessed/dolma2-0625/resharded,,,,,OLMo-dolma-0.19B
repeat,190M_seed42_case4_dolma_epoch16_wd0.4_lr1e-3,190m,190000000,0.05,190000000,16,,0.001,0.4,42,3.6618902816715613,38.934871673583984,3478624,True,False,dolma_val_loss/chinchilla_0.05/190M/190M_seed42_case4_dolma_epoch16_wd0.4_lr1e-3.json,train_0.19B.npy,preprocessed/dolma2-0625/resharded,,,,,OLMo-dolma-0.19B
repeat,190M_seed42_case4_dolma_epoch16_wd0.8_lr1e-3,190m,190000000,0.05,190000000,16,,0.001,0.8,42,3.640216505497778,38.1000862121582,3478624,True,False,dolma_val_loss/chinchilla_0.05/190M/190M_seed42_case4_dolma_epoch16_wd0.8_lr1e-3.json,train_0.19B.npy,preprocessed/dolma2-0625/resharded,,,,,OLMo-dolma-0.19B
repeat,190M_seed42_case4_dolma_epoch16_wd1.6_lr1e-3,190m,190000000,0.05,190000000,16,,0.001,1.6,42,3.675902470535494,39.48426818847656,3478624,True,False,dolma_val_loss/chinchilla_0.05/190M/190M_seed42_case4_dolma_epoch16_wd1.6_lr1e-3.json,train_0.19B.npy,preprocessed/dolma2-0625/resharded,,,,,OLMo-dolma-0.19B
repeat,190M_seed42_case4_dolma_epoch16_wd0.1_lr3e-3,190m,190000000,0.05,190000000,16,,0.003,0.1,42,3.691629283267451,40.11014175415039,3478624,True,False,dolma_val_loss/chinchilla_0.05/190M/190M_seed42_case4_dolma_epoch16_wd0.1_lr3e-3.json,train_0.19B.npy,preprocessed/dolma2-0625/resharded,,,,,OLMo-dolma-0.19B
repeat,190M_seed42_case4_dolma_epoch16_wd0.2_lr3e-3,190m,190000000,0.05,190000000,16,,0.003,0.2,42,3.692745447678607,40.154937744140625,3478624,True,False,dolma_val_loss/chinchilla_0.05/190M/190M_seed42_case4_dolma_epoch16_wd0.2_lr3e-3.json,train_0.19B.npy,preprocessed/dolma2-0625/resharded,,,,,OLMo-dolma-0.19B
repeat,190M_seed42_case4_dolma_epoch16_wd0.4_lr3e-3,190m,190000000,0.05,190000000,16,,0.003,0.4,42,3.6343592573967016,37.87757873535156,3478624,True,False,dolma_val_loss/chinchilla_0.05/190M/190M_seed42_case4_dolma_epoch16_wd0.4_lr3e-3.json,train_0.19B.npy,preprocessed/dolma2-0625/resharded,,,,,OLMo-dolma-0.19B
repeat,190M_seed42_case4_dolma_epoch16_wd0.8_lr3e-3,190m,190000000,0.05,190000000,16,,0.003,0.8,42,3.5927963935506537,36.335540771484375,3478624,True,True,dolma_val_loss/chinchilla_0.05/190M/190M_seed42_case4_dolma_epoch16_wd0.8_lr3e-3.json,train_0.19B.npy,preprocessed/dolma2-0625/resharded,,,,,OLMo-dolma-0.19B
repeat,190M_seed42_case4_dolma_epoch16_wd1.6_lr3e-3,190m,190000000,0.05,190000000,16,,0.003,1.6,42,3.673786205334665,39.40080261230469,3478624,True,False,dolma_val_loss/chinchilla_0.05/190M/190M_seed42_case4_dolma_epoch16_wd1.6_lr3e-3.json,train_0.19B.npy,preprocessed/dolma2-0625/resharded,,,,,OLMo-dolma-0.19B
repeat,190M_seed42_case4_dolma_epoch32_wd1.6_lr3e-3,190m,190000000,0.05,190000000,32,,0.003,1.6,42,3.721121579888139,41.310699462890625,3478624,True,True,dolma_val_loss/chinchilla_0.05/190M/190M_seed42_case4_dolma_epoch32_wd1.6_lr3e-3.json,train_0.19B.npy,preprocessed/dolma2-0625/resharded,,,,,OLMo-dolma-0.19B
repeat,190M_seed42_case4_dolma_epoch64_wd0.1_lr1e-4,190m,190000000,0.05,190000000,64,,0.0001,0.1,42,3.9192530922147215,50.362815856933594,3478624,True,False,dolma_val_loss/chinchilla_0.05/190M/190M_seed42_case4_dolma_epoch64_wd0.1_lr1e-4.json,train_0.19B.npy,preprocessed/dolma2-0625/resharded,,,,,OLMo-dolma-0.19B
repeat,190M_seed42_case4_dolma_epoch64_wd0.4_lr1e-4,190m,190000000,0.05,190000000,64,,0.0001,0.4,42,3.901112357637563,49.45743179321289,3478624,True,False,dolma_val_loss/chinchilla_0.05/190M/190M_seed42_case4_dolma_epoch64_wd0.4_lr1e-4.json,train_0.19B.npy,preprocessed/dolma2-0625/resharded,,,,,OLMo-dolma-0.19B
repeat,190M_seed42_case4_dolma_epoch64_wd0.8_lr1e-4,190m,190000000,0.05,190000000,64,,0.0001,0.8,42,3.8890731692071796,48.86557388305664,3478624,True,False,dolma_val_loss/chinchilla_0.05/190M/190M_seed42_case4_dolma_epoch64_wd0.8_lr1e-4.json,train_0.19B.npy,preprocessed/dolma2-0625/resharded,,,,,OLMo-dolma-0.19B
repeat,190M_seed42_case4_dolma_epoch64_wd1.6_lr1e-4,190m,190000000,0.05,190000000,64,,0.0001,1.6,42,3.8947621653913345,49.144371032714844,3478624,True,False,dolma_val_loss/chinchilla_0.05/190M/190M_seed42_case4_dolma_epoch64_wd1.6_lr1e-4.json,train_0.19B.npy,preprocessed/dolma2-0625/resharded,,,,,OLMo-dolma-0.19B
repeat,190M_seed42_case4_dolma_epoch64_wd0.1_lr3e-4,190m,190000000,0.05,190000000,64,,0.0003,0.1,42,4.867950240203297,130.05409240722656,3478624,True,False,dolma_val_loss/chinchilla_0.05/190M/190M_seed42_case4_dolma_epoch64_wd0.1_lr3e-4.json,train_0.19B.npy,preprocessed/dolma2-0625/resharded,,,,,OLMo-dolma-0.19B
repeat,190M_seed42_case4_dolma_epoch64_wd0.2_lr3e-4,190m,190000000,0.05,190000000,64,,0.0003,0.2,42,4.78030136440926,119.14027404785156,3478624,True,False,dolma_val_loss/chinchilla_0.05/190M/190M_seed42_case4_dolma_epoch64_wd0.2_lr3e-4.json,train_0.19B.npy,preprocessed/dolma2-0625/resharded,,,,,OLMo-dolma-0.19B
repeat,190M_seed42_case4_dolma_epoch64_wd0.4_lr3e-4,190m,190000000,0.05,190000000,64,,0.0003,0.4,42,4.602673207324016,99.75059509277344,3478624,True,False,dolma_val_loss/chinchilla_0.05/190M/190M_seed42_case4_dolma_epoch64_wd0.4_lr3e-4.json,train_0.19B.npy,preprocessed/dolma2-0625/resharded,,,,,OLMo-dolma-0.19B
repeat,190M_seed42_case4_dolma_epoch64_wd0.8_lr3e-4,190m,190000000,0.05,190000000,64,,0.0003,0.8,42,4.334019031556416,76.25013732910156,3478624,True,False,dolma_val_loss/chinchilla_0.05/190M/190M_seed42_case4_dolma_epoch64_wd0.8_lr3e-4.json,train_0.19B.npy,preprocessed/dolma2-0625/resharded,,,,,OLMo-dolma-0.19B
repeat,190M_seed42_case4_dolma_epoch64_wd1.6_lr3e-4,190m,190000000,0.05,190000000,64,,0.0003,1.6,42,4.105471549533778,60.67135238647461,3478624,True,False,dolma_val_loss/chinchilla_0.05/190M/190M_seed42_case4_dolma_epoch64_wd1.6_lr3e-4.json,train_0.19B.npy,preprocessed/dolma2-0625/resharded,,,,,OLMo-dolma-0.19B
repeat,190M_seed42_case4_dolma_epoch64_wd0.1_lr1e-3,190m,190000000,0.05,190000000,64,,0.001,0.1,42,6.230101821791192,507.80706787109375,3478624,True,False,dolma_val_loss/chinchilla_0.05/190M/190M_seed42_case4_dolma_epoch64_wd0.1_lr1e-3.json,train_0.19B.npy,preprocessed/dolma2-0625/resharded,,,,,OLMo-dolma-0.19B
repeat,190M_seed42_case4_dolma_epoch64_wd0.2_lr1e-3,190m,190000000,0.05,190000000,64,,0.001,0.2,42,5.876745211067787,356.64654541015625,3478624,True,False,dolma_val_loss/chinchilla_0.05/190M/190M_seed42_case4_dolma_epoch64_wd0.2_lr1e-3.json,train_0.19B.npy,preprocessed/dolma2-0625/resharded,,,,,OLMo-dolma-0.19B
repeat,190M_seed42_case4_dolma_epoch64_wd0.4_lr1e-3,190m,190000000,0.05,190000000,64,,0.001,0.4,42,5.326025043808181,205.6190185546875,3478624,True,False,dolma_val_loss/chinchilla_0.05/190M/190M_seed42_case4_dolma_epoch64_wd0.4_lr1e-3.json,train_0.19B.npy,preprocessed/dolma2-0625/resharded,,,,,OLMo-dolma-0.19B
repeat,190M_seed42_case4_dolma_epoch64_wd0.8_lr1e-3,190m,190000000,0.05,190000000,64,,0.001,0.8,42,4.7788589383353335,118.96854400634766,3478624,True,False,dolma_val_loss/chinchilla_0.05/190M/190M_seed42_case4_dolma_epoch64_wd0.8_lr1e-3.json,train_0.19B.npy,preprocessed/dolma2-0625/resharded,,,,,OLMo-dolma-0.19B
repeat,190M_seed42_case4_dolma_epoch64_wd1.6_lr1e-3,190m,190000000,0.05,190000000,64,,0.001,1.6,42,4.149499994550422,63.40228271484375,3478624,True,False,dolma_val_loss/chinchilla_0.05/190M/190M_seed42_case4_dolma_epoch64_wd1.6_lr1e-3.json,train_0.19B.npy,preprocessed/dolma2-0625/resharded,,,,,OLMo-dolma-0.19B
repeat,190M_seed42_case4_dolma_epoch64_wd0.1_lr3e-3,190m,190000000,0.05,190000000,64,,0.003,0.1,42,6.3362580684796725,564.6792602539062,3478624,True,False,dolma_val_loss/chinchilla_0.05/190M/190M_seed42_case4_dolma_epoch64_wd0.1_lr3e-3.json,train_0.19B.npy,preprocessed/dolma2-0625/resharded,,,,,OLMo-dolma-0.19B
repeat,190M_seed42_case4_dolma_epoch64_wd0.2_lr3e-3,190m,190000000,0.05,190000000,64,,0.003,0.2,42,5.698947183643276,298.5528564453125,3478624,True,False,dolma_val_loss/chinchilla_0.05/190M/190M_seed42_case4_dolma_epoch64_wd0.2_lr3e-3.json,train_0.19B.npy,preprocessed/dolma2-0625/resharded,,,,,OLMo-dolma-0.19B
repeat,190M_seed42_case4_dolma_epoch64_wd0.4_lr3e-3,190m,190000000,0.05,190000000,64,,0.003,0.4,42,4.821861858803581,124.19609832763672,3478624,True,False,dolma_val_loss/chinchilla_0.05/190M/190M_seed42_case4_dolma_epoch64_wd0.4_lr3e-3.json,train_0.19B.npy,preprocessed/dolma2-0625/resharded,,,,,OLMo-dolma-0.19B
repeat,190M_seed42_case4_dolma_epoch64_wd0.8_lr3e-3,190m,190000000,0.05,190000000,64,,0.003,0.8,42,4.182603280507676,65.53624725341797,3478624,True,False,dolma_val_loss/chinchilla_0.05/190M/190M_seed42_case4_dolma_epoch64_wd0.8_lr3e-3.json,train_0.19B.npy,preprocessed/dolma2-0625/resharded,,,,,OLMo-dolma-0.19B
repeat,190M_seed42_case4_dolma_epoch64_wd1.6_lr3e-3,190m,190000000,0.05,190000000,64,,0.003,1.6,42,3.862894964449305,47.602962493896484,3478624,True,True,dolma_val_loss/chinchilla_0.05/190M/190M_seed42_case4_dolma_epoch64_wd1.6_lr3e-3.json,train_0.19B.npy,preprocessed/dolma2-0625/resharded,,,,,OLMo-dolma-0.19B
repeat,190M_seed42_case4_dolma_epoch1_wd0.1_lr1e-3,190m,190000000,0.1,380000000,1,,0.001,0.1,42,6.051832871363073,424.8909912109375,3478624,True,True,dolma_val_loss/chinchilla_0.1/190M/190M_seed42_case4_dolma_epoch1_wd0.1_lr1e-3.json,train_0.38B.npy,preprocessed/dolma2-0625/resharded,,,,,OLMo-dolma-0.38B
repeat,190M_seed42_case4_dolma_epoch1_wd0.2_lr1e-3,190m,190000000,0.1,380000000,1,,0.001,0.2,42,6.085747431735827,439.5481262207031,3478624,True,False,dolma_val_loss/chinchilla_0.1/190M/190M_seed42_case4_dolma_epoch1_wd0.2_lr1e-3.json,train_0.38B.npy,preprocessed/dolma2-0625/resharded,,,,,OLMo-dolma-0.38B
repeat,190M_seed42_case4_dolma_epoch1_wd0.1_lr3e-3,190m,190000000,0.1,380000000,1,,0.003,0.1,42,6.2165243347123615,500.95892333984375,3478624,True,False,dolma_val_loss/chinchilla_0.1/190M/190M_seed42_case4_dolma_epoch1_wd0.1_lr3e-3.json,train_0.38B.npy,preprocessed/dolma2-0625/resharded,,,,,OLMo-dolma-0.38B
repeat,190M_seed42_case4_dolma_epoch1_wd0.2_lr3e-3,190m,190000000,0.1,380000000,1,,0.003,0.2,42,6.2240748847741685,504.755859375,3478624,True,False,dolma_val_loss/chinchilla_0.1/190M/190M_seed42_case4_dolma_epoch1_wd0.2_lr3e-3.json,train_0.38B.npy,preprocessed/dolma2-0625/resharded,,,,,OLMo-dolma-0.38B
repeat,190M_seed42_case4_dolma_epoch2_wd0.1_lr1e-3,190m,190000000,0.1,380000000,2,,0.001,0.1,42,5.182796155394121,178.18031311035156,3478624,True,False,dolma_val_loss/chinchilla_0.1/190M/190M_seed42_case4_dolma_epoch2_wd0.1_lr1e-3.json,train_0.38B.npy,preprocessed/dolma2-0625/resharded,,,,,OLMo-dolma-0.38B
repeat,190M_seed42_case4_dolma_epoch2_wd0.2_lr1e-3,190m,190000000,0.1,380000000,2,,0.001,0.2,42,5.174976861810158,176.79251098632812,3478624,True,True,dolma_val_loss/chinchilla_0.1/190M/190M_seed42_case4_dolma_epoch2_wd0.2_lr1e-3.json,train_0.38B.npy,preprocessed/dolma2-0625/resharded,,,,,OLMo-dolma-0.38B
repeat,190M_seed42_case4_dolma_epoch2_wd0.1_lr3e-3,190m,190000000,0.1,380000000,2,,0.003,0.1,42,5.434218057682996,229.1136016845703,3478624,True,False,dolma_val_loss/chinchilla_0.1/190M/190M_seed42_case4_dolma_epoch2_wd0.1_lr3e-3.json,train_0.38B.npy,preprocessed/dolma2-0625/resharded,,,,,OLMo-dolma-0.38B
repeat,190M_seed42_case4_dolma_epoch2_wd0.2_lr3e-3,190m,190000000,0.1,380000000,2,,0.003,0.2,42,5.466120879076172,236.54080200195312,3478624,True,False,dolma_val_loss/chinchilla_0.1/190M/190M_seed42_case4_dolma_epoch2_wd0.2_lr3e-3.json,train_0.38B.npy,preprocessed/dolma2-0625/resharded,,,,,OLMo-dolma-0.38B
repeat,190M_seed42_case4_dolma_epoch4_wd0.1_lr1e-3,190m,190000000,0.1,380000000,4,,0.001,0.1,42,4.096950626209238,60.15656280517578,3478624,True,False,dolma_val_loss/chinchilla_0.1/190M/190M_seed42_case4_dolma_epoch4_wd0.1_lr1e-3.json,train_0.38B.npy,preprocessed/dolma2-0625/resharded,,,,,OLMo-dolma-0.38B
repeat,190M_seed42_case4_dolma_epoch4_wd0.2_lr3e-3,190m,190000000,0.1,380000000,4,,0.003,0.2,42,4.072794777520149,58.72085189819336,3478624,True,True,dolma_val_loss/chinchilla_0.1/190M/190M_seed42_case4_dolma_epoch4_wd0.2_lr3e-3.json,train_0.38B.npy,preprocessed/dolma2-0625/resharded,,,,,OLMo-dolma-0.38B
repeat,190M_seed42_case4_dolma_epoch4_wd0.4_lr3e-3,190m,190000000,0.1,380000000,4,,0.003,0.4,42,4.0976415563252795,60.19813919067383,3478624,True,False,dolma_val_loss/chinchilla_0.1/190M/190M_seed42_case4_dolma_epoch4_wd0.4_lr3e-3.json,train_0.38B.npy,preprocessed/dolma2-0625/resharded,,,,,OLMo-dolma-0.38B
repeat,190M_seed42_case4_dolma_epoch8_wd0.4_lr3e-3,190m,190000000,0.1,380000000,8,,0.003,0.4,42,3.4630662265616063,31.914688110351562,3478624,True,True,dolma_val_loss/chinchilla_0.1/190M/190M_seed42_case4_dolma_epoch8_wd0.4_lr3e-3.json,train_0.38B.npy,preprocessed/dolma2-0625/resharded,,,,,OLMo-dolma-0.38B
repeat,190M_seed42_case4_dolma_epoch16_wd0.8_lr3e-3,190m,190000000,0.1,380000000,16,,0.003,0.8,42,3.2827054311431985,26.64777183532715,3478624,True,True,dolma_val_loss/chinchilla_0.1/190M/190M_seed42_case4_dolma_epoch16_wd0.8_lr3e-3.json,train_0.38B.npy,preprocessed/dolma2-0625/resharded,,,,,OLMo-dolma-0.38B
repeat,190M_seed42_case4_dolma_epoch32_wd1.6_lr3e-3,190m,190000000,0.1,380000000,32,,0.003,1.6,42,3.4115450271277568,30.312042236328125,3478624,True,True,dolma_val_loss/chinchilla_0.1/190M/190M_seed42_case4_dolma_epoch32_wd1.6_lr3e-3.json,train_0.38B.npy,preprocessed/dolma2-0625/resharded,,,,,OLMo-dolma-0.38B
repeat,190M_seed42_case4_dolma_epoch1_wd0.1_lr1e-3,190m,190000000,0.25,950000000,1,,0.001,0.1,42,4.836398141459813,126.01464080810547,3478624,True,True,dolma_val_loss/chinchilla_0.25/190M/190M_seed42_case4_dolma_epoch1_wd0.1_lr1e-3.json,train_0.95B.npy,preprocessed/dolma2-0625/resharded,,,,,OLMo-dolma-0.95B
repeat,190M_seed42_case4_dolma_epoch1_wd0.2_lr1e-3,190m,190000000,0.25,950000000,1,,0.001,0.2,42,4.841238245506588,126.62602233886719,3478624,True,False,dolma_val_loss/chinchilla_0.25/190M/190M_seed42_case4_dolma_epoch1_wd0.2_lr1e-3.json,train_0.95B.npy,preprocessed/dolma2-0625/resharded,,,,,OLMo-dolma-0.95B
repeat,190M_seed42_case4_dolma_epoch1_wd0.1_lr3e-3,190m,190000000,0.25,950000000,1,,0.003,0.1,42,5.069705793888214,159.12753295898438,3478624,True,False,dolma_val_loss/chinchilla_0.25/190M/190M_seed42_case4_dolma_epoch1_wd0.1_lr3e-3.json,train_0.95B.npy,preprocessed/dolma2-0625/resharded,,,,,OLMo-dolma-0.95B
repeat,190M_seed42_case4_dolma_epoch1_wd0.2_lr3e-3,190m,190000000,0.25,950000000,1,,0.003,0.2,42,5.16973266753158,175.8677978515625,3478624,True,False,dolma_val_loss/chinchilla_0.25/190M/190M_seed42_case4_dolma_epoch1_wd0.2_lr3e-3.json,train_0.95B.npy,preprocessed/dolma2-0625/resharded,,,,,OLMo-dolma-0.95B
repeat,190M_seed42_case4_dolma_epoch2_wd0.1_lr1e-3,190m,190000000,0.25,950000000,2,,0.001,0.1,42,3.836797427868794,46.376712799072266,3478624,True,False,dolma_val_loss/chinchilla_0.25/190M/190M_seed42_case4_dolma_epoch2_wd0.1_lr1e-3.json,train_0.95B.npy,preprocessed/dolma2-0625/resharded,,,,,OLMo-dolma-0.95B
repeat,190M_seed42_case4_dolma_epoch2_wd0.2_lr1e-3,190m,190000000,0.25,950000000,2,,0.001,0.2,42,3.8471902525868975,46.8612060546875,3478624,True,False,dolma_val_loss/chinchilla_0.25/190M/190M_seed42_case4_dolma_epoch2_wd0.2_lr1e-3.json,train_0.95B.npy,preprocessed/dolma2-0625/resharded,,,,,OLMo-dolma-0.95B
repeat,190M_seed42_case4_dolma_epoch2_wd0.1_lr3e-3,190m,190000000,0.25,950000000,2,,0.003,0.1,42,3.7622445347839717,43.04492950439453,3478624,True,True,dolma_val_loss/chinchilla_0.25/190M/190M_seed42_case4_dolma_epoch2_wd0.1_lr3e-3.json,train_0.95B.npy,preprocessed/dolma2-0625/resharded,,,,,OLMo-dolma-0.95B
repeat,190M_seed42_case4_dolma_epoch2_wd0.2_lr3e-3,190m,190000000,0.25,950000000,2,,0.003,0.2,42,3.7744594558078135,43.573944091796875,3478624,True,False,dolma_val_loss/chinchilla_0.25/190M/190M_seed42_case4_dolma_epoch2_wd0.2_lr3e-3.json,train_0.95B.npy,preprocessed/dolma2-0625/resharded,,,,,OLMo-dolma-0.95B
repeat,190M_seed42_case4_dolma_epoch4_wd0.1_lr3e-3,190m,190000000,0.25,950000000,4,,0.003,0.1,42,3.3117131310565884,27.432083129882812,3478624,True,False,dolma_val_loss/chinchilla_0.25/190M/190M_seed42_case4_dolma_epoch4_wd0.1_lr3e-3.json,train_0.95B.npy,preprocessed/dolma2-0625/resharded,,,,,OLMo-dolma-0.95B
repeat,190M_seed42_case4_dolma_epoch4_wd0.2_lr3e-3,190m,190000000,0.25,950000000,4,,0.003,0.2,42,3.321006808730599,27.68821144104004,3478624,True,False,dolma_val_loss/chinchilla_0.25/190M/190M_seed42_case4_dolma_epoch4_wd0.2_lr3e-3.json,train_0.95B.npy,preprocessed/dolma2-0625/resharded,,,,,OLMo-dolma-0.95B
repeat,190M_seed42_case4_dolma_epoch4_wd0.4_lr3e-3,190m,190000000,0.25,950000000,4,,0.003,0.4,42,3.2972412623115313,27.037944793701172,3478624,True,True,dolma_val_loss/chinchilla_0.25/190M/190M_seed42_case4_dolma_epoch4_wd0.4_lr3e-3.json,train_0.95B.npy,preprocessed/dolma2-0625/resharded,,,,,OLMo-dolma-0.95B
repeat,190M_seed42_case4_dolma_epoch8_wd0.4_lr3e-3,190m,190000000,0.25,950000000,8,,0.003,0.4,42,3.0863974959858185,21.898046493530273,3478624,True,True,dolma_val_loss/chinchilla_0.25/190M/190M_seed42_case4_dolma_epoch8_wd0.4_lr3e-3.json,train_0.95B.npy,preprocessed/dolma2-0625/resharded,,,,,OLMo-dolma-0.95B
repeat,190M_seed42_case4_dolma_epoch16_wd0.1_lr3e-3,190m,190000000,0.25,950000000,16,,0.003,0.1,42,3.047483512168656,21.062273025512695,3478624,True,False,dolma_val_loss/chinchilla_0.25/190M/190M_seed42_case4_dolma_epoch16_wd0.1_lr3e-3.json,train_0.95B.npy,preprocessed/dolma2-0625/resharded,,,,,OLMo-dolma-0.95B
repeat,190M_seed42_case4_dolma_epoch16_wd0.2_lr3e-3,190m,190000000,0.25,950000000,16,,0.003,0.2,42,3.0206351610380033,20.504310607910156,3478624,True,True,dolma_val_loss/chinchilla_0.25/190M/190M_seed42_case4_dolma_epoch16_wd0.2_lr3e-3.json,train_0.95B.npy,preprocessed/dolma2-0625/resharded,,,,,OLMo-dolma-0.95B
repeat,190M_seed42_case4_dolma_epoch16_wd0.8_lr3e-3,190m,190000000,0.25,950000000,16,,0.003,0.8,42,3.0566154905360254,21.2554988861084,3478624,True,False,dolma_val_loss/chinchilla_0.25/190M/190M_seed42_case4_dolma_epoch16_wd0.8_lr3e-3.json,train_0.95B.npy,preprocessed/dolma2-0625/resharded,,,,,OLMo-dolma-0.95B
repeat,190M_seed42_case4_dolma_epoch32_wd0.2_lr3e-3,190m,190000000,0.25,950000000,32,,0.003,0.2,42,3.036813026498476,20.83872413635254,3478624,True,True,dolma_val_loss/chinchilla_0.25/190M/190M_seed42_case4_dolma_epoch32_wd0.2_lr3e-3.json,train_0.95B.npy,preprocessed/dolma2-0625/resharded,,,,,OLMo-dolma-0.95B
repeat,190M_seed42_case4_dolma_epoch1_wd0.1_lr1e-3,190m,190000000,0.5,1900000000,1,,0.001,0.1,42,3.827215811383525,45.93447494506836,3478624,True,False,dolma_val_loss/chinchilla_0.5/190M/190M_seed42_case4_dolma_epoch1_wd0.1_lr1e-3.json,train_1.9B.npy,preprocessed/dolma2-0625/resharded,,,,,OLMo-dolma-1.9B
repeat,190M_seed42_case4_dolma_epoch1_wd0.2_lr1e-3,190m,190000000,0.5,1900000000,1,,0.001,0.2,42,3.7873522309934904,44.13937759399414,3478624,True,True,dolma_val_loss/chinchilla_0.5/190M/190M_seed42_case4_dolma_epoch1_wd0.2_lr1e-3.json,train_1.9B.npy,preprocessed/dolma2-0625/resharded,,,,,OLMo-dolma-1.9B
repeat,190M_seed42_case4_dolma_epoch1_wd0.1_lr3e-3,190m,190000000,0.5,1900000000,1,,0.003,0.1,42,3.8365127320081562,46.3635139465332,3478624,True,False,dolma_val_loss/chinchilla_0.5/190M/190M_seed42_case4_dolma_epoch1_wd0.1_lr3e-3.json,train_1.9B.npy,preprocessed/dolma2-0625/resharded,,,,,OLMo-dolma-1.9B
repeat,190M_seed42_case4_dolma_epoch1_wd0.2_lr3e-3,190m,190000000,0.5,1900000000,1,,0.003,0.2,42,3.8005217002537317,44.72450637817383,3478624,True,False,dolma_val_loss/chinchilla_0.5/190M/190M_seed42_case4_dolma_epoch1_wd0.2_lr3e-3.json,train_1.9B.npy,preprocessed/dolma2-0625/resharded,,,,,OLMo-dolma-1.9B
repeat,190M_seed42_case4_dolma_epoch2_wd0.1_lr1e-3,190m,190000000,0.5,1900000000,2,,0.001,0.1,42,3.3672345202223144,28.998220443725586,3478624,True,False,dolma_val_loss/chinchilla_0.5/190M/190M_seed42_case4_dolma_epoch2_wd0.1_lr1e-3.json,train_1.9B.npy,preprocessed/dolma2-0625/resharded,,,,,OLMo-dolma-1.9B
repeat,190M_seed42_case4_dolma_epoch2_wd0.2_lr1e-3,190m,190000000,0.5,1900000000,2,,0.001,0.2,42,3.3391641531566365,28.195552825927734,3478624,True,False,dolma_val_loss/chinchilla_0.5/190M/190M_seed42_case4_dolma_epoch2_wd0.2_lr1e-3.json,train_1.9B.npy,preprocessed/dolma2-0625/resharded,,,,,OLMo-dolma-1.9B
repeat,190M_seed42_case4_dolma_epoch2_wd0.1_lr3e-3,190m,190000000,0.5,1900000000,2,,0.003,0.1,42,3.2831968409102705,26.660869598388672,3478624,True,False,dolma_val_loss/chinchilla_0.5/190M/190M_seed42_case4_dolma_epoch2_wd0.1_lr3e-3.json,train_1.9B.npy,preprocessed/dolma2-0625/resharded,,,,,OLMo-dolma-1.9B
repeat,190M_seed42_case4_dolma_epoch2_wd0.2_lr3e-3,190m,190000000,0.5,1900000000,2,,0.003,0.2,42,3.2594502036087043,26.035219192504883,3478624,True,True,dolma_val_loss/chinchilla_0.5/190M/190M_seed42_case4_dolma_epoch2_wd0.2_lr3e-3.json,train_1.9B.npy,preprocessed/dolma2-0625/resharded,,,,,OLMo-dolma-1.9B
repeat,190M_seed42_case4_dolma_epoch4_wd0.1_lr3e-3,190m,190000000,0.5,1900000000,4,,0.003,0.1,42,3.0462111346288947,21.03549575805664,3478624,True,False,dolma_val_loss/chinchilla_0.5/190M/190M_seed42_case4_dolma_epoch4_wd0.1_lr3e-3.json,train_1.9B.npy,preprocessed/dolma2-0625/resharded,,,,,OLMo-dolma-1.9B
repeat,190M_seed42_case4_dolma_epoch4_wd0.2_lr3e-3,190m,190000000,0.5,1900000000,4,,0.003,0.2,42,3.0407755875599087,20.921463012695312,3478624,True,True,dolma_val_loss/chinchilla_0.5/190M/190M_seed42_case4_dolma_epoch4_wd0.2_lr3e-3.json,train_1.9B.npy,preprocessed/dolma2-0625/resharded,,,,,OLMo-dolma-1.9B
repeat,190M_seed42_case4_dolma_epoch4_wd0.4_lr3e-3,190m,190000000,0.5,1900000000,4,,0.003,0.4,42,3.048546992932036,21.084686279296875,3478624,True,False,dolma_val_loss/chinchilla_0.5/190M/190M_seed42_case4_dolma_epoch4_wd0.4_lr3e-3.json,train_1.9B.npy,preprocessed/dolma2-0625/resharded,,,,,OLMo-dolma-1.9B
repeat,190M_seed42_case4_dolma_epoch8_wd0.1_lr3e-3,190m,190000000,0.5,1900000000,8,,0.003,0.1,42,2.9314306907419048,18.754440307617188,3478624,True,False,dolma_val_loss/chinchilla_0.5/190M/190M_seed42_case4_dolma_epoch8_wd0.1_lr3e-3.json,train_1.9B.npy,preprocessed/dolma2-0625/resharded,,,,,OLMo-dolma-1.9B
repeat,190M_seed42_case4_dolma_epoch8_wd0.2_lr3e-3,190m,190000000,0.5,1900000000,8,,0.003,0.2,42,2.92493568359421,18.633026123046875,3478624,True,True,dolma_val_loss/chinchilla_0.5/190M/190M_seed42_case4_dolma_epoch8_wd0.2_lr3e-3.json,train_1.9B.npy,preprocessed/dolma2-0625/resharded,,,,,OLMo-dolma-1.9B
repeat,190M_seed42_case4_dolma_epoch8_wd0.4_lr3e-3,190m,190000000,0.5,1900000000,8,,0.003,0.4,42,2.940097012189493,18.917682647705078,3478624,True,False,dolma_val_loss/chinchilla_0.5/190M/190M_seed42_case4_dolma_epoch8_wd0.4_lr3e-3.json,train_1.9B.npy,preprocessed/dolma2-0625/resharded,,,,,OLMo-dolma-1.9B
repeat,190M_seed42_case4_dolma_epoch16_wd0.1_lr3e-3,190m,190000000,0.5,1900000000,16,,0.003,0.1,42,2.880291765964621,17.819469451904297,3478624,True,False,dolma_val_loss/chinchilla_0.5/190M/190M_seed42_case4_dolma_epoch16_wd0.1_lr3e-3.json,train_1.9B.npy,preprocessed/dolma2-0625/resharded,,,,,OLMo-dolma-1.9B
repeat,190M_seed42_case4_dolma_epoch16_wd0.2_lr3e-3,190m,190000000,0.5,1900000000,16,,0.003,0.2,42,2.8671235495078524,17.586360931396484,3478624,True,True,dolma_val_loss/chinchilla_0.5/190M/190M_seed42_case4_dolma_epoch16_wd0.2_lr3e-3.json,train_1.9B.npy,preprocessed/dolma2-0625/resharded,,,,,OLMo-dolma-1.9B
repeat,190M_seed42_case4_dolma_epoch16_wd0.8_lr3e-3,190m,190000000,0.5,1900000000,16,,0.003,0.8,42,2.9779716388951156,19.647920608520508,3478624,True,False,dolma_val_loss/chinchilla_0.5/190M/190M_seed42_case4_dolma_epoch16_wd0.8_lr3e-3.json,train_1.9B.npy,preprocessed/dolma2-0625/resharded,,,,,OLMo-dolma-1.9B
repeat,190M_seed42_case4_dolma_epoch32_wd0.1_lr3e-3,190m,190000000,0.5,1900000000,32,,0.003,0.1,42,2.873218141983008,17.693866729736328,3478624,True,True,dolma_val_loss/chinchilla_0.5/190M/190M_seed42_case4_dolma_epoch32_wd0.1_lr3e-3.json,train_1.9B.npy,preprocessed/dolma2-0625/resharded,,,,,OLMo-dolma-1.9B
repeat,190M_seed42_case4_dolma_epoch1_wd0.1_lr1e-3,190m,190000000,1.0,3800000000,1,,0.001,0.1,42,3.3310148131808233,27.96670913696289,3478624,True,True,dolma_val_loss/chinchilla_1/190M/190M_seed42_case4_dolma_epoch1_wd0.1_lr1e-3.json,train_3.8B.npy,preprocessed/dolma2-0625/resharded,,,,,OLMo-dolma-3.8B
repeat,190M_seed42_case4_dolma_epoch1_wd0.1_lr3e-3,190m,190000000,1.0,3800000000,1,,0.003,0.1,42,3.3349948781887697,28.078237533569336,3478624,True,False,dolma_val_loss/chinchilla_1/190M/190M_seed42_case4_dolma_epoch1_wd0.1_lr3e-3.json,train_3.8B.npy,preprocessed/dolma2-0625/resharded,,,,,OLMo-dolma-3.8B
repeat,190M_seed42_case4_dolma_epoch2_wd0.1_lr1e-3,190m,190000000,1.0,3800000000,2,,0.001,0.1,42,3.0883134428558017,21.940040588378906,3478624,True,False,dolma_val_loss/chinchilla_1/190M/190M_seed42_case4_dolma_epoch2_wd0.1_lr1e-3.json,train_3.8B.npy,preprocessed/dolma2-0625/resharded,,,,,OLMo-dolma-3.8B
repeat,190M_seed42_case4_dolma_epoch2_wd0.1_lr3e-3,190m,190000000,1.0,3800000000,2,,0.003,0.1,42,3.0389929389302663,20.884199142456055,3478624,True,True,dolma_val_loss/chinchilla_1/190M/190M_seed42_case4_dolma_epoch2_wd0.1_lr3e-3.json,train_3.8B.npy,preprocessed/dolma2-0625/resharded,,,,,OLMo-dolma-3.8B
repeat,190M_seed42_case4_dolma_epoch4_wd0.1_lr3e-3,190m,190000000,1.0,3800000000,4,,0.003,0.1,42,2.88980967394908,17.989883422851562,3478624,True,False,dolma_val_loss/chinchilla_1/190M/190M_seed42_case4_dolma_epoch4_wd0.1_lr3e-3.json,train_3.8B.npy,preprocessed/dolma2-0625/resharded,,,,,OLMo-dolma-3.8B
repeat,190M_seed42_case4_dolma_epoch4_wd0.2_lr3e-3,190m,190000000,1.0,3800000000,4,,0.003,0.2,42,2.8826779609574973,17.862043380737305,3478624,True,True,dolma_val_loss/chinchilla_1/190M/190M_seed42_case4_dolma_epoch4_wd0.2_lr3e-3.json,train_3.8B.npy,preprocessed/dolma2-0625/resharded,,,,,OLMo-dolma-3.8B
repeat,190M_seed42_case4_dolma_epoch4_wd0.4_lr3e-3,190m,190000000,1.0,3800000000,4,,0.003,0.4,42,2.9048390125872374,18.262304306030273,3478624,True,False,dolma_val_loss/chinchilla_1/190M/190M_seed42_case4_dolma_epoch4_wd0.4_lr3e-3.json,train_3.8B.npy,preprocessed/dolma2-0625/resharded,,,,,OLMo-dolma-3.8B
repeat,190M_seed42_case4_dolma_epoch4_wd0.8_lr3e-3,190m,190000000,1.0,3800000000,4,,0.003,0.8,42,2.9890180500373047,19.86616325378418,3478624,True,False,dolma_val_loss/chinchilla_1/190M/190M_seed42_case4_dolma_epoch4_wd0.8_lr3e-3.json,train_3.8B.npy,preprocessed/dolma2-0625/resharded,,,,,OLMo-dolma-3.8B
repeat,190M_seed42_case4_dolma_epoch4_wd1.6_lr3e-3,190m,190000000,1.0,3800000000,4,,0.003,1.6,42,3.187220186005794,24.22100257873535,3478624,True,False,dolma_val_loss/chinchilla_1/190M/190M_seed42_case4_dolma_epoch4_wd1.6_lr3e-3.json,train_3.8B.npy,preprocessed/dolma2-0625/resharded,,,,,OLMo-dolma-3.8B
repeat,190M_seed42_case4_dolma_epoch8_wd0.4_lr3e-3,190m,190000000,1.0,3800000000,8,,0.003,0.4,42,2.850157861736703,17.29051399230957,3478624,True,True,dolma_val_loss/chinchilla_1/190M/190M_seed42_case4_dolma_epoch8_wd0.4_lr3e-3.json,train_3.8B.npy,preprocessed/dolma2-0625/resharded,,,,,OLMo-dolma-3.8B
repeat,190M_seed42_case4_dolma_epoch16_wd0.1_lr3e-3,190m,190000000,1.0,3800000000,16,,0.003,0.1,42,2.777938814419464,16.085830688476562,3478624,True,True,dolma_val_loss/chinchilla_1/190M/190M_seed42_case4_dolma_epoch16_wd0.1_lr3e-3.json,train_3.8B.npy,preprocessed/dolma2-0625/resharded,,,,,OLMo-dolma-3.8B
repeat,190M_seed42_case4_dolma_epoch32_wd0.1_lr3e-3,190m,190000000,1.0,3800000000,32,,0.003,0.1,42,2.757430510251739,15.759298324584961,3478624,True,True,dolma_val_loss/chinchilla_1/190M/190M_seed42_case4_dolma_epoch32_wd0.1_lr3e-3.json,train_3.8B.npy,preprocessed/dolma2-0625/resharded,,,,,OLMo-dolma-3.8B
repeat,190M_seed42_case4_dolma_epoch1_wd0.1_lr3e-3,190m,190000000,2.0,7600000000,1,,0.003,0.1,42,3.044654802502425,21.00278091430664,3478624,True,True,dolma_val_loss/chinchilla_2/190M/190M_seed42_case4_dolma_epoch1_wd0.1_lr3e-3.json,train_7.4B.npy,preprocessed/dolma2-0625/resharded,,,,,OLMo-dolma-7.4B
repeat,190M_seed42_case4_dolma_epoch2_wd0.1_lr3e-3,190m,190000000,2.0,7600000000,2,,0.003,0.1,42,2.874074114823423,17.709022521972656,3478624,True,True,dolma_val_loss/chinchilla_2/190M/190M_seed42_case4_dolma_epoch2_wd0.1_lr3e-3.json,train_7.4B.npy,preprocessed/dolma2-0625/resharded,,,,,OLMo-dolma-7.4B
repeat,190M_seed42_case4_dolma_epoch4_wd0.1_lr3e-3,190m,190000000,2.0,7600000000,4,,0.003,0.1,42,2.799874667527764,16.44258689880371,3478624,True,True,dolma_val_loss/chinchilla_2/190M/190M_seed42_case4_dolma_epoch4_wd0.1_lr3e-3.json,train_7.4B.npy,preprocessed/dolma2-0625/resharded,,,,,OLMo-dolma-7.4B
repeat,190M_seed42_case4_dolma_epoch8_wd0.2_lr3e-3,190m,190000000,2.0,7600000000,8,,0.003,0.2,42,2.7695008628571713,15.950672149658203,3478624,True,True,dolma_val_loss/chinchilla_2/190M/190M_seed42_case4_dolma_epoch8_wd0.2_lr3e-3.json,train_7.4B.npy,preprocessed/dolma2-0625/resharded,,,,,OLMo-dolma-7.4B
repeat,190M_seed42_case4_dolma_epoch1_wd0.1_lr3e-3,190m,190000000,4.0,15200000000,1,,0.003,0.1,42,2.877827028149277,17.775604248046875,3478624,True,True,dolma_val_loss/chinchilla_4/190M/190M_seed42_case4_dolma_epoch1_wd0.1_lr3e-3.json,train_14.8B.npy,preprocessed/dolma2-0625/resharded,,,,,OLMo-dolma-14.8B
repeat,190M_seed42_case4_dolma_epoch2_wd0.1_lr3e-3,190m,190000000,4.0,15200000000,2,,0.003,0.1,42,2.78961683418226,16.274782180786133,3478624,True,True,dolma_val_loss/chinchilla_4/190M/190M_seed42_case4_dolma_epoch2_wd0.1_lr3e-3.json,train_14.8B.npy,preprocessed/dolma2-0625/resharded,,,,,OLMo-dolma-14.8B
repeat,190M_seed42_case4_dolma_epoch4_wd0.1_lr3e-3,190m,190000000,4.0,15200000000,4,,0.003,0.1,42,2.7381121382698885,15.457776069641113,3478624,True,True,dolma_val_loss/chinchilla_4/190M/190M_seed42_case4_dolma_epoch4_wd0.1_lr3e-3.json,train_14.8B.npy,preprocessed/dolma2-0625/resharded,,,,,OLMo-dolma-14.8B
repeat,190M_seed42_case4_dolma_epoch1_wd0.1_lr3e-3,190m,190000000,8.0,30400000000,1,,0.003,0.1,42,2.7866636649601677,16.22679328918457,3478624,True,True,dolma_val_loss/chinchilla_8/190M/190M_seed42_case4_dolma_epoch1_wd0.1_lr3e-3.json,train_29.6B.part00.npy;train_29.6B.part01.npy;train_29.6B.part02.npy;train_29.6B.part03.npy;train_29.6B.part04.npy;train_29.6B.part05.npy,preprocessed/dolma2-0625/resharded,,,,,OLMo-dolma-29.6B
repeat,190M_seed42_case4_dolma_epoch2_wd0.1_lr3e-3,190m,190000000,8.0,30400000000,2,,0.003,0.1,42,2.740757548762007,15.498720169067383,3478624,True,True,dolma_val_loss/chinchilla_8/190M/190M_seed42_case4_dolma_epoch2_wd0.1_lr3e-3.json,train_29.6B.part00.npy;train_29.6B.part01.npy;train_29.6B.part02.npy;train_29.6B.part03.npy;train_29.6B.part04.npy;train_29.6B.part05.npy,preprocessed/dolma2-0625/resharded,,,,,OLMo-dolma-29.6B
repeat,190M_seed42_case4_dolma_epoch1_wd0.1_lr3e-3,190m,190000000,16.0,60800000000,1,,0.003,0.1,42,2.735587024738726,15.418793678283691,3478624,True,True,dolma_val_loss/chinchilla_16/190M/190M_seed42_case4_dolma_epoch1_wd0.1_lr3e-3.json,train_59.2B.part00.npy;train_59.2B.part01.npy;train_59.2B.part02.npy;train_59.2B.part03.npy;train_59.2B.part04.npy;train_59.2B.part05.npy;train_59.2B.part06.npy;train_59.2B.part07.npy;train_59.2B.part08.npy;train_59.2B.part09.npy;train_59.2B.part10.npy;train_59.2B.part11.npy,preprocessed/dolma2-0625/resharded,,,,,OLMo-dolma-59.2B
repeat,190M_seed42_case4_dolma_epoch2_wd0.1_lr3e-3,190m,190000000,16.0,60800000000,2,,0.003,0.1,42,2.70469747262585,14.94979190826416,3478624,True,True,dolma_val_loss/chinchilla_16/190M/190M_seed42_case4_dolma_epoch2_wd0.1_lr3e-3.json,train_59.2B.part00.npy;train_59.2B.part01.npy;train_59.2B.part02.npy;train_59.2B.part03.npy;train_59.2B.part04.npy;train_59.2B.part05.npy;train_59.2B.part06.npy;train_59.2B.part07.npy;train_59.2B.part08.npy;train_59.2B.part09.npy;train_59.2B.part10.npy;train_59.2B.part11.npy,preprocessed/dolma2-0625/resharded,,,,,OLMo-dolma-59.2B
repeat,370M_seed42_case4_dolma_epoch1_wd0.1_lr1e-4,370m,370000000,0.05,370000000,1,,0.0001,0.1,42,6.591450106298787,728.8370971679688,13279917,True,False,dolma_val_loss/chinchilla_0.05/370M/370M_seed42_case4_dolma_epoch1_wd0.1_lr1e-4.json,train_0.37B.npy,preprocessed/dolma2-0625/resharded,,,,,OLMo-dolma-0.37B
repeat,370M_seed42_case4_dolma_epoch1_wd0.2_lr1e-4,370m,370000000,0.05,370000000,1,,0.0001,0.2,42,6.592800619529651,729.8219604492188,13279917,True,False,dolma_val_loss/chinchilla_0.05/370M/370M_seed42_case4_dolma_epoch1_wd0.2_lr1e-4.json,train_0.37B.npy,preprocessed/dolma2-0625/resharded,,,,,OLMo-dolma-0.37B
repeat,370M_seed42_case4_dolma_epoch1_wd0.4_lr1e-4,370m,370000000,0.05,370000000,1,,0.0001,0.4,42,6.599791019591428,734.9415893554688,13279917,True,False,dolma_val_loss/chinchilla_0.05/370M/370M_seed42_case4_dolma_epoch1_wd0.4_lr1e-4.json,train_0.37B.npy,preprocessed/dolma2-0625/resharded,,,,,OLMo-dolma-0.37B
repeat,370M_seed42_case4_dolma_epoch1_wd0.8_lr1e-4,370m,370000000,0.05,370000000,1,,0.0001,0.8,42,6.5968073975237616,732.7521362304688,13279917,True,False,dolma_val_loss/chinchilla_0.05/370M/370M_seed42_case4_dolma_epoch1_wd0.8_lr1e-4.json,train_0.37B.npy,preprocessed/dolma2-0625/resharded,,,,,OLMo-dolma-0.37B
repeat,370M_seed42_case4_dolma_epoch1_wd1.6_lr1e-4,370m,370000000,0.05,370000000,1,,0.0001,1.6,42,6.602077525073905,736.6239013671875,13279917,True,False,dolma_val_loss/chinchilla_0.05/370M/370M_seed42_case4_dolma_epoch1_wd1.6_lr1e-4.json,train_0.37B.npy,preprocessed/dolma2-0625/resharded,,,,,OLMo-dolma-0.37B
repeat,370M_seed42_case4_dolma_epoch1_wd0.1_lr3e-4,370m,370000000,0.05,370000000,1,,0.0003,0.1,42,6.182045937481492,483.98114013671875,13279917,True,False,dolma_val_loss/chinchilla_0.05/370M/370M_seed42_case4_dolma_epoch1_wd0.1_lr3e-4.json,train_0.37B.npy,preprocessed/dolma2-0625/resharded,,,,,OLMo-dolma-0.37B
repeat,370M_seed42_case4_dolma_epoch1_wd0.2_lr3e-4,370m,370000000,0.05,370000000,1,,0.0003,0.2,42,6.204910361470891,495.1745300292969,13279917,True,False,dolma_val_loss/chinchilla_0.05/370M/370M_seed42_case4_dolma_epoch1_wd0.2_lr3e-4.json,train_0.37B.npy,preprocessed/dolma2-0625/resharded,,,,,OLMo-dolma-0.37B
repeat,370M_seed42_case4_dolma_epoch1_wd0.4_lr3e-4,370m,370000000,0.05,370000000,1,,0.0003,0.4,42,6.181619901063382,483.77508544921875,13279917,True,False,dolma_val_loss/chinchilla_0.05/370M/370M_seed42_case4_dolma_epoch1_wd0.4_lr3e-4.json,train_0.37B.npy,preprocessed/dolma2-0625/resharded,,,,,OLMo-dolma-0.37B
repeat,370M_seed42_case4_dolma_epoch1_wd0.8_lr3e-4,370m,370000000,0.05,370000000,1,,0.0003,0.8,42,6.17023283282757,478.29742431640625,13279917,True,False,dolma_val_loss/chinchilla_0.05/370M/370M_seed42_case4_dolma_epoch1_wd0.8_lr3e-4.json,train_0.37B.npy,preprocessed/dolma2-0625/resharded,,,,,OLMo-dolma-0.37B
repeat,370M_seed42_case4_dolma_epoch1_wd1.6_lr3e-4,370m,370000000,0.05,370000000,1,,0.0003,1.6,42,6.201076985954207,493.2799987792969,13279917,True,False,dolma_val_loss/chinchilla_0.05/370M/370M_seed42_case4_dolma_epoch1_wd1.6_lr3e-4.json,train_0.37B.npy,preprocessed/dolma2-0625/resharded,,,,,OLMo-dolma-0.37B
repeat,370M_seed42_case4_dolma_epoch1_wd0.1_lr1e-3,370m,370000000,0.05,370000000,1,,0.001,0.1,42,6.0646763933462875,430.3833312988281,13279917,True,False,dolma_val_loss/chinchilla_0.05/370M/370M_seed42_case4_dolma_epoch1_wd0.1_lr1e-3.json,train_0.37B.npy,preprocessed/dolma2-0625/resharded,,,,,OLMo-dolma-0.37B
repeat,370M_seed42_case4_dolma_epoch1_wd0.2_lr1e-3,370m,370000000,0.05,370000000,1,,0.001,0.2,42,6.029423207918634,415.475341796875,13279917,True,True,dolma_val_loss/chinchilla_0.05/370M/370M_seed42_case4_dolma_epoch1_wd0.2_lr1e-3.json,train_0.37B.npy,preprocessed/dolma2-0625/resharded,,,,,OLMo-dolma-0.37B
repeat,370M_seed42_case4_dolma_epoch1_wd0.4_lr1e-3,370m,370000000,0.05,370000000,1,,0.001,0.4,42,6.109720553432181,450.21295166015625,13279917,True,False,dolma_val_loss/chinchilla_0.05/370M/370M_seed42_case4_dolma_epoch1_wd0.4_lr1e-3.json,train_0.37B.npy,preprocessed/dolma2-0625/resharded,,,,,OLMo-dolma-0.37B
repeat,370M_seed42_case4_dolma_epoch1_wd0.8_lr1e-3,370m,370000000,0.05,370000000,1,,0.001,0.8,42,6.20027253927676,492.88336181640625,13279917,True,False,dolma_val_loss/chinchilla_0.05/370M/370M_seed42_case4_dolma_epoch1_wd0.8_lr1e-3.json,train_0.37B.npy,preprocessed/dolma2-0625/resharded,,,,,OLMo-dolma-0.37B
repeat,370M_seed42_case4_dolma_epoch1_wd1.6_lr1e-3,370m,370000000,0.05,370000000,1,,0.001,1.6,42,6.078437783378442,436.3470153808594,13279917,True,False,dolma_val_loss/chinchilla_0.05/370M/370M_seed42_case4_dolma_epoch1_wd1.6_lr1e-3.json,train_0.37B.npy,preprocessed/dolma2-0625/resharded,,,,,OLMo-dolma-0.37B
repeat,370M_seed42_case4_dolma_epoch1_wd0.1_lr3e-3,370m,370000000,0.05,370000000,1,,0.003,0.1,42,6.487385973066481,656.8040771484375,13279917,True,False,dolma_val_loss/chinchilla_0.05/370M/370M_seed42_case4_dolma_epoch1_wd0.1_lr3e-3.json,train_0.37B.npy,preprocessed/dolma2-0625/resharded,,,,,OLMo-dolma-0.37B
repeat,370M_seed42_case4_dolma_epoch1_wd0.2_lr3e-3,370m,370000000,0.05,370000000,1,,0.003,0.2,42,6.336529987775079,564.8330688476562,13279917,True,False,dolma_val_loss/chinchilla_0.05/370M/370M_seed42_case4_dolma_epoch1_wd0.2_lr3e-3.json,train_0.37B.npy,preprocessed/dolma2-0625/resharded,,,,,OLMo-dolma-0.37B
repeat,370M_seed42_case4_dolma_epoch1_wd0.4_lr3e-3,370m,370000000,0.05,370000000,1,,0.003,0.4,42,6.264578532211753,525.6199340820312,13279917,True,False,dolma_val_loss/chinchilla_0.05/370M/370M_seed42_case4_dolma_epoch1_wd0.4_lr3e-3.json,train_0.37B.npy,preprocessed/dolma2-0625/resharded,,,,,OLMo-dolma-0.37B
repeat,370M_seed42_case4_dolma_epoch1_wd0.8_lr3e-3,370m,370000000,0.05,370000000,1,,0.003,0.8,42,6.379115881738651,589.406494140625,13279917,True,False,dolma_val_loss/chinchilla_0.05/370M/370M_seed42_case4_dolma_epoch1_wd0.8_lr3e-3.json,train_0.37B.npy,preprocessed/dolma2-0625/resharded,,,,,OLMo-dolma-0.37B
repeat,370M_seed42_case4_dolma_epoch1_wd1.6_lr3e-3,370m,370000000,0.05,370000000,1,,0.003,1.6,42,6.33921821868785,566.3533325195312,13279917,True,False,dolma_val_loss/chinchilla_0.05/370M/370M_seed42_case4_dolma_epoch1_wd1.6_lr3e-3.json,train_0.37B.npy,preprocessed/dolma2-0625/resharded,,,,,OLMo-dolma-0.37B
repeat,370M_seed42_case4_dolma_epoch2_wd0.1_lr1e-4,370m,370000000,0.05,370000000,2,,0.0001,0.1,42,5.94181530087141,380.6252746582031,13279917,True,False,dolma_val_loss/chinchilla_0.05/370M/370M_seed42_case4_dolma_epoch2_wd0.1_lr1e-4.json,train_0.37B.npy,preprocessed/dolma2-0625/resharded,,,,,OLMo-dolma-0.37B
repeat,370M_seed42_case4_dolma_epoch2_wd0.4_lr1e-4,370m,370000000,0.05,370000000,2,,0.0001,0.4,42,5.946476014333658,382.4033508300781,13279917,True,False,dolma_val_loss/chinchilla_0.05/370M/370M_seed42_case4_dolma_epoch2_wd0.4_lr1e-4.json,train_0.37B.npy,preprocessed/dolma2-0625/resharded,,,,,OLMo-dolma-0.37B
repeat,370M_seed42_case4_dolma_epoch2_wd0.8_lr1e-4,370m,370000000,0.05,370000000,2,,0.0001,0.8,42,5.948010916383587,382.99078369140625,13279917,True,False,dolma_val_loss/chinchilla_0.05/370M/370M_seed42_case4_dolma_epoch2_wd0.8_lr1e-4.json,train_0.37B.npy,preprocessed/dolma2-0625/resharded,,,,,OLMo-dolma-0.37B
repeat,370M_seed42_case4_dolma_epoch2_wd1.6_lr1e-4,370m,370000000,0.05,370000000,2,,0.0001,1.6,42,5.956233490942299,386.1529235839844,13279917,True,False,dolma_val_loss/chinchilla_0.05/370M/370M_seed42_case4_dolma_epoch2_wd1.6_lr1e-4.json,train_0.37B.npy,preprocessed/dolma2-0625/resharded,,,,,OLMo-dolma-0.37B
repeat,370M_seed42_case4_dolma_epoch2_wd0.1_lr3e-4,370m,370000000,0.05,370000000,2,,0.0003,0.1,42,5.356711439853802,212.02651977539062,13279917,True,False,dolma_val_loss/chinchilla_0.05/370M/370M_seed42_case4_dolma_epoch2_wd0.1_lr3e-4.json,train_0.37B.npy,preprocessed/dolma2-0625/resharded,,,,,OLMo-dolma-0.37B
repeat,370M_seed42_case4_dolma_epoch2_wd0.2_lr3e-4,370m,370000000,0.05,370000000,2,,0.0003,0.2,42,5.343291665652742,209.20021057128906,13279917,True,False,dolma_val_loss/chinchilla_0.05/370M/370M_seed42_case4_dolma_epoch2_wd0.2_lr3e-4.json,train_0.37B.npy,preprocessed/dolma2-0625/resharded,,,,,OLMo-dolma-0.37B
repeat,370M_seed42_case4_dolma_epoch2_wd0.4_lr3e-4,370m,370000000,0.05,370000000,2,,0.0003,0.4,42,5.3555541676540015,211.7812957763672,13279917,True,False,dolma_val_loss/chinchilla_0.05/370M/370M_seed42_case4_dolma_epoch2_wd0.4_lr3e-4.json,train_0.37B.npy,preprocessed/dolma2-0625/resharded,,,,,OLMo-dolma-0.37B
repeat,370M_seed42_case4_dolma_epoch2_wd0.8_lr3e-4,370m,370000000,0.05,370000000,2,,0.0003,0.8,42,5.370700300988621,215.01339721679688,13279917,True,False,dolma_val_loss/chinchilla_0.05/370M/370M_seed42_case4_dolma_epoch2_wd0.8_lr3e-4.json,train_0.37B.npy,preprocessed/dolma2-0625/resharded,,,,,OLMo-dolma-0.37B
repeat,370M_seed42_case4_dolma_epoch2_wd1.6_lr3e-4,370m,370000000,0.05,370000000,2,,0.0003,1.6,42,5.380872306003729,217.21165466308594,13279917,True,False,dolma_val_loss/chinchilla_0.05/370M/370M_seed42_case4_dolma_epoch2_wd1.6_lr3e-4.json,train_0.37B.npy,preprocessed/dolma2-0625/resharded,,,,,OLMo-dolma-0.37B
repeat,370M_seed42_case4_dolma_epoch2_wd0.1_lr1e-3,370m,370000000,0.05,370000000,2,,0.001,0.1,42,5.164874771672378,175.0155029296875,13279917,True,False,dolma_val_loss/chinchilla_0.05/370M/370M_seed42_case4_dolma_epoch2_wd0.1_lr1e-3.json,train_0.37B.npy,preprocessed/dolma2-0625/resharded,,,,,OLMo-dolma-0.37B
repeat,370M_seed42_case4_dolma_epoch2_wd0.2_lr1e-3,370m,370000000,0.05,370000000,2,,0.001,0.2,42,5.232995610084103,187.35317993164062,13279917,True,False,dolma_val_loss/chinchilla_0.05/370M/370M_seed42_case4_dolma_epoch2_wd0.2_lr1e-3.json,train_0.37B.npy,preprocessed/dolma2-0625/resharded,,,,,OLMo-dolma-0.37B
repeat,370M_seed42_case4_dolma_epoch2_wd0.4_lr1e-3,370m,370000000,0.05,370000000,2,,0.001,0.4,42,5.142578489889564,171.1565399169922,13279917,True,True,dolma_val_loss/chinchilla_0.05/370M/370M_seed42_case4_dolma_epoch2_wd0.4_lr1e-3.json,train_0.37B.npy,preprocessed/dolma2-0625/resharded,,,,,OLMo-dolma-0.37B
repeat,370M_seed42_case4_dolma_epoch2_wd0.8_lr1e-3,370m,370000000,0.05,370000000,2,,0.001,0.8,42,5.212200010446078,183.49734497070312,13279917,True,False,dolma_val_loss/chinchilla_0.05/370M/370M_seed42_case4_dolma_epoch2_wd0.8_lr1e-3.json,train_0.37B.npy,preprocessed/dolma2-0625/resharded,,,,,OLMo-dolma-0.37B
repeat,370M_seed42_case4_dolma_epoch2_wd1.6_lr1e-3,370m,370000000,0.05,370000000,2,,0.001,1.6,42,5.275096982072041,195.40940856933594,13279917,True,False,dolma_val_loss/chinchilla_0.05/370M/370M_seed42_case4_dolma_epoch2_wd1.6_lr1e-3.json,train_0.37B.npy,preprocessed/dolma2-0625/resharded,,,,,OLMo-dolma-0.37B
repeat,370M_seed42_case4_dolma_epoch2_wd0.1_lr3e-3,370m,370000000,0.05,370000000,2,,0.003,0.1,42,5.4385615744515174,230.1109161376953,13279917,True,False,dolma_val_loss/chinchilla_0.05/370M/370M_seed42_case4_dolma_epoch2_wd0.1_lr3e-3.json,train_0.37B.npy,preprocessed/dolma2-0625/resharded,,,,,OLMo-dolma-0.37B
repeat,370M_seed42_case4_dolma_epoch2_wd0.2_lr3e-3,370m,370000000,0.05,370000000,2,,0.003,0.2,42,5.4946266836004485,243.380615234375,13279917,True,False,dolma_val_loss/chinchilla_0.05/370M/370M_seed42_case4_dolma_epoch2_wd0.2_lr3e-3.json,train_0.37B.npy,preprocessed/dolma2-0625/resharded,,,,,OLMo-dolma-0.37B
repeat,370M_seed42_case4_dolma_epoch2_wd0.4_lr3e-3,370m,370000000,0.05,370000000,2,,0.003,0.4,42,5.364579320118039,213.7012939453125,13279917,True,False,dolma_val_loss/chinchilla_0.05/370M/370M_seed42_case4_dolma_epoch2_wd0.4_lr3e-3.json,train_0.37B.npy,preprocessed/dolma2-0625/resharded,,,,,OLMo-dolma-0.37B
repeat,370M_seed42_case4_dolma_epoch2_wd0.8_lr3e-3,370m,370000000,0.05,370000000,2,,0.003,0.8,42,5.3935123988989995,219.97463989257812,13279917,True,False,dolma_val_loss/chinchilla_0.05/370M/370M_seed42_case4_dolma_epoch2_wd0.8_lr3e-3.json,train_0.37B.npy,preprocessed/dolma2-0625/resharded,,,,,OLMo-dolma-0.37B
repeat,370M_seed42_case4_dolma_epoch2_wd1.6_lr3e-3,370m,370000000,0.05,370000000,2,,0.003,1.6,42,5.544594643369959,255.8508758544922,13279917,True,False,dolma_val_loss/chinchilla_0.05/370M/370M_seed42_case4_dolma_epoch2_wd1.6_lr3e-3.json,train_0.37B.npy,preprocessed/dolma2-0625/resharded,,,,,OLMo-dolma-0.37B
repeat,370M_seed42_case4_dolma_epoch4_wd0.1_lr1e-4,370m,370000000,0.05,370000000,4,,0.0001,0.1,42,5.310446482865113,202.4405517578125,13279917,True,False,dolma_val_loss/chinchilla_0.05/370M/370M_seed42_case4_dolma_epoch4_wd0.1_lr1e-4.json,train_0.37B.npy,preprocessed/dolma2-0625/resharded,,,,,OLMo-dolma-0.37B
repeat,370M_seed42_case4_dolma_epoch4_wd0.2_lr1e-4,370m,370000000,0.05,370000000,4,,0.0001,0.2,42,5.310817688780047,202.51576232910156,13279917,True,False,dolma_val_loss/chinchilla_0.05/370M/370M_seed42_case4_dolma_epoch4_wd0.2_lr1e-4.json,train_0.37B.npy,preprocessed/dolma2-0625/resharded,,,,,OLMo-dolma-0.37B
repeat,370M_seed42_case4_dolma_epoch4_wd0.4_lr1e-4,370m,370000000,0.05,370000000,4,,0.0001,0.4,42,5.313260111014372,203.010986328125,13279917,True,False,dolma_val_loss/chinchilla_0.05/370M/370M_seed42_case4_dolma_epoch4_wd0.4_lr1e-4.json,train_0.37B.npy,preprocessed/dolma2-0625/resharded,,,,,OLMo-dolma-0.37B
repeat,370M_seed42_case4_dolma_epoch4_wd0.8_lr1e-4,370m,370000000,0.05,370000000,4,,0.0001,0.8,42,5.319957891706803,204.375244140625,13279917,True,False,dolma_val_loss/chinchilla_0.05/370M/370M_seed42_case4_dolma_epoch4_wd0.8_lr1e-4.json,train_0.37B.npy,preprocessed/dolma2-0625/resharded,,,,,OLMo-dolma-0.37B
repeat,370M_seed42_case4_dolma_epoch4_wd1.6_lr1e-4,370m,370000000,0.05,370000000,4,,0.0001,1.6,42,5.328360949894832,206.0998992919922,13279917,True,False,dolma_val_loss/chinchilla_0.05/370M/370M_seed42_case4_dolma_epoch4_wd1.6_lr1e-4.json,train_0.37B.npy,preprocessed/dolma2-0625/resharded,,,,,OLMo-dolma-0.37B
repeat,370M_seed42_case4_dolma_epoch4_wd0.1_lr3e-4,370m,370000000,0.05,370000000,4,,0.0003,0.1,42,4.434023750933664,84.26982879638672,13279917,True,False,dolma_val_loss/chinchilla_0.05/370M/370M_seed42_case4_dolma_epoch4_wd0.1_lr3e-4.json,train_0.37B.npy,preprocessed/dolma2-0625/resharded,,,,,OLMo-dolma-0.37B
repeat,370M_seed42_case4_dolma_epoch4_wd0.2_lr3e-4,370m,370000000,0.05,370000000,4,,0.0003,0.2,42,4.438842805490349,84.67689514160156,13279917,True,False,dolma_val_loss/chinchilla_0.05/370M/370M_seed42_case4_dolma_epoch4_wd0.2_lr3e-4.json,train_0.37B.npy,preprocessed/dolma2-0625/resharded,,,,,OLMo-dolma-0.37B
repeat,370M_seed42_case4_dolma_epoch4_wd0.4_lr3e-4,370m,370000000,0.05,370000000,4,,0.0003,0.4,42,4.452930500680881,85.87823486328125,13279917,True,False,dolma_val_loss/chinchilla_0.05/370M/370M_seed42_case4_dolma_epoch4_wd0.4_lr3e-4.json,train_0.37B.npy,preprocessed/dolma2-0625/resharded,,,,,OLMo-dolma-0.37B
repeat,370M_seed42_case4_dolma_epoch4_wd0.8_lr3e-4,370m,370000000,0.05,370000000,4,,0.0003,0.8,42,4.443681726673343,85.08763122558594,13279917,True,False,dolma_val_loss/chinchilla_0.05/370M/370M_seed42_case4_dolma_epoch4_wd0.8_lr3e-4.json,train_0.37B.npy,preprocessed/dolma2-0625/resharded,,,,,OLMo-dolma-0.37B
repeat,370M_seed42_case4_dolma_epoch4_wd1.6_lr3e-4,370m,370000000,0.05,370000000,4,,0.0003,1.6,42,4.3985387827757485,81.33192443847656,13279917,True,False,dolma_val_loss/chinchilla_0.05/370M/370M_seed42_case4_dolma_epoch4_wd1.6_lr3e-4.json,train_0.37B.npy,preprocessed/dolma2-0625/resharded,,,,,OLMo-dolma-0.37B
repeat,370M_seed42_case4_dolma_epoch4_wd0.1_lr1e-3,370m,370000000,0.05,370000000,4,,0.001,0.1,42,4.192708099670176,66.20182037353516,13279917,True,False,dolma_val_loss/chinchilla_0.05/370M/370M_seed42_case4_dolma_epoch4_wd0.1_lr1e-3.json,train_0.37B.npy,preprocessed/dolma2-0625/resharded,,,,,OLMo-dolma-0.37B
repeat,370M_seed42_case4_dolma_epoch4_wd0.2_lr1e-3,370m,370000000,0.05,370000000,4,,0.001,0.2,42,4.024761586534377,55.96696853637695,13279917,True,False,dolma_val_loss/chinchilla_0.05/370M/370M_seed42_case4_dolma_epoch4_wd0.2_lr1e-3.json,train_0.37B.npy,preprocessed/dolma2-0625/resharded,,,,,OLMo-dolma-0.37B
repeat,370M_seed42_case4_dolma_epoch4_wd0.4_lr1e-3,370m,370000000,0.05,370000000,4,,0.001,0.4,42,4.009196656442094,55.10259246826172,13279917,True,False,dolma_val_loss/chinchilla_0.05/370M/370M_seed42_case4_dolma_epoch4_wd0.4_lr1e-3.json,train_0.37B.npy,preprocessed/dolma2-0625/resharded,,,,,OLMo-dolma-0.37B
repeat,370M_seed42_case4_dolma_epoch4_wd0.8_lr1e-3,370m,370000000,0.05,370000000,4,,0.001,0.8,42,4.047306964145412,57.24309539794922,13279917,True,False,dolma_val_loss/chinchilla_0.05/370M/370M_seed42_case4_dolma_epoch4_wd0.8_lr1e-3.json,train_0.37B.npy,preprocessed/dolma2-0625/resharded,,,,,OLMo-dolma-0.37B
repeat,370M_seed42_case4_dolma_epoch4_wd1.6_lr1e-3,370m,370000000,0.05,370000000,4,,0.001,1.6,42,4.278484116900125,72.13103485107422,13279917,True,False,dolma_val_loss/chinchilla_0.05/370M/370M_seed42_case4_dolma_epoch4_wd1.6_lr1e-3.json,train_0.37B.npy,preprocessed/dolma2-0625/resharded,,,,,OLMo-dolma-0.37B
repeat,370M_seed42_case4_dolma_epoch4_wd0.1_lr3e-3,370m,370000000,0.05,370000000,4,,0.003,0.1,42,3.972585480102916,53.12169647216797,13279917,True,False,dolma_val_loss/chinchilla_0.05/370M/370M_seed42_case4_dolma_epoch4_wd0.1_lr3e-3.json,train_0.37B.npy,preprocessed/dolma2-0625/resharded,,,,,OLMo-dolma-0.37B
repeat,370M_seed42_case4_dolma_epoch4_wd0.2_lr3e-3,370m,370000000,0.05,370000000,4,,0.003,0.2,42,3.9613690392865935,52.52919006347656,13279917,True,True,dolma_val_loss/chinchilla_0.05/370M/370M_seed42_case4_dolma_epoch4_wd0.2_lr3e-3.json,train_0.37B.npy,preprocessed/dolma2-0625/resharded,,,,,OLMo-dolma-0.37B
repeat,370M_seed42_case4_dolma_epoch4_wd0.8_lr3e-3,370m,370000000,0.05,370000000,4,,0.003,0.8,42,4.047416874809175,57.24937438964844,13279917,True,False,dolma_val_loss/chinchilla_0.05/370M/370M_seed42_case4_dolma_epoch4_wd0.8_lr3e-3.json,train_0.37B.npy,preprocessed/dolma2-0625/resharded,,,,,OLMo-dolma-0.37B
repeat,370M_seed42_case4_dolma_epoch4_wd1.6_lr3e-3,370m,370000000,0.05,370000000,4,,0.003,1.6,42,4.407151378538566,82.03543090820312,13279917,True,False,dolma_val_loss/chinchilla_0.05/370M/370M_seed42_case4_dolma_epoch4_wd1.6_lr3e-3.json,train_0.37B.npy,preprocessed/dolma2-0625/resharded,,,,,OLMo-dolma-0.37B
repeat,370M_seed42_case4_dolma_epoch8_wd0.1_lr1e-4,370m,370000000,0.05,370000000,8,,0.0001,0.1,42,4.586732280596997,98.17311096191406,13279917,True,False,dolma_val_loss/chinchilla_0.05/370M/370M_seed42_case4_dolma_epoch8_wd0.1_lr1e-4.json,train_0.37B.npy,preprocessed/dolma2-0625/resharded,,,,,OLMo-dolma-0.37B
repeat,370M_seed42_case4_dolma_epoch8_wd0.2_lr1e-4,370m,370000000,0.05,370000000,8,,0.0001,0.2,42,4.596557391696118,99.14244079589844,13279917,True,False,dolma_val_loss/chinchilla_0.05/370M/370M_seed42_case4_dolma_epoch8_wd0.2_lr1e-4.json,train_0.37B.npy,preprocessed/dolma2-0625/resharded,,,,,OLMo-dolma-0.37B
repeat,370M_seed42_case4_dolma_epoch8_wd0.4_lr1e-4,370m,370000000,0.05,370000000,8,,0.0001,0.4,42,4.597255000040222,99.21163177490234,13279917,True,False,dolma_val_loss/chinchilla_0.05/370M/370M_seed42_case4_dolma_epoch8_wd0.4_lr1e-4.json,train_0.37B.npy,preprocessed/dolma2-0625/resharded,,,,,OLMo-dolma-0.37B
repeat,370M_seed42_case4_dolma_epoch8_wd0.8_lr1e-4,370m,370000000,0.05,370000000,8,,0.0001,0.8,42,4.597230533650778,99.20916748046875,13279917,True,False,dolma_val_loss/chinchilla_0.05/370M/370M_seed42_case4_dolma_epoch8_wd0.8_lr1e-4.json,train_0.37B.npy,preprocessed/dolma2-0625/resharded,,,,,OLMo-dolma-0.37B
repeat,370M_seed42_case4_dolma_epoch8_wd1.6_lr1e-4,370m,370000000,0.05,370000000,8,,0.0001,1.6,42,4.614327510745408,100.91992950439453,13279917,True,False,dolma_val_loss/chinchilla_0.05/370M/370M_seed42_case4_dolma_epoch8_wd1.6_lr1e-4.json,train_0.37B.npy,preprocessed/dolma2-0625/resharded,,,,,OLMo-dolma-0.37B
repeat,370M_seed42_case4_dolma_epoch8_wd0.1_lr3e-4,370m,370000000,0.05,370000000,8,,0.0003,0.1,42,3.7694301301633995,43.355350494384766,13279917,True,False,dolma_val_loss/chinchilla_0.05/370M/370M_seed42_case4_dolma_epoch8_wd0.1_lr3e-4.json,train_0.37B.npy,preprocessed/dolma2-0625/resharded,,,,,OLMo-dolma-0.37B
repeat,370M_seed42_case4_dolma_epoch8_wd0.2_lr3e-4,370m,370000000,0.05,370000000,8,,0.0003,0.2,42,3.7652799432536987,43.1757926940918,13279917,True,False,dolma_val_loss/chinchilla_0.05/370M/370M_seed42_case4_dolma_epoch8_wd0.2_lr3e-4.json,train_0.37B.npy,preprocessed/dolma2-0625/resharded,,,,,OLMo-dolma-0.37B
repeat,370M_seed42_case4_dolma_epoch8_wd0.4_lr3e-4,370m,370000000,0.05,370000000,8,,0.0003,0.4,42,3.7668891144489787,43.245323181152344,13279917,True,False,dolma_val_loss/chinchilla_0.05/370M/370M_seed42_case4_dolma_epoch8_wd0.4_lr3e-4.json,train_0.37B.npy,preprocessed/dolma2-0625/resharded,,,,,OLMo-dolma-0.37B
repeat,370M_seed42_case4_dolma_epoch8_wd0.8_lr3e-4,370m,370000000,0.05,370000000,8,,0.0003,0.8,42,3.761845799994281,43.027774810791016,13279917,True,False,dolma_val_loss/chinchilla_0.05/370M/370M_seed42_case4_dolma_epoch8_wd0.8_lr3e-4.json,train_0.37B.npy,preprocessed/dolma2-0625/resharded,,,,,OLMo-dolma-0.37B
repeat,370M_seed42_case4_dolma_epoch8_wd1.6_lr3e-4,370m,370000000,0.05,370000000,8,,0.0003,1.6,42,3.7739112745366508,43.55006790161133,13279917,True,False,dolma_val_loss/chinchilla_0.05/370M/370M_seed42_case4_dolma_epoch8_wd1.6_lr3e-4.json,train_0.37B.npy,preprocessed/dolma2-0625/resharded,,,,,OLMo-dolma-0.37B
repeat,370M_seed42_case4_dolma_epoch8_wd0.1_lr1e-3,370m,370000000,0.05,370000000,8,,0.001,0.1,42,3.5078777173453055,33.37736129760742,13279917,True,False,dolma_val_loss/chinchilla_0.05/370M/370M_seed42_case4_dolma_epoch8_wd0.1_lr1e-3.json,train_0.37B.npy,preprocessed/dolma2-0625/resharded,,,,,OLMo-dolma-0.37B
repeat,370M_seed42_case4_dolma_epoch8_wd0.2_lr1e-3,370m,370000000,0.05,370000000,8,,0.001,0.2,42,3.4943850011081934,32.930030822753906,13279917,True,False,dolma_val_loss/chinchilla_0.05/370M/370M_seed42_case4_dolma_epoch8_wd0.2_lr1e-3.json,train_0.37B.npy,preprocessed/dolma2-0625/resharded,,,,,OLMo-dolma-0.37B
repeat,370M_seed42_case4_dolma_epoch8_wd0.4_lr1e-3,370m,370000000,0.05,370000000,8,,0.001,0.4,42,3.4858591271927755,32.65046691894531,13279917,True,False,dolma_val_loss/chinchilla_0.05/370M/370M_seed42_case4_dolma_epoch8_wd0.4_lr1e-3.json,train_0.37B.npy,preprocessed/dolma2-0625/resharded,,,,,OLMo-dolma-0.37B
repeat,370M_seed42_case4_dolma_epoch8_wd0.8_lr1e-3,370m,370000000,0.05,370000000,8,,0.001,0.8,42,3.487889037344328,32.71681213378906,13279917,True,False,dolma_val_loss/chinchilla_0.05/370M/370M_seed42_case4_dolma_epoch8_wd0.8_lr1e-3.json,train_0.37B.npy,preprocessed/dolma2-0625/resharded,,,,,OLMo-dolma-0.37B
repeat,370M_seed42_case4_dolma_epoch8_wd1.6_lr1e-3,370m,370000000,0.05,370000000,8,,0.001,1.6,42,3.5944391694272615,36.395286560058594,13279917,True,False,dolma_val_loss/chinchilla_0.05/370M/370M_seed42_case4_dolma_epoch8_wd1.6_lr1e-3.json,train_0.37B.npy,preprocessed/dolma2-0625/resharded,,,,,OLMo-dolma-0.37B
repeat,370M_seed42_case4_dolma_epoch8_wd0.1_lr3e-3,370m,370000000,0.05,370000000,8,,0.003,0.1,42,3.411476338412509,30.309959411621094,13279917,True,True,dolma_val_loss/chinchilla_0.05/370M/370M_seed42_case4_dolma_epoch8_wd0.1_lr3e-3.json,train_0.37B.npy,preprocessed/dolma2-0625/resharded,,,,,OLMo-dolma-0.37B
repeat,370M_seed42_case4_dolma_epoch8_wd0.2_lr3e-3,370m,370000000,0.05,370000000,8,,0.003,0.2,42,3.4239154703658623,30.689340591430664,13279917,True,False,dolma_val_loss/chinchilla_0.05/370M/370M_seed42_case4_dolma_epoch8_wd0.2_lr3e-3.json,train_0.37B.npy,preprocessed/dolma2-0625/resharded,,,,,OLMo-dolma-0.37B
repeat,370M_seed42_case4_dolma_epoch8_wd0.4_lr3e-3,370m,370000000,0.05,370000000,8,,0.003,0.4,42,3.4139056450106025,30.38368034362793,13279917,True,False,dolma_val_loss/chinchilla_0.05/370M/370M_seed42_case4_dolma_epoch8_wd0.4_lr3e-3.json,train_0.37B.npy,preprocessed/dolma2-0625/resharded,,,,,OLMo-dolma-0.37B
repeat,370M_seed42_case4_dolma_epoch8_wd0.8_lr3e-3,370m,370000000,0.05,370000000,8,,0.003,0.8,42,3.4305860377846975,30.894744873046875,13279917,True,False,dolma_val_loss/chinchilla_0.05/370M/370M_seed42_case4_dolma_epoch8_wd0.8_lr3e-3.json,train_0.37B.npy,preprocessed/dolma2-0625/resharded,,,,,OLMo-dolma-0.37B
repeat,370M_seed42_case4_dolma_epoch8_wd1.6_lr3e-3,370m,370000000,0.05,370000000,8,,0.003,1.6,42,3.584899499486221,36.04973220825195,13279917,True,False,dolma_val_loss/chinchilla_0.05/370M/370M_seed42_case4_dolma_epoch8_wd1.6_lr3e-3.json,train_0.37B.npy,preprocessed/dolma2-0625/resharded,,,,,OLMo-dolma-0.37B
repeat,370M_seed42_case4_dolma_epoch16_wd0.2_lr1e-4,370m,370000000,0.05,370000000,16,,0.0001,0.2,42,4.0159671671915795,55.47693634033203,13279917,True,False,dolma_val_loss/chinchilla_0.05/370M/370M_seed42_case4_dolma_epoch16_wd0.2_lr1e-4.json,train_0.37B.npy,preprocessed/dolma2-0625/resharded,,,,,OLMo-dolma-0.37B
repeat,370M_seed42_case4_dolma_epoch16_wd0.4_lr1e-4,370m,370000000,0.05,370000000,16,,0.0001,0.4,42,4.015478667040933,55.4498291015625,13279917,True,False,dolma_val_loss/chinchilla_0.05/370M/370M_seed42_case4_dolma_epoch16_wd0.4_lr1e-4.json,train_0.37B.npy,preprocessed/dolma2-0625/resharded,,,,,OLMo-dolma-0.37B
repeat,370M_seed42_case4_dolma_epoch16_wd0.8_lr1e-4,370m,370000000,0.05,370000000,16,,0.0001,0.8,42,4.018530816225434,55.61933135986328,13279917,True,False,dolma_val_loss/chinchilla_0.05/370M/370M_seed42_case4_dolma_epoch16_wd0.8_lr1e-4.json,train_0.37B.npy,preprocessed/dolma2-0625/resharded,,,,,OLMo-dolma-0.37B
repeat,370M_seed42_case4_dolma_epoch16_wd1.6_lr1e-4,370m,370000000,0.05,370000000,16,,0.0001,1.6,42,4.029828354427586,56.25126647949219,13279917,True,False,dolma_val_loss/chinchilla_0.05/370M/370M_seed42_case4_dolma_epoch16_wd1.6_lr1e-4.json,train_0.37B.npy,preprocessed/dolma2-0625/resharded,,,,,OLMo-dolma-0.37B
repeat,370M_seed42_case4_dolma_epoch16_wd0.2_lr3e-4,370m,370000000,0.05,370000000,16,,0.0003,0.2,42,3.53578404560191,34.3219108581543,13279917,True,False,dolma_val_loss/chinchilla_0.05/370M/370M_seed42_case4_dolma_epoch16_wd0.2_lr3e-4.json,train_0.37B.npy,preprocessed/dolma2-0625/resharded,,,,,OLMo-dolma-0.37B
repeat,370M_seed42_case4_dolma_epoch16_wd0.4_lr3e-4,370m,370000000,0.05,370000000,16,,0.0003,0.4,42,3.521285353425525,33.827880859375,13279917,True,False,dolma_val_loss/chinchilla_0.05/370M/370M_seed42_case4_dolma_epoch16_wd0.4_lr3e-4.json,train_0.37B.npy,preprocessed/dolma2-0625/resharded,,,,,OLMo-dolma-0.37B
repeat,370M_seed42_case4_dolma_epoch16_wd0.8_lr3e-4,370m,370000000,0.05,370000000,16,,0.0003,0.8,42,3.49928330592598,33.09172821044922,13279917,True,False,dolma_val_loss/chinchilla_0.05/370M/370M_seed42_case4_dolma_epoch16_wd0.8_lr3e-4.json,train_0.37B.npy,preprocessed/dolma2-0625/resharded,,,,,OLMo-dolma-0.37B
repeat,370M_seed42_case4_dolma_epoch16_wd1.6_lr3e-4,370m,370000000,0.05,370000000,16,,0.0003,1.6,42,3.4908203110880938,32.8128547668457,13279917,True,False,dolma_val_loss/chinchilla_0.05/370M/370M_seed42_case4_dolma_epoch16_wd1.6_lr3e-4.json,train_0.37B.npy,preprocessed/dolma2-0625/resharded,,,,,OLMo-dolma-0.37B
repeat,370M_seed42_case4_dolma_epoch16_wd0.4_lr1e-3,370m,370000000,0.05,370000000,16,,0.001,0.4,42,3.4277563481796482,30.807443618774414,13279917,True,False,dolma_val_loss/chinchilla_0.05/370M/370M_seed42_case4_dolma_epoch16_wd0.4_lr1e-3.json,train_0.37B.npy,preprocessed/dolma2-0625/resharded,,,,,OLMo-dolma-0.37B
repeat,370M_seed42_case4_dolma_epoch16_wd0.8_lr1e-3,370m,370000000,0.05,370000000,16,,0.001,0.8,42,3.353954678937876,28.615678787231445,13279917,True,False,dolma_val_loss/chinchilla_0.05/370M/370M_seed42_case4_dolma_epoch16_wd0.8_lr1e-3.json,train_0.37B.npy,preprocessed/dolma2-0625/resharded,,,,,OLMo-dolma-0.37B
repeat,370M_seed42_case4_dolma_epoch16_wd1.6_lr1e-3,370m,370000000,0.05,370000000,16,,0.001,1.6,42,3.3205447140787028,27.67542266845703,13279917,True,False,dolma_val_loss/chinchilla_0.05/370M/370M_seed42_case4_dolma_epoch16_wd1.6_lr1e-3.json,train_0.37B.npy,preprocessed/dolma2-0625/resharded,,,,,OLMo-dolma-0.37B
repeat,370M_seed42_case4_dolma_epoch16_wd0.2_lr3e-3,370m,370000000,0.05,370000000,16,,0.003,0.2,42,3.4610442124383547,31.850221633911133,13279917,True,False,dolma_val_loss/chinchilla_0.05/370M/370M_seed42_case4_dolma_epoch16_wd0.2_lr3e-3.json,train_0.37B.npy,preprocessed/dolma2-0625/resharded,,,,,OLMo-dolma-0.37B
repeat,370M_seed42_case4_dolma_epoch16_wd0.4_lr3e-3,370m,370000000,0.05,370000000,16,,0.003,0.4,42,3.345954400982699,28.387657165527344,13279917,True,False,dolma_val_loss/chinchilla_0.05/370M/370M_seed42_case4_dolma_epoch16_wd0.4_lr3e-3.json,train_0.37B.npy,preprocessed/dolma2-0625/resharded,,,,,OLMo-dolma-0.37B
repeat,370M_seed42_case4_dolma_epoch16_wd0.8_lr3e-3,370m,370000000,0.05,370000000,16,,0.003,0.8,42,3.2617825670025513,26.09601593017578,13279917,True,True,dolma_val_loss/chinchilla_0.05/370M/370M_seed42_case4_dolma_epoch16_wd0.8_lr3e-3.json,train_0.37B.npy,preprocessed/dolma2-0625/resharded,,,,,OLMo-dolma-0.37B
repeat,370M_seed42_case4_dolma_epoch16_wd1.6_lr3e-3,370m,370000000,0.05,370000000,16,,0.003,1.6,42,3.380871029377436,29.396366119384766,13279917,True,False,dolma_val_loss/chinchilla_0.05/370M/370M_seed42_case4_dolma_epoch16_wd1.6_lr3e-3.json,train_0.37B.npy,preprocessed/dolma2-0625/resharded,,,,,OLMo-dolma-0.37B
repeat,370M_seed42_case4_dolma_epoch32_wd0.1_lr1e-4,370m,370000000,0.05,370000000,32,,0.0001,0.1,42,3.6703127268573277,39.26417922973633,13279917,True,False,dolma_val_loss/chinchilla_0.05/370M/370M_seed42_case4_dolma_epoch32_wd0.1_lr1e-4.json,train_0.37B.npy,preprocessed/dolma2-0625/resharded,,,,,OLMo-dolma-0.37B
repeat,370M_seed42_case4_dolma_epoch32_wd0.2_lr1e-4,370m,370000000,0.05,370000000,32,,0.0001,0.2,42,3.6650484331831548,39.05802536010742,13279917,True,False,dolma_val_loss/chinchilla_0.05/370M/370M_seed42_case4_dolma_epoch32_wd0.2_lr1e-4.json,train_0.37B.npy,preprocessed/dolma2-0625/resharded,,,,,OLMo-dolma-0.37B
repeat,370M_seed42_case4_dolma_epoch32_wd0.4_lr1e-4,370m,370000000,0.05,370000000,32,,0.0001,0.4,42,3.6566780448549854,38.732460021972656,13279917,True,False,dolma_val_loss/chinchilla_0.05/370M/370M_seed42_case4_dolma_epoch32_wd0.4_lr1e-4.json,train_0.37B.npy,preprocessed/dolma2-0625/resharded,,,,,OLMo-dolma-0.37B
repeat,370M_seed42_case4_dolma_epoch32_wd0.8_lr1e-4,370m,370000000,0.05,370000000,32,,0.0001,0.8,42,3.6463616051044174,38.33493423461914,13279917,True,False,dolma_val_loss/chinchilla_0.05/370M/370M_seed42_case4_dolma_epoch32_wd0.8_lr1e-4.json,train_0.37B.npy,preprocessed/dolma2-0625/resharded,,,,,OLMo-dolma-0.37B
repeat,370M_seed42_case4_dolma_epoch32_wd1.6_lr1e-4,370m,370000000,0.05,370000000,32,,0.0001,1.6,42,3.644799713819924,38.27510452270508,13279917,True,False,dolma_val_loss/chinchilla_0.05/370M/370M_seed42_case4_dolma_epoch32_wd1.6_lr1e-4.json,train_0.37B.npy,preprocessed/dolma2-0625/resharded,,,,,OLMo-dolma-0.37B
repeat,370M_seed42_case4_dolma_epoch32_wd3.2_lr1e-4,370m,370000000,0.05,370000000,32,,0.0001,3.2,42,3.711890312138305,40.93110275268555,13279917,True,False,dolma_val_loss/chinchilla_0.05/370M/370M_seed42_case4_dolma_epoch32_wd3.2_lr1e-4.json,train_0.37B.npy,preprocessed/dolma2-0625/resharded,,,,,OLMo-dolma-0.37B
repeat,370M_seed42_case4_dolma_epoch32_wd6.4_lr1e-4,370m,370000000,0.05,370000000,32,,0.0001,6.4,42,4.105712283468473,60.68596267700195,13279917,True,False,dolma_val_loss/chinchilla_0.05/370M/370M_seed42_case4_dolma_epoch32_wd6.4_lr1e-4.json,train_0.37B.npy,preprocessed/dolma2-0625/resharded,,,,,OLMo-dolma-0.37B
repeat,370M_seed42_case4_dolma_epoch32_wd0.1_lr3e-4,370m,370000000,0.05,370000000,32,,0.0003,0.1,42,3.963157744457053,52.62322998046875,13279917,True,False,dolma_val_loss/chinchilla_0.05/370M/370M_seed42_case4_dolma_epoch32_wd0.1_lr3e-4.json,train_0.37B.npy,preprocessed/dolma2-0625/resharded,,,,,OLMo-dolma-0.37B
repeat,370M_seed42_case4_dolma_epoch32_wd0.2_lr3e-4,370m,370000000,0.05,370000000,32,,0.0003,0.2,42,3.9176075597042748,50.280006408691406,13279917,True,False,dolma_val_loss/chinchilla_0.05/370M/370M_seed42_case4_dolma_epoch32_wd0.2_lr3e-4.json,train_0.37B.npy,preprocessed/dolma2-0625/resharded,,,,,OLMo-dolma-0.37B
repeat,370M_seed42_case4_dolma_epoch32_wd0.4_lr3e-4,370m,370000000,0.05,370000000,32,,0.0003,0.4,42,3.8458535243230787,46.798614501953125,13279917,True,False,dolma_val_loss/chinchilla_0.05/370M/370M_seed42_case4_dolma_epoch32_wd0.4_lr3e-4.json,train_0.37B.npy,preprocessed/dolma2-0625/resharded,,,,,OLMo-dolma-0.37B
repeat,370M_seed42_case4_dolma_epoch32_wd0.8_lr3e-4,370m,370000000,0.05,370000000,32,,0.0003,0.8,42,3.7306515840674295,41.706275939941406,13279917,True,False,dolma_val_loss/chinchilla_0.05/370M/370M_seed42_case4_dolma_epoch32_wd0.8_lr3e-4.json,train_0.37B.npy,preprocessed/dolma2-0625/resharded,,,,,OLMo-dolma-0.37B
repeat,370M_seed42_case4_dolma_epoch32_wd1.6_lr3e-4,370m,370000000,0.05,370000000,32,,0.0003,1.6,42,3.6623695763913835,38.95353317260742,13279917,True,False,dolma_val_loss/chinchilla_0.05/370M/370M_seed42_case4_dolma_epoch32_wd1.6_lr3e-4.json,train_0.37B.npy,preprocessed/dolma2-0625/resharded,,,,,OLMo-dolma-0.37B
repeat,370M_seed42_case4_dolma_epoch32_wd3.2_lr3e-4,370m,370000000,0.05,370000000,32,,0.0003,3.2,42,3.6402564203413026,38.10160446166992,13279917,True,False,dolma_val_loss/chinchilla_0.05/370M/370M_seed42_case4_dolma_epoch32_wd3.2_lr3e-4.json,train_0.37B.npy,preprocessed/dolma2-0625/resharded,,,,,OLMo-dolma-0.37B
repeat,370M_seed42_case4_dolma_epoch32_wd6.4_lr3e-4,370m,370000000,0.05,370000000,32,,0.0003,6.4,42,4.307776697811051,74.27518463134766,13279917,True,False,dolma_val_loss/chinchilla_0.05/370M/370M_seed42_case4_dolma_epoch32_wd6.4_lr3e-4.json,train_0.37B.npy,preprocessed/dolma2-0625/resharded,,,,,OLMo-dolma-0.37B
repeat,370M_seed42_case4_dolma_epoch32_wd0.1_lr1e-3,370m,370000000,0.05,370000000,32,,0.001,0.1,42,4.561698489775364,95.74595642089844,13279917,True,False,dolma_val_loss/chinchilla_0.05/370M/370M_seed42_case4_dolma_epoch32_wd0.1_lr1e-3.json,train_0.37B.npy,preprocessed/dolma2-0625/resharded,,,,,OLMo-dolma-0.37B
repeat,370M_seed42_case4_dolma_epoch32_wd0.2_lr1e-3,370m,370000000,0.05,370000000,32,,0.001,0.2,42,4.389022527951358,80.5616226196289,13279917,True,False,dolma_val_loss/chinchilla_0.05/370M/370M_seed42_case4_dolma_epoch32_wd0.2_lr1e-3.json,train_0.37B.npy,preprocessed/dolma2-0625/resharded,,,,,OLMo-dolma-0.37B
repeat,370M_seed42_case4_dolma_epoch32_wd0.4_lr1e-3,370m,370000000,0.05,370000000,32,,0.001,0.4,42,4.127050145509722,61.9947624206543,13279917,True,False,dolma_val_loss/chinchilla_0.05/370M/370M_seed42_case4_dolma_epoch32_wd0.4_lr1e-3.json,train_0.37B.npy,preprocessed/dolma2-0625/resharded,,,,,OLMo-dolma-0.37B
repeat,370M_seed42_case4_dolma_epoch32_wd0.8_lr1e-3,370m,370000000,0.05,370000000,32,,0.001,0.8,42,3.762478296380495,43.05500030517578,13279917,True,False,dolma_val_loss/chinchilla_0.05/370M/370M_seed42_case4_dolma_epoch32_wd0.8_lr1e-3.json,train_0.37B.npy,preprocessed/dolma2-0625/resharded,,,,,OLMo-dolma-0.37B
repeat,370M_seed42_case4_dolma_epoch32_wd1.6_lr1e-3,370m,370000000,0.05,370000000,32,,0.001,1.6,42,3.5626870940905837,35.2578125,13279917,True,False,dolma_val_loss/chinchilla_0.05/370M/370M_seed42_case4_dolma_epoch32_wd1.6_lr1e-3.json,train_0.37B.npy,preprocessed/dolma2-0625/resharded,,,,,OLMo-dolma-0.37B
repeat,370M_seed42_case4_dolma_epoch32_wd3.2_lr1e-3,370m,370000000,0.05,370000000,32,,0.001,3.2,42,3.642991961094335,38.20597839355469,13279917,True,False,dolma_val_loss/chinchilla_0.05/370M/370M_seed42_case4_dolma_epoch32_wd3.2_lr1e-3.json,train_0.37B.npy,preprocessed/dolma2-0625/resharded,,,,,OLMo-dolma-0.37B
repeat,370M_seed42_case4_dolma_epoch32_wd6.4_lr1e-3,370m,370000000,0.05,370000000,32,,0.001,6.4,42,4.528947335726595,92.66097259521484,13279917,True,False,dolma_val_loss/chinchilla_0.05/370M/370M_seed42_case4_dolma_epoch32_wd6.4_lr1e-3.json,train_0.37B.npy,preprocessed/dolma2-0625/resharded,,,,,OLMo-dolma-0.37B
repeat,370M_seed42_case4_dolma_epoch32_wd0.1_lr3e-3,370m,370000000,0.05,370000000,32,,0.003,0.1,42,4.518666664878546,91.71324157714844,13279917,True,False,dolma_val_loss/chinchilla_0.05/370M/370M_seed42_case4_dolma_epoch32_wd0.1_lr3e-3.json,train_0.37B.npy,preprocessed/dolma2-0625/resharded,,,,,OLMo-dolma-0.37B
repeat,370M_seed42_case4_dolma_epoch32_wd0.2_lr3e-3,370m,370000000,0.05,370000000,32,,0.003,0.2,42,4.187759585539132,65.8750228881836,13279917,True,False,dolma_val_loss/chinchilla_0.05/370M/370M_seed42_case4_dolma_epoch32_wd0.2_lr3e-3.json,train_0.37B.npy,preprocessed/dolma2-0625/resharded,,,,,OLMo-dolma-0.37B
repeat,370M_seed42_case4_dolma_epoch32_wd0.4_lr3e-3,370m,370000000,0.05,370000000,32,,0.003,0.4,42,3.785615137564548,44.06277084350586,13279917,True,False,dolma_val_loss/chinchilla_0.05/370M/370M_seed42_case4_dolma_epoch32_wd0.4_lr3e-3.json,train_0.37B.npy,preprocessed/dolma2-0625/resharded,,,,,OLMo-dolma-0.37B
repeat,370M_seed42_case4_dolma_epoch32_wd0.8_lr3e-3,370m,370000000,0.05,370000000,32,,0.003,0.8,42,3.4094665009557406,30.249101638793945,13279917,True,False,dolma_val_loss/chinchilla_0.05/370M/370M_seed42_case4_dolma_epoch32_wd0.8_lr3e-3.json,train_0.37B.npy,preprocessed/dolma2-0625/resharded,,,,,OLMo-dolma-0.37B
repeat,370M_seed42_case4_dolma_epoch32_wd1.6_lr3e-3,370m,370000000,0.05,370000000,32,,0.003,1.6,42,3.390504066005593,29.680912017822266,13279917,True,True,dolma_val_loss/chinchilla_0.05/370M/370M_seed42_case4_dolma_epoch32_wd1.6_lr3e-3.json,train_0.37B.npy,preprocessed/dolma2-0625/resharded,,,,,OLMo-dolma-0.37B
repeat,370M_seed42_case4_dolma_epoch32_wd3.2_lr3e-3,370m,370000000,0.05,370000000,32,,0.003,3.2,42,3.6894829303628,40.024147033691406,13279917,True,False,dolma_val_loss/chinchilla_0.05/370M/370M_seed42_case4_dolma_epoch32_wd3.2_lr3e-3.json,train_0.37B.npy,preprocessed/dolma2-0625/resharded,,,,,OLMo-dolma-0.37B
repeat,370M_seed42_case4_dolma_epoch32_wd6.4_lr3e-3,370m,370000000,0.05,370000000,32,,0.003,6.4,42,4.911017661236724,135.77755737304688,13279917,True,False,dolma_val_loss/chinchilla_0.05/370M/370M_seed42_case4_dolma_epoch32_wd6.4_lr3e-3.json,train_0.37B.npy,preprocessed/dolma2-0625/resharded,,,,,OLMo-dolma-0.37B
repeat,370M_seed42_case4_dolma_epoch64_wd0.1_lr1e-4,370m,370000000,0.05,370000000,64,,0.0001,0.1,42,3.75143726037492,42.582237243652344,13279917,True,False,dolma_val_loss/chinchilla_0.05/370M/370M_seed42_case4_dolma_epoch64_wd0.1_lr1e-4.json,train_0.37B.npy,preprocessed/dolma2-0625/resharded,,,,,OLMo-dolma-0.37B
repeat,370M_seed42_case4_dolma_epoch64_wd0.2_lr1e-4,370m,370000000,0.05,370000000,64,,0.0001,0.2,42,3.731630711824897,41.747135162353516,13279917,True,False,dolma_val_loss/chinchilla_0.05/370M/370M_seed42_case4_dolma_epoch64_wd0.2_lr1e-4.json,train_0.37B.npy,preprocessed/dolma2-0625/resharded,,,,,OLMo-dolma-0.37B
repeat,370M_seed42_case4_dolma_epoch64_wd0.4_lr1e-4,370m,370000000,0.05,370000000,64,,0.0001,0.4,42,3.702032361695401,40.52959060668945,13279917,True,False,dolma_val_loss/chinchilla_0.05/370M/370M_seed42_case4_dolma_epoch64_wd0.4_lr1e-4.json,train_0.37B.npy,preprocessed/dolma2-0625/resharded,,,,,OLMo-dolma-0.37B
repeat,370M_seed42_case4_dolma_epoch64_wd0.8_lr1e-4,370m,370000000,0.05,370000000,64,,0.0001,0.8,42,3.6673183363559247,39.146785736083984,13279917,True,False,dolma_val_loss/chinchilla_0.05/370M/370M_seed42_case4_dolma_epoch64_wd0.8_lr1e-4.json,train_0.37B.npy,preprocessed/dolma2-0625/resharded,,,,,OLMo-dolma-0.37B
repeat,370M_seed42_case4_dolma_epoch64_wd1.6_lr1e-4,370m,370000000,0.05,370000000,64,,0.0001,1.6,42,3.704083873555495,40.61282730102539,13279917,True,False,dolma_val_loss/chinchilla_0.05/370M/370M_seed42_case4_dolma_epoch64_wd1.6_lr1e-4.json,train_0.37B.npy,preprocessed/dolma2-0625/resharded,,,,,OLMo-dolma-0.37B
repeat,370M_seed42_case4_dolma_epoch64_wd3.2_lr1e-4,370m,370000000,0.05,370000000,64,,0.0001,3.2,42,3.661243607811376,38.90970230102539,13279917,True,False,dolma_val_loss/chinchilla_0.05/370M/370M_seed42_case4_dolma_epoch64_wd3.2_lr1e-4.json,train_0.37B.npy,preprocessed/dolma2-0625/resharded,,,,,OLMo-dolma-0.37B
repeat,370M_seed42_case4_dolma_epoch64_wd6.4_lr1e-4,370m,370000000,0.05,370000000,64,,0.0001,6.4,42,4.295684253521366,73.38241577148438,13279917,True,False,dolma_val_loss/chinchilla_0.05/370M/370M_seed42_case4_dolma_epoch64_wd6.4_lr1e-4.json,train_0.37B.npy,preprocessed/dolma2-0625/resharded,,,,,OLMo-dolma-0.37B
repeat,370M_seed42_case4_dolma_epoch64_wd0.1_lr3e-4,370m,370000000,0.05,370000000,64,,0.0003,0.1,42,5.57084464315229,262.6558532714844,13279917,True,False,dolma_val_loss/chinchilla_0.05/370M/370M_seed42_case4_dolma_epoch64_wd0.1_lr3e-4.json,train_0.37B.npy,preprocessed/dolma2-0625/resharded,,,,,OLMo-dolma-0.37B
repeat,370M_seed42_case4_dolma_epoch64_wd0.2_lr3e-4,370m,370000000,0.05,370000000,64,,0.0003,0.2,42,5.3503288527265696,210.67758178710938,13279917,True,False,dolma_val_loss/chinchilla_0.05/370M/370M_seed42_case4_dolma_epoch64_wd0.2_lr3e-4.json,train_0.37B.npy,preprocessed/dolma2-0625/resharded,,,,,OLMo-dolma-0.37B
repeat,370M_seed42_case4_dolma_epoch64_wd0.4_lr3e-4,370m,370000000,0.05,370000000,64,,0.0003,0.4,42,4.970125010910213,144.044921875,13279917,True,False,dolma_val_loss/chinchilla_0.05/370M/370M_seed42_case4_dolma_epoch64_wd0.4_lr3e-4.json,train_0.37B.npy,preprocessed/dolma2-0625/resharded,,,,,OLMo-dolma-0.37B
repeat,370M_seed42_case4_dolma_epoch64_wd0.8_lr3e-4,370m,370000000,0.05,370000000,64,,0.0003,0.8,42,4.487534186067184,88.90194702148438,13279917,True,False,dolma_val_loss/chinchilla_0.05/370M/370M_seed42_case4_dolma_epoch64_wd0.8_lr3e-4.json,train_0.37B.npy,preprocessed/dolma2-0625/resharded,,,,,OLMo-dolma-0.37B
repeat,370M_seed42_case4_dolma_epoch64_wd1.6_lr3e-4,370m,370000000,0.05,370000000,64,,0.0003,1.6,42,4.154343308116237,63.71010208129883,13279917,True,False,dolma_val_loss/chinchilla_0.05/370M/370M_seed42_case4_dolma_epoch64_wd1.6_lr3e-4.json,train_0.37B.npy,preprocessed/dolma2-0625/resharded,,,,,OLMo-dolma-0.37B
repeat,370M_seed42_case4_dolma_epoch64_wd3.2_lr3e-4,370m,370000000,0.05,370000000,64,,0.0003,3.2,42,3.9377010267021944,51.3005256652832,13279917,True,False,dolma_val_loss/chinchilla_0.05/370M/370M_seed42_case4_dolma_epoch64_wd3.2_lr3e-4.json,train_0.37B.npy,preprocessed/dolma2-0625/resharded,,,,,OLMo-dolma-0.37B
repeat,370M_seed42_case4_dolma_epoch64_wd6.4_lr3e-4,370m,370000000,0.05,370000000,64,,0.0003,6.4,42,4.335373801346019,76.35350036621094,13279917,True,False,dolma_val_loss/chinchilla_0.05/370M/370M_seed42_case4_dolma_epoch64_wd6.4_lr3e-4.json,train_0.37B.npy,preprocessed/dolma2-0625/resharded,,,,,OLMo-dolma-0.37B
repeat,370M_seed42_case4_dolma_epoch64_wd0.1_lr1e-3,370m,370000000,0.05,370000000,64,,0.001,0.1,42,6.552333516936173,700.877685546875,13279917,True,False,dolma_val_loss/chinchilla_0.05/370M/370M_seed42_case4_dolma_epoch64_wd0.1_lr1e-3.json,train_0.37B.npy,preprocessed/dolma2-0625/resharded,,,,,OLMo-dolma-0.37B
repeat,370M_seed42_case4_dolma_epoch64_wd0.2_lr1e-3,370m,370000000,0.05,370000000,64,,0.001,0.2,42,5.951000271894348,384.1373596191406,13279917,True,False,dolma_val_loss/chinchilla_0.05/370M/370M_seed42_case4_dolma_epoch64_wd0.2_lr1e-3.json,train_0.37B.npy,preprocessed/dolma2-0625/resharded,,,,,OLMo-dolma-0.37B
repeat,370M_seed42_case4_dolma_epoch64_wd0.4_lr1e-3,370m,370000000,0.05,370000000,64,,0.001,0.4,42,5.173879161629749,176.5985565185547,13279917,True,False,dolma_val_loss/chinchilla_0.05/370M/370M_seed42_case4_dolma_epoch64_wd0.4_lr1e-3.json,train_0.37B.npy,preprocessed/dolma2-0625/resharded,,,,,OLMo-dolma-0.37B
repeat,370M_seed42_case4_dolma_epoch64_wd0.8_lr1e-3,370m,370000000,0.05,370000000,64,,0.001,0.8,42,4.402769739667095,81.67676544189453,13279917,True,False,dolma_val_loss/chinchilla_0.05/370M/370M_seed42_case4_dolma_epoch64_wd0.8_lr1e-3.json,train_0.37B.npy,preprocessed/dolma2-0625/resharded,,,,,OLMo-dolma-0.37B
repeat,370M_seed42_case4_dolma_epoch64_wd1.6_lr1e-3,370m,370000000,0.05,370000000,64,,0.001,1.6,42,3.8939558271178214,49.104759216308594,13279917,True,False,dolma_val_loss/chinchilla_0.05/370M/370M_seed42_case4_dolma_epoch64_wd1.6_lr1e-3.json,train_0.37B.npy,preprocessed/dolma2-0625/resharded,,,,,OLMo-dolma-0.37B
repeat,370M_seed42_case4_dolma_epoch64_wd3.2_lr1e-3,370m,370000000,0.05,370000000,64,,0.001,3.2,42,3.81817052400514,45.52085494995117,13279917,True,False,dolma_val_loss/chinchilla_0.05/370M/370M_seed42_case4_dolma_epoch64_wd3.2_lr1e-3.json,train_0.37B.npy,preprocessed/dolma2-0625/resharded,,,,,OLMo-dolma-0.37B
repeat,370M_seed42_case4_dolma_epoch64_wd6.4_lr1e-3,370m,370000000,0.05,370000000,64,,0.001,6.4,42,4.525193986661047,92.31385040283203,13279917,True,False,dolma_val_loss/chinchilla_0.05/370M/370M_seed42_case4_dolma_epoch64_wd6.4_lr1e-3.json,train_0.37B.npy,preprocessed/dolma2-0625/resharded,,,,,OLMo-dolma-0.37B
repeat,370M_seed42_case4_dolma_epoch64_wd0.2_lr3e-3,370m,370000000,0.05,370000000,64,,0.003,0.2,42,5.350940626885895,210.8065185546875,13279917,True,False,dolma_val_loss/chinchilla_0.05/370M/370M_seed42_case4_dolma_epoch64_wd0.2_lr3e-3.json,train_0.37B.npy,preprocessed/dolma2-0625/resharded,,,,,OLMo-dolma-0.37B
repeat,370M_seed42_case4_dolma_epoch64_wd0.4_lr3e-3,370m,370000000,0.05,370000000,64,,0.003,0.4,42,4.359449657199006,78.21409606933594,13279917,True,False,dolma_val_loss/chinchilla_0.05/370M/370M_seed42_case4_dolma_epoch64_wd0.4_lr3e-3.json,train_0.37B.npy,preprocessed/dolma2-0625/resharded,,,,,OLMo-dolma-0.37B
repeat,370M_seed42_case4_dolma_epoch64_wd0.8_lr3e-3,370m,370000000,0.05,370000000,64,,0.003,0.8,42,3.7039021735540945,40.60544967651367,13279917,True,False,dolma_val_loss/chinchilla_0.05/370M/370M_seed42_case4_dolma_epoch64_wd0.8_lr3e-3.json,train_0.37B.npy,preprocessed/dolma2-0625/resharded,,,,,OLMo-dolma-0.37B
repeat,370M_seed42_case4_dolma_epoch64_wd1.6_lr3e-3,370m,370000000,0.05,370000000,64,,0.003,1.6,42,3.4883650952351526,32.732391357421875,13279917,True,True,dolma_val_loss/chinchilla_0.05/370M/370M_seed42_case4_dolma_epoch64_wd1.6_lr3e-3.json,train_0.37B.npy,preprocessed/dolma2-0625/resharded,,,,,OLMo-dolma-0.37B
repeat,370M_seed42_case4_dolma_epoch64_wd3.2_lr3e-3,370m,370000000,0.05,370000000,64,,0.003,3.2,42,3.6447212447677453,38.27210235595703,13279917,True,False,dolma_val_loss/chinchilla_0.05/370M/370M_seed42_case4_dolma_epoch64_wd3.2_lr3e-3.json,train_0.37B.npy,preprocessed/dolma2-0625/resharded,,,,,OLMo-dolma-0.37B
repeat,370M_seed42_case4_dolma_epoch64_wd6.4_lr3e-3,370m,370000000,0.05,370000000,64,,0.003,6.4,42,4.822241915396072,124.24330139160156,13279917,True,False,dolma_val_loss/chinchilla_0.05/370M/370M_seed42_case4_dolma_epoch64_wd6.4_lr3e-3.json,train_0.37B.npy,preprocessed/dolma2-0625/resharded,,,,,OLMo-dolma-0.37B
repeat,370M_seed42_case4_dolma_epoch1_wd0.1_lr1e-4,370m,370000000,0.1,740000000,1,,0.0001,0.1,42,5.94870482078976,383.256591796875,13279917,True,False,dolma_val_loss/chinchilla_0.1/370M/370M_seed42_case4_dolma_epoch1_wd0.1_lr1e-4.json,train_0.74B.npy,preprocessed/dolma2-0625/resharded,,,,,OLMo-dolma-0.74B
repeat,370M_seed42_case4_dolma_epoch1_wd0.2_lr1e-4,370m,370000000,0.1,740000000,1,,0.0001,0.2,42,5.950010166748347,383.7572937011719,13279917,True,False,dolma_val_loss/chinchilla_0.1/370M/370M_seed42_case4_dolma_epoch1_wd0.2_lr1e-4.json,train_0.74B.npy,preprocessed/dolma2-0625/resharded,,,,,OLMo-dolma-0.74B
repeat,370M_seed42_case4_dolma_epoch1_wd0.4_lr1e-4,370m,370000000,0.1,740000000,1,,0.0001,0.4,42,5.951098447942842,384.17510986328125,13279917,True,False,dolma_val_loss/chinchilla_0.1/370M/370M_seed42_case4_dolma_epoch1_wd0.4_lr1e-4.json,train_0.74B.npy,preprocessed/dolma2-0625/resharded,,,,,OLMo-dolma-0.74B
repeat,370M_seed42_case4_dolma_epoch1_wd0.8_lr1e-4,370m,370000000,0.1,740000000,1,,0.0001,0.8,42,5.956490240590183,386.25201416015625,13279917,True,False,dolma_val_loss/chinchilla_0.1/370M/370M_seed42_case4_dolma_epoch1_wd0.8_lr1e-4.json,train_0.74B.npy,preprocessed/dolma2-0625/resharded,,,,,OLMo-dolma-0.74B
repeat,370M_seed42_case4_dolma_epoch1_wd1.6_lr1e-4,370m,370000000,0.1,740000000,1,,0.0001,1.6,42,5.963834443845968,389.09918212890625,13279917,True,False,dolma_val_loss/chinchilla_0.1/370M/370M_seed42_case4_dolma_epoch1_wd1.6_lr1e-4.json,train_0.74B.npy,preprocessed/dolma2-0625/resharded,,,,,OLMo-dolma-0.74B
repeat,370M_seed42_case4_dolma_epoch1_wd0.1_lr3e-4,370m,370000000,0.1,740000000,1,,0.0003,0.1,42,5.306423866847563,201.6278533935547,13279917,True,False,dolma_val_loss/chinchilla_0.1/370M/370M_seed42_case4_dolma_epoch1_wd0.1_lr3e-4.json,train_0.74B.npy,preprocessed/dolma2-0625/resharded,,,,,OLMo-dolma-0.74B
repeat,370M_seed42_case4_dolma_epoch1_wd0.2_lr3e-4,370m,370000000,0.1,740000000,1,,0.0003,0.2,42,5.305087695497328,201.35862731933594,13279917,True,False,dolma_val_loss/chinchilla_0.1/370M/370M_seed42_case4_dolma_epoch1_wd0.2_lr3e-4.json,train_0.74B.npy,preprocessed/dolma2-0625/resharded,,,,,OLMo-dolma-0.74B
repeat,370M_seed42_case4_dolma_epoch1_wd0.4_lr3e-4,370m,370000000,0.1,740000000,1,,0.0003,0.4,42,5.345735651830799,209.7120819091797,13279917,True,False,dolma_val_loss/chinchilla_0.1/370M/370M_seed42_case4_dolma_epoch1_wd0.4_lr3e-4.json,train_0.74B.npy,preprocessed/dolma2-0625/resharded,,,,,OLMo-dolma-0.74B
repeat,370M_seed42_case4_dolma_epoch1_wd0.8_lr3e-4,370m,370000000,0.1,740000000,1,,0.0003,0.8,42,5.364748915228036,213.73756408691406,13279917,True,False,dolma_val_loss/chinchilla_0.1/370M/370M_seed42_case4_dolma_epoch1_wd0.8_lr3e-4.json,train_0.74B.npy,preprocessed/dolma2-0625/resharded,,,,,OLMo-dolma-0.74B
repeat,370M_seed42_case4_dolma_epoch1_wd1.6_lr3e-4,370m,370000000,0.1,740000000,1,,0.0003,1.6,42,5.327497169560035,205.92190551757812,13279917,True,False,dolma_val_loss/chinchilla_0.1/370M/370M_seed42_case4_dolma_epoch1_wd1.6_lr3e-4.json,train_0.74B.npy,preprocessed/dolma2-0625/resharded,,,,,OLMo-dolma-0.74B
repeat,370M_seed42_case4_dolma_epoch1_wd0.1_lr1e-3,370m,370000000,0.1,740000000,1,,0.001,0.1,42,5.153897925307858,173.1049041748047,13279917,True,True,dolma_val_loss/chinchilla_0.1/370M/370M_seed42_case4_dolma_epoch1_wd0.1_lr1e-3.json,train_0.74B.npy,preprocessed/dolma2-0625/resharded,,,,,OLMo-dolma-0.74B
repeat,370M_seed42_case4_dolma_epoch1_wd0.2_lr1e-3,370m,370000000,0.1,740000000,1,,0.001,0.2,42,5.206884619106618,182.5244903564453,13279917,True,False,dolma_val_loss/chinchilla_0.1/370M/370M_seed42_case4_dolma_epoch1_wd0.2_lr1e-3.json,train_0.74B.npy,preprocessed/dolma2-0625/resharded,,,,,OLMo-dolma-0.74B
repeat,370M_seed42_case4_dolma_epoch1_wd0.4_lr1e-3,370m,370000000,0.1,740000000,1,,0.001,0.4,42,5.223309181451927,185.54714965820312,13279917,True,False,dolma_val_loss/chinchilla_0.1/370M/370M_seed42_case4_dolma_epoch1_wd0.4_lr1e-3.json,train_0.74B.npy,preprocessed/dolma2-0625/resharded,,,,,OLMo-dolma-0.74B
repeat,370M_seed42_case4_dolma_epoch1_wd0.8_lr1e-3,370m,370000000,0.1,740000000,1,,0.001,0.8,42,5.280556600368754,196.47921752929688,13279917,True,False,dolma_val_loss/chinchilla_0.1/370M/370M_seed42_case4_dolma_epoch1_wd0.8_lr1e-3.json,train_0.74B.npy,preprocessed/dolma2-0625/resharded,,,,,OLMo-dolma-0.74B
repeat,370M_seed42_case4_dolma_epoch1_wd1.6_lr1e-3,370m,370000000,0.1,740000000,1,,0.001,1.6,42,5.303964525433493,201.1326446533203,13279917,True,False,dolma_val_loss/chinchilla_0.1/370M/370M_seed42_case4_dolma_epoch1_wd1.6_lr1e-3.json,train_0.74B.npy,preprocessed/dolma2-0625/resharded,,,,,OLMo-dolma-0.74B
repeat,370M_seed42_case4_dolma_epoch1_wd0.1_lr3e-3,370m,370000000,0.1,740000000,1,,0.003,0.1,42,5.426605512140531,227.3761444091797,13279917,True,False,dolma_val_loss/chinchilla_0.1/370M/370M_seed42_case4_dolma_epoch1_wd0.1_lr3e-3.json,train_0.74B.npy,preprocessed/dolma2-0625/resharded,,,,,OLMo-dolma-0.74B
repeat,370M_seed42_case4_dolma_epoch1_wd0.2_lr3e-3,370m,370000000,0.1,740000000,1,,0.003,0.2,42,5.387438055062181,218.64247131347656,13279917,True,False,dolma_val_loss/chinchilla_0.1/370M/370M_seed42_case4_dolma_epoch1_wd0.2_lr3e-3.json,train_0.74B.npy,preprocessed/dolma2-0625/resharded,,,,,OLMo-dolma-0.74B
repeat,370M_seed42_case4_dolma_epoch1_wd0.4_lr3e-3,370m,370000000,0.1,740000000,1,,0.003,0.4,42,5.376990899471459,216.3701934814453,13279917,True,False,dolma_val_loss/chinchilla_0.1/370M/370M_seed42_case4_dolma_epoch1_wd0.4_lr3e-3.json,train_0.74B.npy,preprocessed/dolma2-0625/resharded,,,,,OLMo-dolma-0.74B
repeat,370M_seed42_case4_dolma_epoch1_wd0.8_lr3e-3,370m,370000000,0.1,740000000,1,,0.003,0.8,42,5.3888754281506195,218.95703125,13279917,True,False,dolma_val_loss/chinchilla_0.1/370M/370M_seed42_case4_dolma_epoch1_wd0.8_lr3e-3.json,train_0.74B.npy,preprocessed/dolma2-0625/resharded,,,,,OLMo-dolma-0.74B
repeat,370M_seed42_case4_dolma_epoch1_wd1.6_lr3e-3,370m,370000000,0.1,740000000,1,,0.003,1.6,42,5.4476158352230994,232.20384216308594,13279917,True,False,dolma_val_loss/chinchilla_0.1/370M/370M_seed42_case4_dolma_epoch1_wd1.6_lr3e-3.json,train_0.74B.npy,preprocessed/dolma2-0625/resharded,,,,,OLMo-dolma-0.74B
repeat,370M_seed42_case4_dolma_epoch2_wd0.1_lr1e-4,370m,370000000,0.1,740000000,2,,0.0001,0.1,42,5.312901302906269,202.93820190429688,13279917,True,False,dolma_val_loss/chinchilla_0.1/370M/370M_seed42_case4_dolma_epoch2_wd0.1_lr1e-4.json,train_0.74B.npy,preprocessed/dolma2-0625/resharded,,,,,OLMo-dolma-0.74B
repeat,370M_seed42_case4_dolma_epoch2_wd0.2_lr1e-4,370m,370000000,0.1,740000000,2,,0.0001,0.2,42,5.314881943167895,203.34046936035156,13279917,True,False,dolma_val_loss/chinchilla_0.1/370M/370M_seed42_case4_dolma_epoch2_wd0.2_lr1e-4.json,train_0.74B.npy,preprocessed/dolma2-0625/resharded,,,,,OLMo-dolma-0.74B
repeat,370M_seed42_case4_dolma_epoch2_wd0.4_lr1e-4,370m,370000000,0.1,740000000,2,,0.0001,0.4,42,5.317821842703876,203.939208984375,13279917,True,False,dolma_val_loss/chinchilla_0.1/370M/370M_seed42_case4_dolma_epoch2_wd0.4_lr1e-4.json,train_0.74B.npy,preprocessed/dolma2-0625/resharded,,,,,OLMo-dolma-0.74B
repeat,370M_seed42_case4_dolma_epoch2_wd0.8_lr1e-4,370m,370000000,0.1,740000000,2,,0.0001,0.8,42,5.32091846460565,204.5717010498047,13279917,True,False,dolma_val_loss/chinchilla_0.1/370M/370M_seed42_case4_dolma_epoch2_wd0.8_lr1e-4.json,train_0.74B.npy,preprocessed/dolma2-0625/resharded,,,,,OLMo-dolma-0.74B
repeat,370M_seed42_case4_dolma_epoch2_wd1.6_lr1e-4,370m,370000000,0.1,740000000,2,,0.0001,1.6,42,5.331545976386426,206.75733947753906,13279917,True,False,dolma_val_loss/chinchilla_0.1/370M/370M_seed42_case4_dolma_epoch2_wd1.6_lr1e-4.json,train_0.74B.npy,preprocessed/dolma2-0625/resharded,,,,,OLMo-dolma-0.74B
repeat,370M_seed42_case4_dolma_epoch2_wd0.1_lr3e-4,370m,370000000,0.1,740000000,2,,0.0003,0.1,42,4.388455478299282,80.51596069335938,13279917,True,False,dolma_val_loss/chinchilla_0.1/370M/370M_seed42_case4_dolma_epoch2_wd0.1_lr3e-4.json,train_0.74B.npy,preprocessed/dolma2-0625/resharded,,,,,OLMo-dolma-0.74B
repeat,370M_seed42_case4_dolma_epoch2_wd0.2_lr3e-4,370m,370000000,0.1,740000000,2,,0.0003,0.2,42,4.365914825353625,78.72138214111328,13279917,True,False,dolma_val_loss/chinchilla_0.1/370M/370M_seed42_case4_dolma_epoch2_wd0.2_lr3e-4.json,train_0.74B.npy,preprocessed/dolma2-0625/resharded,,,,,OLMo-dolma-0.74B
repeat,370M_seed42_case4_dolma_epoch2_wd0.4_lr3e-4,370m,370000000,0.1,740000000,2,,0.0003,0.4,42,4.404273778509079,81.79973602294922,13279917,True,False,dolma_val_loss/chinchilla_0.1/370M/370M_seed42_case4_dolma_epoch2_wd0.4_lr3e-4.json,train_0.74B.npy,preprocessed/dolma2-0625/resharded,,,,,OLMo-dolma-0.74B
repeat,370M_seed42_case4_dolma_epoch2_wd0.8_lr3e-4,370m,370000000,0.1,740000000,2,,0.0003,0.8,42,4.411530235660252,82.39543151855469,13279917,True,False,dolma_val_loss/chinchilla_0.1/370M/370M_seed42_case4_dolma_epoch2_wd0.8_lr3e-4.json,train_0.74B.npy,preprocessed/dolma2-0625/resharded,,,,,OLMo-dolma-0.74B
repeat,370M_seed42_case4_dolma_epoch2_wd1.6_lr3e-4,370m,370000000,0.1,740000000,2,,0.0003,1.6,42,4.446260502446012,85.30733489990234,13279917,True,False,dolma_val_loss/chinchilla_0.1/370M/370M_seed42_case4_dolma_epoch2_wd1.6_lr3e-4.json,train_0.74B.npy,preprocessed/dolma2-0625/resharded,,,,,OLMo-dolma-0.74B
repeat,370M_seed42_case4_dolma_epoch2_wd0.1_lr1e-3,370m,370000000,0.1,740000000,2,,0.001,0.1,42,4.040666335034706,56.86420822143555,13279917,True,False,dolma_val_loss/chinchilla_0.1/370M/370M_seed42_case4_dolma_epoch2_wd0.1_lr1e-3.json,train_0.74B.npy,preprocessed/dolma2-0625/resharded,,,,,OLMo-dolma-0.74B
repeat,370M_seed42_case4_dolma_epoch2_wd0.2_lr1e-3,370m,370000000,0.1,740000000,2,,0.001,0.2,42,4.088726031935573,59.66383361816406,13279917,True,False,dolma_val_loss/chinchilla_0.1/370M/370M_seed42_case4_dolma_epoch2_wd0.2_lr1e-3.json,train_0.74B.npy,preprocessed/dolma2-0625/resharded,,,,,OLMo-dolma-0.74B
repeat,370M_seed42_case4_dolma_epoch2_wd0.4_lr1e-3,370m,370000000,0.1,740000000,2,,0.001,0.4,42,4.101118330401621,60.40782165527344,13279917,True,False,dolma_val_loss/chinchilla_0.1/370M/370M_seed42_case4_dolma_epoch2_wd0.4_lr1e-3.json,train_0.74B.npy,preprocessed/dolma2-0625/resharded,,,,,OLMo-dolma-0.74B
repeat,370M_seed42_case4_dolma_epoch2_wd0.8_lr1e-3,370m,370000000,0.1,740000000,2,,0.001,0.8,42,4.125785287272857,61.91641616821289,13279917,True,False,dolma_val_loss/chinchilla_0.1/370M/370M_seed42_case4_dolma_epoch2_wd0.8_lr1e-3.json,train_0.74B.npy,preprocessed/dolma2-0625/resharded,,,,,OLMo-dolma-0.74B
repeat,370M_seed42_case4_dolma_epoch2_wd1.6_lr1e-3,370m,370000000,0.1,740000000,2,,0.001,1.6,42,4.2191948426254875,67.97872924804688,13279917,True,False,dolma_val_loss/chinchilla_0.1/370M/370M_seed42_case4_dolma_epoch2_wd1.6_lr1e-3.json,train_0.74B.npy,preprocessed/dolma2-0625/resharded,,,,,OLMo-dolma-0.74B
repeat,370M_seed42_case4_dolma_epoch2_wd0.1_lr3e-3,370m,370000000,0.1,740000000,2,,0.003,0.1,42,4.031326883139329,56.33560562133789,13279917,True,True,dolma_val_loss/chinchilla_0.1/370M/370M_seed42_case4_dolma_epoch2_wd0.1_lr3e-3.json,train_0.74B.npy,preprocessed/dolma2-0625/resharded,,,,,OLMo-dolma-0.74B
repeat,370M_seed42_case4_dolma_epoch2_wd0.2_lr3e-3,370m,370000000,0.1,740000000,2,,0.003,0.2,42,4.119593903803084,61.53425979614258,13279917,True,False,dolma_val_loss/chinchilla_0.1/370M/370M_seed42_case4_dolma_epoch2_wd0.2_lr3e-3.json,train_0.74B.npy,preprocessed/dolma2-0625/resharded,,,,,OLMo-dolma-0.74B
repeat,370M_seed42_case4_dolma_epoch2_wd0.4_lr3e-3,370m,370000000,0.1,740000000,2,,0.003,0.4,42,4.0330177691353475,56.43094253540039,13279917,True,False,dolma_val_loss/chinchilla_0.1/370M/370M_seed42_case4_dolma_epoch2_wd0.4_lr3e-3.json,train_0.74B.npy,preprocessed/dolma2-0625/resharded,,,,,OLMo-dolma-0.74B
repeat,370M_seed42_case4_dolma_epoch2_wd0.8_lr3e-3,370m,370000000,0.1,740000000,2,,0.003,0.8,42,4.103778581833381,60.56870651245117,13279917,True,False,dolma_val_loss/chinchilla_0.1/370M/370M_seed42_case4_dolma_epoch2_wd0.8_lr3e-3.json,train_0.74B.npy,preprocessed/dolma2-0625/resharded,,,,,OLMo-dolma-0.74B
repeat,370M_seed42_case4_dolma_epoch2_wd1.6_lr3e-3,370m,370000000,0.1,740000000,2,,0.003,1.6,42,4.511449118820265,91.0536880493164,13279917,True,False,dolma_val_loss/chinchilla_0.1/370M/370M_seed42_case4_dolma_epoch2_wd1.6_lr3e-3.json,train_0.74B.npy,preprocessed/dolma2-0625/resharded,,,,,OLMo-dolma-0.74B
repeat,370M_seed42_case4_dolma_epoch4_wd0.1_lr1e-4,370m,370000000,0.1,740000000,4,,0.0001,0.1,42,4.5840519484917115,97.91033172607422,13279917,True,False,dolma_val_loss/chinchilla_0.1/370M/370M_seed42_case4_dolma_epoch4_wd0.1_lr1e-4.json,train_0.74B.npy,preprocessed/dolma2-0625/resharded,,,,,OLMo-dolma-0.74B
repeat,370M_seed42_case4_dolma_epoch4_wd0.2_lr1e-4,370m,370000000,0.1,740000000,4,,0.0001,0.2,42,4.584789907466572,97.98258209228516,13279917,True,False,dolma_val_loss/chinchilla_0.1/370M/370M_seed42_case4_dolma_epoch4_wd0.2_lr1e-4.json,train_0.74B.npy,preprocessed/dolma2-0625/resharded,,,,,OLMo-dolma-0.74B
repeat,370M_seed42_case4_dolma_epoch4_wd0.4_lr1e-4,370m,370000000,0.1,740000000,4,,0.0001,0.4,42,4.590541239453494,98.54776763916016,13279917,True,False,dolma_val_loss/chinchilla_0.1/370M/370M_seed42_case4_dolma_epoch4_wd0.4_lr1e-4.json,train_0.74B.npy,preprocessed/dolma2-0625/resharded,,,,,OLMo-dolma-0.74B
repeat,370M_seed42_case4_dolma_epoch4_wd0.8_lr1e-4,370m,370000000,0.1,740000000,4,,0.0001,0.8,42,4.5876177919731695,98.26008605957031,13279917,True,False,dolma_val_loss/chinchilla_0.1/370M/370M_seed42_case4_dolma_epoch4_wd0.8_lr1e-4.json,train_0.74B.npy,preprocessed/dolma2-0625/resharded,,,,,OLMo-dolma-0.74B
repeat,370M_seed42_case4_dolma_epoch4_wd1.6_lr1e-4,370m,370000000,0.1,740000000,4,,0.0001,1.6,42,4.610639440419195,100.5484390258789,13279917,True,False,dolma_val_loss/chinchilla_0.1/370M/370M_seed42_case4_dolma_epoch4_wd1.6_lr1e-4.json,train_0.74B.npy,preprocessed/dolma2-0625/resharded,,,,,OLMo-dolma-0.74B
repeat,370M_seed42_case4_dolma_epoch4_wd0.1_lr3e-4,370m,370000000,0.1,740000000,4,,0.0003,0.1,42,3.7406724727941163,42.12631607055664,13279917,True,False,dolma_val_loss/chinchilla_0.1/370M/370M_seed42_case4_dolma_epoch4_wd0.1_lr3e-4.json,train_0.74B.npy,preprocessed/dolma2-0625/resharded,,,,,OLMo-dolma-0.74B
repeat,370M_seed42_case4_dolma_epoch4_wd0.2_lr3e-4,370m,370000000,0.1,740000000,4,,0.0003,0.2,42,3.73911251161143,42.06064987182617,13279917,True,False,dolma_val_loss/chinchilla_0.1/370M/370M_seed42_case4_dolma_epoch4_wd0.2_lr3e-4.json,train_0.74B.npy,preprocessed/dolma2-0625/resharded,,,,,OLMo-dolma-0.74B
repeat,370M_seed42_case4_dolma_epoch4_wd0.4_lr3e-4,370m,370000000,0.1,740000000,4,,0.0003,0.4,42,3.733739713903644,41.835262298583984,13279917,True,False,dolma_val_loss/chinchilla_0.1/370M/370M_seed42_case4_dolma_epoch4_wd0.4_lr3e-4.json,train_0.74B.npy,preprocessed/dolma2-0625/resharded,,,,,OLMo-dolma-0.74B
repeat,370M_seed42_case4_dolma_epoch4_wd0.8_lr3e-4,370m,370000000,0.1,740000000,4,,0.0003,0.8,42,3.7363525409248193,41.9447135925293,13279917,True,False,dolma_val_loss/chinchilla_0.1/370M/370M_seed42_case4_dolma_epoch4_wd0.8_lr3e-4.json,train_0.74B.npy,preprocessed/dolma2-0625/resharded,,,,,OLMo-dolma-0.74B
repeat,370M_seed42_case4_dolma_epoch4_wd1.6_lr3e-4,370m,370000000,0.1,740000000,4,,0.0003,1.6,42,3.751970853819831,42.60496520996094,13279917,True,False,dolma_val_loss/chinchilla_0.1/370M/370M_seed42_case4_dolma_epoch4_wd1.6_lr3e-4.json,train_0.74B.npy,preprocessed/dolma2-0625/resharded,,,,,OLMo-dolma-0.74B
repeat,370M_seed42_case4_dolma_epoch4_wd0.1_lr1e-3,370m,370000000,0.1,740000000,4,,0.001,0.1,42,3.38347193745418,29.472923278808594,13279917,True,False,dolma_val_loss/chinchilla_0.1/370M/370M_seed42_case4_dolma_epoch4_wd0.1_lr1e-3.json,train_0.74B.npy,preprocessed/dolma2-0625/resharded,,,,,OLMo-dolma-0.74B
repeat,370M_seed42_case4_dolma_epoch4_wd0.2_lr1e-3,370m,370000000,0.1,740000000,4,,0.001,0.2,42,3.3837968021003304,29.482494354248047,13279917,True,False,dolma_val_loss/chinchilla_0.1/370M/370M_seed42_case4_dolma_epoch4_wd0.2_lr1e-3.json,train_0.74B.npy,preprocessed/dolma2-0625/resharded,,,,,OLMo-dolma-0.74B
repeat,370M_seed42_case4_dolma_epoch4_wd0.4_lr1e-3,370m,370000000,0.1,740000000,4,,0.001,0.4,42,3.377639766195569,29.301530838012695,13279917,True,False,dolma_val_loss/chinchilla_0.1/370M/370M_seed42_case4_dolma_epoch4_wd0.4_lr1e-3.json,train_0.74B.npy,preprocessed/dolma2-0625/resharded,,,,,OLMo-dolma-0.74B
repeat,370M_seed42_case4_dolma_epoch4_wd0.8_lr1e-3,370m,370000000,0.1,740000000,4,,0.001,0.8,42,3.35146536240132,28.54453468322754,13279917,True,False,dolma_val_loss/chinchilla_0.1/370M/370M_seed42_case4_dolma_epoch4_wd0.8_lr1e-3.json,train_0.74B.npy,preprocessed/dolma2-0625/resharded,,,,,OLMo-dolma-0.74B
repeat,370M_seed42_case4_dolma_epoch4_wd1.6_lr1e-3,370m,370000000,0.1,740000000,4,,0.001,1.6,42,3.5103965409978155,33.46153259277344,13279917,True,False,dolma_val_loss/chinchilla_0.1/370M/370M_seed42_case4_dolma_epoch4_wd1.6_lr1e-3.json,train_0.74B.npy,preprocessed/dolma2-0625/resharded,,,,,OLMo-dolma-0.74B
repeat,370M_seed42_case4_dolma_epoch4_wd0.1_lr3e-3,370m,370000000,0.1,740000000,4,,0.003,0.1,42,3.4099788709469863,30.264604568481445,13279917,True,False,dolma_val_loss/chinchilla_0.1/370M/370M_seed42_case4_dolma_epoch4_wd0.1_lr3e-3.json,train_0.74B.npy,preprocessed/dolma2-0625/resharded,,,,,OLMo-dolma-0.74B
repeat,370M_seed42_case4_dolma_epoch4_wd0.2_lr3e-3,370m,370000000,0.1,740000000,4,,0.003,0.2,42,3.375669873611921,29.24386978149414,13279917,True,False,dolma_val_loss/chinchilla_0.1/370M/370M_seed42_case4_dolma_epoch4_wd0.2_lr3e-3.json,train_0.74B.npy,preprocessed/dolma2-0625/resharded,,,,,OLMo-dolma-0.74B
repeat,370M_seed42_case4_dolma_epoch4_wd0.4_lr3e-3,370m,370000000,0.1,740000000,4,,0.003,0.4,42,3.3384115108091885,28.17433738708496,13279917,True,True,dolma_val_loss/chinchilla_0.1/370M/370M_seed42_case4_dolma_epoch4_wd0.4_lr3e-3.json,train_0.74B.npy,preprocessed/dolma2-0625/resharded,,,,,OLMo-dolma-0.74B
repeat,370M_seed42_case4_dolma_epoch4_wd0.8_lr3e-3,370m,370000000,0.1,740000000,4,,0.003,0.8,42,3.4639956165665184,31.94436264038086,13279917,True,False,dolma_val_loss/chinchilla_0.1/370M/370M_seed42_case4_dolma_epoch4_wd0.8_lr3e-3.json,train_0.74B.npy,preprocessed/dolma2-0625/resharded,,,,,OLMo-dolma-0.74B
repeat,370M_seed42_case4_dolma_epoch4_wd1.6_lr3e-3,370m,370000000,0.1,740000000,4,,0.003,1.6,42,3.6260198686755576,37.56301498413086,13279917,True,False,dolma_val_loss/chinchilla_0.1/370M/370M_seed42_case4_dolma_epoch4_wd1.6_lr3e-3.json,train_0.74B.npy,preprocessed/dolma2-0625/resharded,,,,,OLMo-dolma-0.74B
repeat,370M_seed42_case4_dolma_epoch8_wd0.1_lr1e-4,370m,370000000,0.1,740000000,8,,0.0001,0.1,42,3.9959690865687802,54.378509521484375,13279917,True,False,dolma_val_loss/chinchilla_0.1/370M/370M_seed42_case4_dolma_epoch8_wd0.1_lr1e-4.json,train_0.74B.npy,preprocessed/dolma2-0625/resharded,,,,,OLMo-dolma-0.74B
repeat,370M_seed42_case4_dolma_epoch8_wd0.2_lr1e-4,370m,370000000,0.1,740000000,8,,0.0001,0.2,42,3.9943600066326597,54.291080474853516,13279917,True,False,dolma_val_loss/chinchilla_0.1/370M/370M_seed42_case4_dolma_epoch8_wd0.2_lr1e-4.json,train_0.74B.npy,preprocessed/dolma2-0625/resharded,,,,,OLMo-dolma-0.74B
repeat,370M_seed42_case4_dolma_epoch8_wd0.4_lr1e-4,370m,370000000,0.1,740000000,8,,0.0001,0.4,42,3.993599316166748,54.24980545043945,13279917,True,False,dolma_val_loss/chinchilla_0.1/370M/370M_seed42_case4_dolma_epoch8_wd0.4_lr1e-4.json,train_0.74B.npy,preprocessed/dolma2-0625/resharded,,,,,OLMo-dolma-0.74B
repeat,370M_seed42_case4_dolma_epoch8_wd0.8_lr1e-4,370m,370000000,0.1,740000000,8,,0.0001,0.8,42,3.996662453090086,54.41622543334961,13279917,True,False,dolma_val_loss/chinchilla_0.1/370M/370M_seed42_case4_dolma_epoch8_wd0.8_lr1e-4.json,train_0.74B.npy,preprocessed/dolma2-0625/resharded,,,,,OLMo-dolma-0.74B
repeat,370M_seed42_case4_dolma_epoch8_wd1.6_lr1e-4,370m,370000000,0.1,740000000,8,,0.0001,1.6,42,4.014176050657775,55.37763977050781,13279917,True,False,dolma_val_loss/chinchilla_0.1/370M/370M_seed42_case4_dolma_epoch8_wd1.6_lr1e-4.json,train_0.74B.npy,preprocessed/dolma2-0625/resharded,,,,,OLMo-dolma-0.74B
repeat,370M_seed42_case4_dolma_epoch8_wd0.1_lr3e-4,370m,370000000,0.1,740000000,8,,0.0003,0.1,42,3.3902682274178884,29.673913955688477,13279917,True,False,dolma_val_loss/chinchilla_0.1/370M/370M_seed42_case4_dolma_epoch8_wd0.1_lr3e-4.json,train_0.74B.npy,preprocessed/dolma2-0625/resharded,,,,,OLMo-dolma-0.74B
repeat,370M_seed42_case4_dolma_epoch8_wd0.2_lr3e-4,370m,370000000,0.1,740000000,8,,0.0003,0.2,42,3.3854548929941397,29.531423568725586,13279917,True,False,dolma_val_loss/chinchilla_0.1/370M/370M_seed42_case4_dolma_epoch8_wd0.2_lr3e-4.json,train_0.74B.npy,preprocessed/dolma2-0625/resharded,,,,,OLMo-dolma-0.74B
repeat,370M_seed42_case4_dolma_epoch8_wd0.4_lr3e-4,370m,370000000,0.1,740000000,8,,0.0003,0.4,42,3.3778180804619327,29.3067569732666,13279917,True,False,dolma_val_loss/chinchilla_0.1/370M/370M_seed42_case4_dolma_epoch8_wd0.4_lr3e-4.json,train_0.74B.npy,preprocessed/dolma2-0625/resharded,,,,,OLMo-dolma-0.74B
repeat,370M_seed42_case4_dolma_epoch8_wd0.8_lr3e-4,370m,370000000,0.1,740000000,8,,0.0003,0.8,42,3.3722972281241184,29.145404815673828,13279917,True,False,dolma_val_loss/chinchilla_0.1/370M/370M_seed42_case4_dolma_epoch8_wd0.8_lr3e-4.json,train_0.74B.npy,preprocessed/dolma2-0625/resharded,,,,,OLMo-dolma-0.74B
repeat,370M_seed42_case4_dolma_epoch8_wd1.6_lr3e-4,370m,370000000,0.1,740000000,8,,0.0003,1.6,42,3.3839037778187864,29.48565101623535,13279917,True,False,dolma_val_loss/chinchilla_0.1/370M/370M_seed42_case4_dolma_epoch8_wd1.6_lr3e-4.json,train_0.74B.npy,preprocessed/dolma2-0625/resharded,,,,,OLMo-dolma-0.74B
repeat,370M_seed42_case4_dolma_epoch8_wd0.1_lr1e-3,370m,370000000,0.1,740000000,8,,0.001,0.1,42,3.151334490082227,23.36722755432129,13279917,True,False,dolma_val_loss/chinchilla_0.1/370M/370M_seed42_case4_dolma_epoch8_wd0.1_lr1e-3.json,train_0.74B.npy,preprocessed/dolma2-0625/resharded,,,,,OLMo-dolma-0.74B
repeat,370M_seed42_case4_dolma_epoch8_wd0.2_lr1e-3,370m,370000000,0.1,740000000,8,,0.001,0.2,42,3.143965149138004,23.195661544799805,13279917,True,False,dolma_val_loss/chinchilla_0.1/370M/370M_seed42_case4_dolma_epoch8_wd0.2_lr1e-3.json,train_0.74B.npy,preprocessed/dolma2-0625/resharded,,,,,OLMo-dolma-0.74B
repeat,370M_seed42_case4_dolma_epoch8_wd0.4_lr1e-3,370m,370000000,0.1,740000000,8,,0.001,0.4,42,3.1105093407438265,22.43246841430664,13279917,True,False,dolma_val_loss/chinchilla_0.1/370M/370M_seed42_case4_dolma_epoch8_wd0.4_lr1e-3.json,train_0.74B.npy,preprocessed/dolma2-0625/resharded,,,,,OLMo-dolma-0.74B
repeat,370M_seed42_case4_dolma_epoch8_wd0.8_lr1e-3,370m,370000000,0.1,740000000,8,,0.001,0.8,42,3.113219740637148,22.493350982666016,13279917,True,False,dolma_val_loss/chinchilla_0.1/370M/370M_seed42_case4_dolma_epoch8_wd0.8_lr1e-3.json,train_0.74B.npy,preprocessed/dolma2-0625/resharded,,,,,OLMo-dolma-0.74B
repeat,370M_seed42_case4_dolma_epoch8_wd1.6_lr1e-3,370m,370000000,0.1,740000000,8,,0.001,1.6,42,3.173523581832795,23.891521453857422,13279917,True,False,dolma_val_loss/chinchilla_0.1/370M/370M_seed42_case4_dolma_epoch8_wd1.6_lr1e-3.json,train_0.74B.npy,preprocessed/dolma2-0625/resharded,,,,,OLMo-dolma-0.74B
repeat,370M_seed42_case4_dolma_epoch8_wd0.1_lr3e-3,370m,370000000,0.1,740000000,8,,0.003,0.1,42,3.1373542251870257,23.042818069458008,13279917,True,False,dolma_val_loss/chinchilla_0.1/370M/370M_seed42_case4_dolma_epoch8_wd0.1_lr3e-3.json,train_0.74B.npy,preprocessed/dolma2-0625/resharded,,,,,OLMo-dolma-0.74B
repeat,370M_seed42_case4_dolma_epoch8_wd0.2_lr3e-3,370m,370000000,0.1,740000000,8,,0.003,0.2,42,3.0967810267152367,22.126611709594727,13279917,True,True,dolma_val_loss/chinchilla_0.1/370M/370M_seed42_case4_dolma_epoch8_wd0.2_lr3e-3.json,train_0.74B.npy,preprocessed/dolma2-0625/resharded,,,,,OLMo-dolma-0.74B
repeat,370M_seed42_case4_dolma_epoch8_wd0.4_lr3e-3,370m,370000000,0.1,740000000,8,,0.003,0.4,42,3.0993148182211288,22.182748794555664,13279917,True,False,dolma_val_loss/chinchilla_0.1/370M/370M_seed42_case4_dolma_epoch8_wd0.4_lr3e-3.json,train_0.74B.npy,preprocessed/dolma2-0625/resharded,,,,,OLMo-dolma-0.74B
repeat,370M_seed42_case4_dolma_epoch8_wd0.8_lr3e-3,370m,370000000,0.1,740000000,8,,0.003,0.8,42,3.1214406912001444,22.67902946472168,13279917,True,False,dolma_val_loss/chinchilla_0.1/370M/370M_seed42_case4_dolma_epoch8_wd0.8_lr3e-3.json,train_0.74B.npy,preprocessed/dolma2-0625/resharded,,,,,OLMo-dolma-0.74B
repeat,370M_seed42_case4_dolma_epoch8_wd1.6_lr3e-3,370m,370000000,0.1,740000000,8,,0.003,1.6,42,3.310187227892248,27.390256881713867,13279917,True,False,dolma_val_loss/chinchilla_0.1/370M/370M_seed42_case4_dolma_epoch8_wd1.6_lr3e-3.json,train_0.74B.npy,preprocessed/dolma2-0625/resharded,,,,,OLMo-dolma-0.74B
repeat,370M_seed42_case4_dolma_epoch16_wd0.1_lr1e-4,370m,370000000,0.1,740000000,16,,0.0001,0.1,42,3.593147867286299,36.34831237792969,13279917,True,False,dolma_val_loss/chinchilla_0.1/370M/370M_seed42_case4_dolma_epoch16_wd0.1_lr1e-4.json,train_0.74B.npy,preprocessed/dolma2-0625/resharded,,,,,OLMo-dolma-0.74B
repeat,370M_seed42_case4_dolma_epoch16_wd0.2_lr1e-4,370m,370000000,0.1,740000000,16,,0.0001,0.2,42,3.5922015405967134,36.31393051147461,13279917,True,False,dolma_val_loss/chinchilla_0.1/370M/370M_seed42_case4_dolma_epoch16_wd0.2_lr1e-4.json,train_0.74B.npy,preprocessed/dolma2-0625/resharded,,,,,OLMo-dolma-0.74B
repeat,370M_seed42_case4_dolma_epoch16_wd0.4_lr1e-4,370m,370000000,0.1,740000000,16,,0.0001,0.4,42,3.586208928069643,36.09696578979492,13279917,True,False,dolma_val_loss/chinchilla_0.1/370M/370M_seed42_case4_dolma_epoch16_wd0.4_lr1e-4.json,train_0.74B.npy,preprocessed/dolma2-0625/resharded,,,,,OLMo-dolma-0.74B
repeat,370M_seed42_case4_dolma_epoch16_wd0.8_lr1e-4,370m,370000000,0.1,740000000,16,,0.0001,0.8,42,3.5834116635296636,35.99613952636719,13279917,True,False,dolma_val_loss/chinchilla_0.1/370M/370M_seed42_case4_dolma_epoch16_wd0.8_lr1e-4.json,train_0.74B.npy,preprocessed/dolma2-0625/resharded,,,,,OLMo-dolma-0.74B
repeat,370M_seed42_case4_dolma_epoch16_wd1.6_lr1e-4,370m,370000000,0.1,740000000,16,,0.0001,1.6,42,3.594343708467449,36.391807556152344,13279917,True,False,dolma_val_loss/chinchilla_0.1/370M/370M_seed42_case4_dolma_epoch16_wd1.6_lr1e-4.json,train_0.74B.npy,preprocessed/dolma2-0625/resharded,,,,,OLMo-dolma-0.74B
repeat,370M_seed42_case4_dolma_epoch16_wd0.1_lr3e-4,370m,370000000,0.1,740000000,16,,0.0003,0.1,42,3.264353792366673,26.163198471069336,13279917,True,False,dolma_val_loss/chinchilla_0.1/370M/370M_seed42_case4_dolma_epoch16_wd0.1_lr3e-4.json,train_0.74B.npy,preprocessed/dolma2-0625/resharded,,,,,OLMo-dolma-0.74B
repeat,370M_seed42_case4_dolma_epoch16_wd0.2_lr3e-4,370m,370000000,0.1,740000000,16,,0.0003,0.2,42,3.2503989372460405,25.800628662109375,13279917,True,False,dolma_val_loss/chinchilla_0.1/370M/370M_seed42_case4_dolma_epoch16_wd0.2_lr3e-4.json,train_0.74B.npy,preprocessed/dolma2-0625/resharded,,,,,OLMo-dolma-0.74B
repeat,370M_seed42_case4_dolma_epoch16_wd0.4_lr3e-4,370m,370000000,0.1,740000000,16,,0.0003,0.4,42,3.2283671325594856,25.23841094970703,13279917,True,False,dolma_val_loss/chinchilla_0.1/370M/370M_seed42_case4_dolma_epoch16_wd0.4_lr3e-4.json,train_0.74B.npy,preprocessed/dolma2-0625/resharded,,,,,OLMo-dolma-0.74B
repeat,370M_seed42_case4_dolma_epoch16_wd0.8_lr3e-4,370m,370000000,0.1,740000000,16,,0.0003,0.8,42,3.1980120845155344,24.483810424804688,13279917,True,False,dolma_val_loss/chinchilla_0.1/370M/370M_seed42_case4_dolma_epoch16_wd0.8_lr3e-4.json,train_0.74B.npy,preprocessed/dolma2-0625/resharded,,,,,OLMo-dolma-0.74B
repeat,370M_seed42_case4_dolma_epoch16_wd1.6_lr3e-4,370m,370000000,0.1,740000000,16,,0.0003,1.6,42,3.199170844309494,24.512197494506836,13279917,True,False,dolma_val_loss/chinchilla_0.1/370M/370M_seed42_case4_dolma_epoch16_wd1.6_lr3e-4.json,train_0.74B.npy,preprocessed/dolma2-0625/resharded,,,,,OLMo-dolma-0.74B
repeat,370M_seed42_case4_dolma_epoch16_wd0.1_lr1e-3,370m,370000000,0.1,740000000,16,,0.001,0.1,42,3.21443050332144,24.889114379882812,13279917,True,False,dolma_val_loss/chinchilla_0.1/370M/370M_seed42_case4_dolma_epoch16_wd0.1_lr1e-3.json,train_0.74B.npy,preprocessed/dolma2-0625/resharded,,,,,OLMo-dolma-0.74B
repeat,370M_seed42_case4_dolma_epoch16_wd0.2_lr1e-3,370m,370000000,0.1,740000000,16,,0.001,0.2,42,3.17404413861999,23.903959274291992,13279917,True,False,dolma_val_loss/chinchilla_0.1/370M/370M_seed42_case4_dolma_epoch16_wd0.2_lr1e-3.json,train_0.74B.npy,preprocessed/dolma2-0625/resharded,,,,,OLMo-dolma-0.74B
repeat,370M_seed42_case4_dolma_epoch16_wd0.4_lr1e-3,370m,370000000,0.1,740000000,16,,0.001,0.4,42,3.1041215534715088,22.289627075195312,13279917,True,False,dolma_val_loss/chinchilla_0.1/370M/370M_seed42_case4_dolma_epoch16_wd0.4_lr1e-3.json,train_0.74B.npy,preprocessed/dolma2-0625/resharded,,,,,OLMo-dolma-0.74B
repeat,370M_seed42_case4_dolma_epoch16_wd0.8_lr1e-3,370m,370000000,0.1,740000000,16,,0.001,0.8,42,3.04052941351656,20.91631507873535,13279917,True,False,dolma_val_loss/chinchilla_0.1/370M/370M_seed42_case4_dolma_epoch16_wd0.8_lr1e-3.json,train_0.74B.npy,preprocessed/dolma2-0625/resharded,,,,,OLMo-dolma-0.74B
repeat,370M_seed42_case4_dolma_epoch16_wd1.6_lr1e-3,370m,370000000,0.1,740000000,16,,0.001,1.6,42,3.0834111807054687,21.832752227783203,13279917,True,False,dolma_val_loss/chinchilla_0.1/370M/370M_seed42_case4_dolma_epoch16_wd1.6_lr1e-3.json,train_0.74B.npy,preprocessed/dolma2-0625/resharded,,,,,OLMo-dolma-0.74B
repeat,370M_seed42_case4_dolma_epoch16_wd0.1_lr3e-3,370m,370000000,0.1,740000000,16,,0.003,0.1,42,3.1623306319955167,23.625595092773438,13279917,True,False,dolma_val_loss/chinchilla_0.1/370M/370M_seed42_case4_dolma_epoch16_wd0.1_lr3e-3.json,train_0.74B.npy,preprocessed/dolma2-0625/resharded,,,,,OLMo-dolma-0.74B
repeat,370M_seed42_case4_dolma_epoch16_wd0.2_lr3e-3,370m,370000000,0.1,740000000,16,,0.003,0.2,42,3.1116485952896604,22.458036422729492,13279917,True,False,dolma_val_loss/chinchilla_0.1/370M/370M_seed42_case4_dolma_epoch16_wd0.2_lr3e-3.json,train_0.74B.npy,preprocessed/dolma2-0625/resharded,,,,,OLMo-dolma-0.74B
repeat,370M_seed42_case4_dolma_epoch16_wd0.4_lr3e-3,370m,370000000,0.1,740000000,16,,0.003,0.4,42,3.0340654933088853,20.78154754638672,13279917,True,False,dolma_val_loss/chinchilla_0.1/370M/370M_seed42_case4_dolma_epoch16_wd0.4_lr3e-3.json,train_0.74B.npy,preprocessed/dolma2-0625/resharded,,,,,OLMo-dolma-0.74B
repeat,370M_seed42_case4_dolma_epoch16_wd0.8_lr3e-3,370m,370000000,0.1,740000000,16,,0.003,0.8,42,3.011548868666422,20.318843841552734,13279917,True,True,dolma_val_loss/chinchilla_0.1/370M/370M_seed42_case4_dolma_epoch16_wd0.8_lr3e-3.json,train_0.74B.npy,preprocessed/dolma2-0625/resharded,,,,,OLMo-dolma-0.74B
repeat,370M_seed42_case4_dolma_epoch16_wd1.6_lr3e-3,370m,370000000,0.1,740000000,16,,0.003,1.6,42,3.2171076259777647,24.95583152770996,13279917,True,False,dolma_val_loss/chinchilla_0.1/370M/370M_seed42_case4_dolma_epoch16_wd1.6_lr3e-3.json,train_0.74B.npy,preprocessed/dolma2-0625/resharded,,,,,OLMo-dolma-0.74B
repeat,370M_seed42_case4_dolma_epoch32_wd0.1_lr1e-4,370m,370000000,0.1,740000000,32,,0.0001,0.1,42,3.36268103278186,28.86648178100586,13279917,True,False,dolma_val_loss/chinchilla_0.1/370M/370M_seed42_case4_dolma_epoch32_wd0.1_lr1e-4.json,train_0.74B.npy,preprocessed/dolma2-0625/resharded,,,,,OLMo-dolma-0.74B
repeat,370M_seed42_case4_dolma_epoch32_wd0.2_lr1e-4,370m,370000000,0.1,740000000,32,,0.0001,0.2,42,3.3534648682145143,28.601661682128906,13279917,True,False,dolma_val_loss/chinchilla_0.1/370M/370M_seed42_case4_dolma_epoch32_wd0.2_lr1e-4.json,train_0.74B.npy,preprocessed/dolma2-0625/resharded,,,,,OLMo-dolma-0.74B
repeat,370M_seed42_case4_dolma_epoch32_wd0.4_lr1e-4,370m,370000000,0.1,740000000,32,,0.0001,0.4,42,3.338269513671324,28.17033576965332,13279917,True,False,dolma_val_loss/chinchilla_0.1/370M/370M_seed42_case4_dolma_epoch32_wd0.4_lr1e-4.json,train_0.74B.npy,preprocessed/dolma2-0625/resharded,,,,,OLMo-dolma-0.74B
repeat,370M_seed42_case4_dolma_epoch32_wd0.8_lr1e-4,370m,370000000,0.1,740000000,32,,0.0001,0.8,42,3.3221086180100525,27.718734741210938,13279917,True,False,dolma_val_loss/chinchilla_0.1/370M/370M_seed42_case4_dolma_epoch32_wd0.8_lr1e-4.json,train_0.74B.npy,preprocessed/dolma2-0625/resharded,,,,,OLMo-dolma-0.74B
repeat,370M_seed42_case4_dolma_epoch32_wd1.6_lr1e-4,370m,370000000,0.1,740000000,32,,0.0001,1.6,42,3.327987346055402,27.882169723510742,13279917,True,False,dolma_val_loss/chinchilla_0.1/370M/370M_seed42_case4_dolma_epoch32_wd1.6_lr1e-4.json,train_0.74B.npy,preprocessed/dolma2-0625/resharded,,,,,OLMo-dolma-0.74B
repeat,370M_seed42_case4_dolma_epoch32_wd0.1_lr3e-4,370m,370000000,0.1,740000000,32,,0.0003,0.1,42,3.5063552295836424,33.32658004760742,13279917,True,False,dolma_val_loss/chinchilla_0.1/370M/370M_seed42_case4_dolma_epoch32_wd0.1_lr3e-4.json,train_0.74B.npy,preprocessed/dolma2-0625/resharded,,,,,OLMo-dolma-0.74B
repeat,370M_seed42_case4_dolma_epoch32_wd0.2_lr3e-4,370m,370000000,0.1,740000000,32,,0.0003,0.2,42,3.4530427586942114,31.596385955810547,13279917,True,False,dolma_val_loss/chinchilla_0.1/370M/370M_seed42_case4_dolma_epoch32_wd0.2_lr3e-4.json,train_0.74B.npy,preprocessed/dolma2-0625/resharded,,,,,OLMo-dolma-0.74B
repeat,370M_seed42_case4_dolma_epoch32_wd0.4_lr3e-4,370m,370000000,0.1,740000000,32,,0.0003,0.4,42,3.3607092982854034,28.809616088867188,13279917,True,False,dolma_val_loss/chinchilla_0.1/370M/370M_seed42_case4_dolma_epoch32_wd0.4_lr3e-4.json,train_0.74B.npy,preprocessed/dolma2-0625/resharded,,,,,OLMo-dolma-0.74B
repeat,370M_seed42_case4_dolma_epoch32_wd0.1_lr1e-3,370m,370000000,0.1,740000000,32,,0.001,0.1,42,3.6442888395302684,38.25555419921875,13279917,True,False,dolma_val_loss/chinchilla_0.1/370M/370M_seed42_case4_dolma_epoch32_wd0.1_lr1e-3.json,train_0.74B.npy,preprocessed/dolma2-0625/resharded,,,,,OLMo-dolma-0.74B
repeat,370M_seed42_case4_dolma_epoch32_wd0.2_lr1e-3,370m,370000000,0.1,740000000,32,,0.001,0.2,42,3.5151048625012113,33.619449615478516,13279917,True,False,dolma_val_loss/chinchilla_0.1/370M/370M_seed42_case4_dolma_epoch32_wd0.2_lr1e-3.json,train_0.74B.npy,preprocessed/dolma2-0625/resharded,,,,,OLMo-dolma-0.74B
repeat,370M_seed42_case4_dolma_epoch32_wd0.4_lr1e-3,370m,370000000,0.1,740000000,32,,0.001,0.4,42,3.2825029739466483,26.642372131347656,13279917,True,False,dolma_val_loss/chinchilla_0.1/370M/370M_seed42_case4_dolma_epoch32_wd0.4_lr1e-3.json,train_0.74B.npy,preprocessed/dolma2-0625/resharded,,,,,OLMo-dolma-0.74B
repeat,370M_seed42_case4_dolma_epoch32_wd0.8_lr1e-3,370m,370000000,0.1,740000000,32,,0.001,0.8,42,3.1296306348367287,22.865530014038086,13279917,True,False,dolma_val_loss/chinchilla_0.1/370M/370M_seed42_case4_dolma_epoch32_wd0.8_lr1e-3.json,train_0.74B.npy,preprocessed/dolma2-0625/resharded,,,,,OLMo-dolma-0.74B
repeat,370M_seed42_case4_dolma_epoch32_wd1.6_lr1e-3,370m,370000000,0.1,740000000,32,,0.001,1.6,42,3.141913795602624,23.14812660217285,13279917,True,False,dolma_val_loss/chinchilla_0.1/370M/370M_seed42_case4_dolma_epoch32_wd1.6_lr1e-3.json,train_0.74B.npy,preprocessed/dolma2-0625/resharded,,,,,OLMo-dolma-0.74B
repeat,370M_seed42_case4_dolma_epoch32_wd0.1_lr3e-3,370m,370000000,0.1,740000000,32,,0.003,0.1,42,3.576459694402293,35.746761322021484,13279917,True,False,dolma_val_loss/chinchilla_0.1/370M/370M_seed42_case4_dolma_epoch32_wd0.1_lr3e-3.json,train_0.74B.npy,preprocessed/dolma2-0625/resharded,,,,,OLMo-dolma-0.74B
repeat,370M_seed42_case4_dolma_epoch32_wd0.2_lr3e-3,370m,370000000,0.1,740000000,32,,0.003,0.2,42,3.354805939523456,28.640045166015625,13279917,True,False,dolma_val_loss/chinchilla_0.1/370M/370M_seed42_case4_dolma_epoch32_wd0.2_lr3e-3.json,train_0.74B.npy,preprocessed/dolma2-0625/resharded,,,,,OLMo-dolma-0.74B
repeat,370M_seed42_case4_dolma_epoch32_wd0.4_lr3e-3,370m,370000000,0.1,740000000,32,,0.003,0.4,42,3.138661213847251,23.072954177856445,13279917,True,False,dolma_val_loss/chinchilla_0.1/370M/370M_seed42_case4_dolma_epoch32_wd0.4_lr3e-3.json,train_0.74B.npy,preprocessed/dolma2-0625/resharded,,,,,OLMo-dolma-0.74B
repeat,370M_seed42_case4_dolma_epoch32_wd0.8_lr3e-3,370m,370000000,0.1,740000000,32,,0.003,0.8,42,3.0403512008872355,20.912586212158203,13279917,True,True,dolma_val_loss/chinchilla_0.1/370M/370M_seed42_case4_dolma_epoch32_wd0.8_lr3e-3.json,train_0.74B.npy,preprocessed/dolma2-0625/resharded,,,,,OLMo-dolma-0.74B
repeat,370M_seed42_case4_dolma_epoch32_wd1.6_lr3e-3,370m,370000000,0.1,740000000,32,,0.003,1.6,42,3.1390164397391995,23.081151962280273,13279917,True,False,dolma_val_loss/chinchilla_0.1/370M/370M_seed42_case4_dolma_epoch32_wd1.6_lr3e-3.json,train_0.74B.npy,preprocessed/dolma2-0625/resharded,,,,,OLMo-dolma-0.74B
repeat,370M_seed42_case4_dolma_epoch64_wd0.2_lr1e-4,370m,370000000,0.1,740000000,64,,0.0001,0.2,42,3.323110289666214,27.746517181396484,13279917,True,False,dolma_val_loss/chinchilla_0.1/370M/370M_seed42_case4_dolma_epoch64_wd0.2_lr1e-4.json,train_0.74B.npy,preprocessed/dolma2-0625/resharded,,,,,OLMo-dolma-0.74B
repeat,370M_seed42_case4_dolma_epoch64_wd0.4_lr1e-4,370m,370000000,0.1,740000000,64,,0.0001,0.4,42,3.2934269526520557,26.93501091003418,13279917,True,False,dolma_val_loss/chinchilla_0.1/370M/370M_seed42_case4_dolma_epoch64_wd0.4_lr1e-4.json,train_0.74B.npy,preprocessed/dolma2-0625/resharded,,,,,OLMo-dolma-0.74B
repeat,370M_seed42_case4_dolma_epoch64_wd0.8_lr1e-4,370m,370000000,0.1,740000000,64,,0.0001,0.8,42,3.253794583112176,25.888391494750977,13279917,True,False,dolma_val_loss/chinchilla_0.1/370M/370M_seed42_case4_dolma_epoch64_wd0.8_lr1e-4.json,train_0.74B.npy,preprocessed/dolma2-0625/resharded,,,,,OLMo-dolma-0.74B
repeat,370M_seed42_case4_dolma_epoch64_wd1.6_lr1e-4,370m,370000000,0.1,740000000,64,,0.0001,1.6,42,3.2409570856429593,25.558170318603516,13279917,True,False,dolma_val_loss/chinchilla_0.1/370M/370M_seed42_case4_dolma_epoch64_wd1.6_lr1e-4.json,train_0.74B.npy,preprocessed/dolma2-0625/resharded,,,,,OLMo-dolma-0.74B
repeat,370M_seed42_case4_dolma_epoch64_wd0.2_lr3e-4,370m,370000000,0.1,740000000,64,,0.0003,0.2,42,3.4868346105587307,32.68232727050781,13279917,True,False,dolma_val_loss/chinchilla_0.1/370M/370M_seed42_case4_dolma_epoch64_wd0.2_lr3e-4.json,train_0.74B.npy,preprocessed/dolma2-0625/resharded,,,,,OLMo-dolma-0.74B
repeat,370M_seed42_case4_dolma_epoch64_wd0.4_lr3e-4,370m,370000000,0.1,740000000,64,,0.0003,0.4,42,3.3178165942543107,27.600019454956055,13279917,True,False,dolma_val_loss/chinchilla_0.1/370M/370M_seed42_case4_dolma_epoch64_wd0.4_lr3e-4.json,train_0.74B.npy,preprocessed/dolma2-0625/resharded,,,,,OLMo-dolma-0.74B
repeat,370M_seed42_case4_dolma_epoch64_wd0.8_lr3e-4,370m,370000000,0.1,740000000,64,,0.0003,0.8,42,3.157110273429511,23.502580642700195,13279917,True,False,dolma_val_loss/chinchilla_0.1/370M/370M_seed42_case4_dolma_epoch64_wd0.8_lr3e-4.json,train_0.74B.npy,preprocessed/dolma2-0625/resharded,,,,,OLMo-dolma-0.74B
repeat,370M_seed42_case4_dolma_epoch64_wd1.6_lr3e-4,370m,370000000,0.1,740000000,64,,0.0003,1.6,42,3.1019189050911837,22.240589141845703,13279917,True,False,dolma_val_loss/chinchilla_0.1/370M/370M_seed42_case4_dolma_epoch64_wd1.6_lr3e-4.json,train_0.74B.npy,preprocessed/dolma2-0625/resharded,,,,,OLMo-dolma-0.74B
repeat,370M_seed42_case4_dolma_epoch64_wd0.1_lr1e-3,370m,370000000,0.1,740000000,64,,0.001,0.1,42,3.4711606834237934,32.17406463623047,13279917,True,False,dolma_val_loss/chinchilla_0.1/370M/370M_seed42_case4_dolma_epoch64_wd0.1_lr1e-3.json,train_0.74B.npy,preprocessed/dolma2-0625/resharded,,,,,OLMo-dolma-0.74B
repeat,370M_seed42_case4_dolma_epoch64_wd0.4_lr1e-3,370m,370000000,0.1,740000000,64,,0.001,0.4,42,3.1204394519219383,22.656335830688477,13279917,True,False,dolma_val_loss/chinchilla_0.1/370M/370M_seed42_case4_dolma_epoch64_wd0.4_lr1e-3.json,train_0.74B.npy,preprocessed/dolma2-0625/resharded,,,,,OLMo-dolma-0.74B
repeat,370M_seed42_case4_dolma_epoch64_wd0.8_lr1e-3,370m,370000000,0.1,740000000,64,,0.001,0.8,42,3.005288361301167,20.19203758239746,13279917,True,False,dolma_val_loss/chinchilla_0.1/370M/370M_seed42_case4_dolma_epoch64_wd0.8_lr1e-3.json,train_0.74B.npy,preprocessed/dolma2-0625/resharded,,,,,OLMo-dolma-0.74B
repeat,370M_seed42_case4_dolma_epoch64_wd1.6_lr1e-3,370m,370000000,0.1,740000000,64,,0.001,1.6,42,3.0805416939719072,21.77018928527832,13279917,True,False,dolma_val_loss/chinchilla_0.1/370M/370M_seed42_case4_dolma_epoch64_wd1.6_lr1e-3.json,train_0.74B.npy,preprocessed/dolma2-0625/resharded,,,,,OLMo-dolma-0.74B
repeat,370M_seed42_case4_dolma_epoch64_wd0.2_lr3e-3,370m,370000000,0.1,740000000,64,,0.003,0.2,42,3.0939620272548165,22.06432342529297,13279917,True,False,dolma_val_loss/chinchilla_0.1/370M/370M_seed42_case4_dolma_epoch64_wd0.2_lr3e-3.json,train_0.74B.npy,preprocessed/dolma2-0625/resharded,,,,,OLMo-dolma-0.74B
repeat,370M_seed42_case4_dolma_epoch64_wd0.4_lr3e-3,370m,370000000,0.1,740000000,64,,0.003,0.4,42,3.002568401257145,20.137191772460938,13279917,True,True,dolma_val_loss/chinchilla_0.1/370M/370M_seed42_case4_dolma_epoch64_wd0.4_lr3e-3.json,train_0.74B.npy,preprocessed/dolma2-0625/resharded,,,,,OLMo-dolma-0.74B
repeat,370M_seed42_case4_dolma_epoch64_wd0.8_lr3e-3,370m,370000000,0.1,740000000,64,,0.003,0.8,42,3.0469225477317847,21.050460815429688,13279917,True,False,dolma_val_loss/chinchilla_0.1/370M/370M_seed42_case4_dolma_epoch64_wd0.8_lr3e-3.json,train_0.74B.npy,preprocessed/dolma2-0625/resharded,,,,,OLMo-dolma-0.74B
repeat,370M_seed42_case4_dolma_epoch1_wd0.1_lr1e-4,370m,370000000,0.25,1850000000,1,,0.0001,0.1,42,5.0924201037097205,162.78334045410156,13279917,True,False,dolma_val_loss/chinchilla_0.25/370M/370M_seed42_case4_dolma_epoch1_wd0.1_lr1e-4.json,train_1.85B.npy,preprocessed/dolma2-0625/resharded,,,,,OLMo-dolma-1.85B
repeat,370M_seed42_case4_dolma_epoch1_wd0.2_lr1e-4,370m,370000000,0.25,1850000000,1,,0.0001,0.2,42,5.097816373111527,163.66415405273438,13279917,True,False,dolma_val_loss/chinchilla_0.25/370M/370M_seed42_case4_dolma_epoch1_wd0.2_lr1e-4.json,train_1.85B.npy,preprocessed/dolma2-0625/resharded,,,,,OLMo-dolma-1.85B
repeat,370M_seed42_case4_dolma_epoch1_wd0.4_lr1e-4,370m,370000000,0.25,1850000000,1,,0.0001,0.4,42,5.0949956995124905,163.20310974121094,13279917,True,False,dolma_val_loss/chinchilla_0.25/370M/370M_seed42_case4_dolma_epoch1_wd0.4_lr1e-4.json,train_1.85B.npy,preprocessed/dolma2-0625/resharded,,,,,OLMo-dolma-1.85B
repeat,370M_seed42_case4_dolma_epoch1_wd0.8_lr1e-4,370m,370000000,0.25,1850000000,1,,0.0001,0.8,42,5.102805109827388,164.48265075683594,13279917,True,False,dolma_val_loss/chinchilla_0.25/370M/370M_seed42_case4_dolma_epoch1_wd0.8_lr1e-4.json,train_1.85B.npy,preprocessed/dolma2-0625/resharded,,,,,OLMo-dolma-1.85B
repeat,370M_seed42_case4_dolma_epoch1_wd1.6_lr1e-4,370m,370000000,0.25,1850000000,1,,0.0001,1.6,42,5.114528458947076,166.4223175048828,13279917,True,False,dolma_val_loss/chinchilla_0.25/370M/370M_seed42_case4_dolma_epoch1_wd1.6_lr1e-4.json,train_1.85B.npy,preprocessed/dolma2-0625/resharded,,,,,OLMo-dolma-1.85B
repeat,370M_seed42_case4_dolma_epoch1_wd0.1_lr3e-4,370m,370000000,0.25,1850000000,1,,0.0003,0.1,42,4.135620282967007,62.52835464477539,13279917,True,False,dolma_val_loss/chinchilla_0.25/370M/370M_seed42_case4_dolma_epoch1_wd0.1_lr3e-4.json,train_1.85B.npy,preprocessed/dolma2-0625/resharded,,,,,OLMo-dolma-1.85B
repeat,370M_seed42_case4_dolma_epoch1_wd0.2_lr3e-4,370m,370000000,0.25,1850000000,1,,0.0003,0.2,42,4.152308047207057,63.58057403564453,13279917,True,False,dolma_val_loss/chinchilla_0.25/370M/370M_seed42_case4_dolma_epoch1_wd0.2_lr3e-4.json,train_1.85B.npy,preprocessed/dolma2-0625/resharded,,,,,OLMo-dolma-1.85B
repeat,370M_seed42_case4_dolma_epoch1_wd0.4_lr3e-4,370m,370000000,0.25,1850000000,1,,0.0003,0.4,42,4.171046234594989,64.78319549560547,13279917,True,False,dolma_val_loss/chinchilla_0.25/370M/370M_seed42_case4_dolma_epoch1_wd0.4_lr3e-4.json,train_1.85B.npy,preprocessed/dolma2-0625/resharded,,,,,OLMo-dolma-1.85B
repeat,370M_seed42_case4_dolma_epoch1_wd0.8_lr3e-4,370m,370000000,0.25,1850000000,1,,0.0003,0.8,42,4.20072136844207,66.73444366455078,13279917,True,False,dolma_val_loss/chinchilla_0.25/370M/370M_seed42_case4_dolma_epoch1_wd0.8_lr3e-4.json,train_1.85B.npy,preprocessed/dolma2-0625/resharded,,,,,OLMo-dolma-1.85B
repeat,370M_seed42_case4_dolma_epoch1_wd1.6_lr3e-4,370m,370000000,0.25,1850000000,1,,0.0003,1.6,42,4.1728850538393685,64.90242004394531,13279917,True,False,dolma_val_loss/chinchilla_0.25/370M/370M_seed42_case4_dolma_epoch1_wd1.6_lr3e-4.json,train_1.85B.npy,preprocessed/dolma2-0625/resharded,,,,,OLMo-dolma-1.85B
repeat,370M_seed42_case4_dolma_epoch1_wd0.1_lr1e-3,370m,370000000,0.25,1850000000,1,,0.001,0.1,42,3.7745532617099857,43.57803726196289,13279917,True,False,dolma_val_loss/chinchilla_0.25/370M/370M_seed42_case4_dolma_epoch1_wd0.1_lr1e-3.json,train_1.85B.npy,preprocessed/dolma2-0625/resharded,,,,,OLMo-dolma-1.85B
repeat,370M_seed42_case4_dolma_epoch1_wd0.2_lr1e-3,370m,370000000,0.25,1850000000,1,,0.001,0.2,42,3.780304216048711,43.82937240600586,13279917,True,False,dolma_val_loss/chinchilla_0.25/370M/370M_seed42_case4_dolma_epoch1_wd0.2_lr1e-3.json,train_1.85B.npy,preprocessed/dolma2-0625/resharded,,,,,OLMo-dolma-1.85B
repeat,370M_seed42_case4_dolma_epoch1_wd0.4_lr1e-3,370m,370000000,0.25,1850000000,1,,0.001,0.4,42,3.7487337820310738,42.4672737121582,13279917,True,False,dolma_val_loss/chinchilla_0.25/370M/370M_seed42_case4_dolma_epoch1_wd0.4_lr1e-3.json,train_1.85B.npy,preprocessed/dolma2-0625/resharded,,,,,OLMo-dolma-1.85B
repeat,370M_seed42_case4_dolma_epoch1_wd0.8_lr1e-3,370m,370000000,0.25,1850000000,1,,0.001,0.8,42,3.774508306076598,43.576072692871094,13279917,True,False,dolma_val_loss/chinchilla_0.25/370M/370M_seed42_case4_dolma_epoch1_wd0.8_lr1e-3.json,train_1.85B.npy,preprocessed/dolma2-0625/resharded,,,,,OLMo-dolma-1.85B
repeat,370M_seed42_case4_dolma_epoch1_wd1.6_lr1e-3,370m,370000000,0.25,1850000000,1,,0.001,1.6,42,3.947617841380334,51.811790466308594,13279917,True,False,dolma_val_loss/chinchilla_0.25/370M/370M_seed42_case4_dolma_epoch1_wd1.6_lr1e-3.json,train_1.85B.npy,preprocessed/dolma2-0625/resharded,,,,,OLMo-dolma-1.85B
repeat,370M_seed42_case4_dolma_epoch1_wd0.1_lr3e-3,370m,370000000,0.25,1850000000,1,,0.003,0.1,42,3.7504512422383858,42.54027557373047,13279917,True,False,dolma_val_loss/chinchilla_0.25/370M/370M_seed42_case4_dolma_epoch1_wd0.1_lr3e-3.json,train_1.85B.npy,preprocessed/dolma2-0625/resharded,,,,,OLMo-dolma-1.85B
repeat,370M_seed42_case4_dolma_epoch1_wd0.2_lr3e-3,370m,370000000,0.25,1850000000,1,,0.003,0.2,42,3.6722824232999667,39.34159851074219,13279917,True,True,dolma_val_loss/chinchilla_0.25/370M/370M_seed42_case4_dolma_epoch1_wd0.2_lr3e-3.json,train_1.85B.npy,preprocessed/dolma2-0625/resharded,,,,,OLMo-dolma-1.85B
repeat,370M_seed42_case4_dolma_epoch1_wd0.4_lr3e-3,370m,370000000,0.25,1850000000,1,,0.003,0.4,42,3.6831687257239163,39.772220611572266,13279917,True,False,dolma_val_loss/chinchilla_0.25/370M/370M_seed42_case4_dolma_epoch1_wd0.4_lr3e-3.json,train_1.85B.npy,preprocessed/dolma2-0625/resharded,,,,,OLMo-dolma-1.85B
repeat,370M_seed42_case4_dolma_epoch1_wd0.8_lr3e-3,370m,370000000,0.25,1850000000,1,,0.003,0.8,42,3.7881431940371115,44.17430114746094,13279917,True,False,dolma_val_loss/chinchilla_0.25/370M/370M_seed42_case4_dolma_epoch1_wd0.8_lr3e-3.json,train_1.85B.npy,preprocessed/dolma2-0625/resharded,,,,,OLMo-dolma-1.85B
repeat,370M_seed42_case4_dolma_epoch1_wd1.6_lr3e-3,370m,370000000,0.25,1850000000,1,,0.003,1.6,42,4.0733521087898295,58.75359344482422,13279917,True,False,dolma_val_loss/chinchilla_0.25/370M/370M_seed42_case4_dolma_epoch1_wd1.6_lr3e-3.json,train_1.85B.npy,preprocessed/dolma2-0625/resharded,,,,,OLMo-dolma-1.85B
repeat,370M_seed42_case4_dolma_epoch2_wd0.1_lr1e-4,370m,370000000,0.25,1850000000,2,,0.0001,0.1,42,4.356025853359679,77.94673156738281,13279917,True,False,dolma_val_loss/chinchilla_0.25/370M/370M_seed42_case4_dolma_epoch2_wd0.1_lr1e-4.json,train_1.85B.npy,preprocessed/dolma2-0625/resharded,,,,,OLMo-dolma-1.85B
repeat,370M_seed42_case4_dolma_epoch2_wd0.2_lr1e-4,370m,370000000,0.25,1850000000,2,,0.0001,0.2,42,4.355657628754999,77.91804504394531,13279917,True,False,dolma_val_loss/chinchilla_0.25/370M/370M_seed42_case4_dolma_epoch2_wd0.2_lr1e-4.json,train_1.85B.npy,preprocessed/dolma2-0625/resharded,,,,,OLMo-dolma-1.85B
repeat,370M_seed42_case4_dolma_epoch2_wd0.4_lr1e-4,370m,370000000,0.25,1850000000,2,,0.0001,0.4,42,4.358480061170269,78.13827514648438,13279917,True,False,dolma_val_loss/chinchilla_0.25/370M/370M_seed42_case4_dolma_epoch2_wd0.4_lr1e-4.json,train_1.85B.npy,preprocessed/dolma2-0625/resharded,,,,,OLMo-dolma-1.85B
repeat,370M_seed42_case4_dolma_epoch2_wd0.8_lr1e-4,370m,370000000,0.25,1850000000,2,,0.0001,0.8,42,4.365193901176732,78.6646499633789,13279917,True,False,dolma_val_loss/chinchilla_0.25/370M/370M_seed42_case4_dolma_epoch2_wd0.8_lr1e-4.json,train_1.85B.npy,preprocessed/dolma2-0625/resharded,,,,,OLMo-dolma-1.85B
repeat,370M_seed42_case4_dolma_epoch2_wd1.6_lr1e-4,370m,370000000,0.25,1850000000,2,,0.0001,1.6,42,4.381299115550907,79.94181060791016,13279917,True,False,dolma_val_loss/chinchilla_0.25/370M/370M_seed42_case4_dolma_epoch2_wd1.6_lr1e-4.json,train_1.85B.npy,preprocessed/dolma2-0625/resharded,,,,,OLMo-dolma-1.85B
repeat,370M_seed42_case4_dolma_epoch2_wd0.1_lr3e-4,370m,370000000,0.25,1850000000,2,,0.0003,0.1,42,3.5835245214837226,36.00019836425781,13279917,True,False,dolma_val_loss/chinchilla_0.25/370M/370M_seed42_case4_dolma_epoch2_wd0.1_lr3e-4.json,train_1.85B.npy,preprocessed/dolma2-0625/resharded,,,,,OLMo-dolma-1.85B
repeat,370M_seed42_case4_dolma_epoch2_wd0.2_lr3e-4,370m,370000000,0.25,1850000000,2,,0.0003,0.2,42,3.585432837436738,36.06896209716797,13279917,True,False,dolma_val_loss/chinchilla_0.25/370M/370M_seed42_case4_dolma_epoch2_wd0.2_lr3e-4.json,train_1.85B.npy,preprocessed/dolma2-0625/resharded,,,,,OLMo-dolma-1.85B
repeat,370M_seed42_case4_dolma_epoch2_wd0.4_lr3e-4,370m,370000000,0.25,1850000000,2,,0.0003,0.4,42,3.5782013284788796,35.80907440185547,13279917,True,False,dolma_val_loss/chinchilla_0.25/370M/370M_seed42_case4_dolma_epoch2_wd0.4_lr3e-4.json,train_1.85B.npy,preprocessed/dolma2-0625/resharded,,,,,OLMo-dolma-1.85B
repeat,370M_seed42_case4_dolma_epoch2_wd0.8_lr3e-4,370m,370000000,0.25,1850000000,2,,0.0003,0.8,42,3.585225614588758,36.061492919921875,13279917,True,False,dolma_val_loss/chinchilla_0.25/370M/370M_seed42_case4_dolma_epoch2_wd0.8_lr3e-4.json,train_1.85B.npy,preprocessed/dolma2-0625/resharded,,,,,OLMo-dolma-1.85B
repeat,370M_seed42_case4_dolma_epoch2_wd1.6_lr3e-4,370m,370000000,0.25,1850000000,2,,0.0003,1.6,42,3.603502713409984,36.726654052734375,13279917,True,False,dolma_val_loss/chinchilla_0.25/370M/370M_seed42_case4_dolma_epoch2_wd1.6_lr3e-4.json,train_1.85B.npy,preprocessed/dolma2-0625/resharded,,,,,OLMo-dolma-1.85B
repeat,370M_seed42_case4_dolma_epoch2_wd0.1_lr1e-3,370m,370000000,0.25,1850000000,2,,0.001,0.1,42,3.2610152548334357,26.07599639892578,13279917,True,False,dolma_val_loss/chinchilla_0.25/370M/370M_seed42_case4_dolma_epoch2_wd0.1_lr1e-3.json,train_1.85B.npy,preprocessed/dolma2-0625/resharded,,,,,OLMo-dolma-1.85B
repeat,370M_seed42_case4_dolma_epoch2_wd0.2_lr1e-3,370m,370000000,0.25,1850000000,2,,0.001,0.2,42,3.2231369314798806,25.106754302978516,13279917,True,False,dolma_val_loss/chinchilla_0.25/370M/370M_seed42_case4_dolma_epoch2_wd0.2_lr1e-3.json,train_1.85B.npy,preprocessed/dolma2-0625/resharded,,,,,OLMo-dolma-1.85B
repeat,370M_seed42_case4_dolma_epoch2_wd0.4_lr1e-3,370m,370000000,0.25,1850000000,2,,0.001,0.4,42,3.215508830327524,24.915969848632812,13279917,True,False,dolma_val_loss/chinchilla_0.25/370M/370M_seed42_case4_dolma_epoch2_wd0.4_lr1e-3.json,train_1.85B.npy,preprocessed/dolma2-0625/resharded,,,,,OLMo-dolma-1.85B
repeat,370M_seed42_case4_dolma_epoch2_wd0.8_lr1e-3,370m,370000000,0.25,1850000000,2,,0.001,0.8,42,3.2386432422879836,25.499099731445312,13279917,True,False,dolma_val_loss/chinchilla_0.25/370M/370M_seed42_case4_dolma_epoch2_wd0.8_lr1e-3.json,train_1.85B.npy,preprocessed/dolma2-0625/resharded,,,,,OLMo-dolma-1.85B
repeat,370M_seed42_case4_dolma_epoch2_wd1.6_lr1e-3,370m,370000000,0.25,1850000000,2,,0.001,1.6,42,3.3559994275088645,28.67424964904785,13279917,True,False,dolma_val_loss/chinchilla_0.25/370M/370M_seed42_case4_dolma_epoch2_wd1.6_lr1e-3.json,train_1.85B.npy,preprocessed/dolma2-0625/resharded,,,,,OLMo-dolma-1.85B
repeat,370M_seed42_case4_dolma_epoch2_wd0.1_lr3e-3,370m,370000000,0.25,1850000000,2,,0.003,0.1,42,3.185819572075686,24.187105178833008,13279917,True,False,dolma_val_loss/chinchilla_0.25/370M/370M_seed42_case4_dolma_epoch2_wd0.1_lr3e-3.json,train_1.85B.npy,preprocessed/dolma2-0625/resharded,,,,,OLMo-dolma-1.85B
repeat,370M_seed42_case4_dolma_epoch2_wd0.2_lr3e-3,370m,370000000,0.25,1850000000,2,,0.003,0.2,42,3.1607069012782785,23.58726692199707,13279917,True,True,dolma_val_loss/chinchilla_0.25/370M/370M_seed42_case4_dolma_epoch2_wd0.2_lr3e-3.json,train_1.85B.npy,preprocessed/dolma2-0625/resharded,,,,,OLMo-dolma-1.85B
repeat,370M_seed42_case4_dolma_epoch2_wd0.4_lr3e-3,370m,370000000,0.25,1850000000,2,,0.003,0.4,42,3.1868937088082627,24.213096618652344,13279917,True,False,dolma_val_loss/chinchilla_0.25/370M/370M_seed42_case4_dolma_epoch2_wd0.4_lr3e-3.json,train_1.85B.npy,preprocessed/dolma2-0625/resharded,,,,,OLMo-dolma-1.85B
repeat,370M_seed42_case4_dolma_epoch2_wd0.8_lr3e-3,370m,370000000,0.25,1850000000,2,,0.003,0.8,42,3.2659137962098908,26.204042434692383,13279917,True,False,dolma_val_loss/chinchilla_0.25/370M/370M_seed42_case4_dolma_epoch2_wd0.8_lr3e-3.json,train_1.85B.npy,preprocessed/dolma2-0625/resharded,,,,,OLMo-dolma-1.85B
repeat,370M_seed42_case4_dolma_epoch2_wd1.6_lr3e-3,370m,370000000,0.25,1850000000,2,,0.003,1.6,42,3.3845073252516844,29.503456115722656,13279917,True,False,dolma_val_loss/chinchilla_0.25/370M/370M_seed42_case4_dolma_epoch2_wd1.6_lr3e-3.json,train_1.85B.npy,preprocessed/dolma2-0625/resharded,,,,,OLMo-dolma-1.85B
repeat,370M_seed42_case4_dolma_epoch4_wd0.1_lr1e-4,370m,370000000,0.25,1850000000,4,,0.0001,0.1,42,3.8313678236712034,46.12558364868164,13279917,True,False,dolma_val_loss/chinchilla_0.25/370M/370M_seed42_case4_dolma_epoch4_wd0.1_lr1e-4.json,train_1.85B.npy,preprocessed/dolma2-0625/resharded,,,,,OLMo-dolma-1.85B
repeat,370M_seed42_case4_dolma_epoch4_wd0.2_lr1e-4,370m,370000000,0.25,1850000000,4,,0.0001,0.2,42,3.8302143263907213,46.072410583496094,13279917,True,False,dolma_val_loss/chinchilla_0.25/370M/370M_seed42_case4_dolma_epoch4_wd0.2_lr1e-4.json,train_1.85B.npy,preprocessed/dolma2-0625/resharded,,,,,OLMo-dolma-1.85B
repeat,370M_seed42_case4_dolma_epoch4_wd0.4_lr1e-4,370m,370000000,0.25,1850000000,4,,0.0001,0.4,42,3.8302021415280567,46.07184982299805,13279917,True,False,dolma_val_loss/chinchilla_0.25/370M/370M_seed42_case4_dolma_epoch4_wd0.4_lr1e-4.json,train_1.85B.npy,preprocessed/dolma2-0625/resharded,,,,,OLMo-dolma-1.85B
repeat,370M_seed42_case4_dolma_epoch4_wd0.8_lr1e-4,370m,370000000,0.25,1850000000,4,,0.0001,0.8,42,3.8305082278372744,46.08595275878906,13279917,True,False,dolma_val_loss/chinchilla_0.25/370M/370M_seed42_case4_dolma_epoch4_wd0.8_lr1e-4.json,train_1.85B.npy,preprocessed/dolma2-0625/resharded,,,,,OLMo-dolma-1.85B
repeat,370M_seed42_case4_dolma_epoch4_wd1.6_lr1e-4,370m,370000000,0.25,1850000000,4,,0.0001,1.6,42,3.8454424206537245,46.779380798339844,13279917,True,False,dolma_val_loss/chinchilla_0.25/370M/370M_seed42_case4_dolma_epoch4_wd1.6_lr1e-4.json,train_1.85B.npy,preprocessed/dolma2-0625/resharded,,,,,OLMo-dolma-1.85B
repeat,370M_seed42_case4_dolma_epoch4_wd0.1_lr3e-4,370m,370000000,0.25,1850000000,4,,0.0003,0.1,42,3.245827024865612,25.682939529418945,13279917,True,False,dolma_val_loss/chinchilla_0.25/370M/370M_seed42_case4_dolma_epoch4_wd0.1_lr3e-4.json,train_1.85B.npy,preprocessed/dolma2-0625/resharded,,,,,OLMo-dolma-1.85B
repeat,370M_seed42_case4_dolma_epoch4_wd0.2_lr3e-4,370m,370000000,0.25,1850000000,4,,0.0003,0.2,42,3.2417550680318987,25.57857322692871,13279917,True,False,dolma_val_loss/chinchilla_0.25/370M/370M_seed42_case4_dolma_epoch4_wd0.2_lr3e-4.json,train_1.85B.npy,preprocessed/dolma2-0625/resharded,,,,,OLMo-dolma-1.85B
repeat,370M_seed42_case4_dolma_epoch4_wd0.4_lr3e-4,370m,370000000,0.25,1850000000,4,,0.0003,0.4,42,3.2321993127631856,25.33531951904297,13279917,True,False,dolma_val_loss/chinchilla_0.25/370M/370M_seed42_case4_dolma_epoch4_wd0.4_lr3e-4.json,train_1.85B.npy,preprocessed/dolma2-0625/resharded,,,,,OLMo-dolma-1.85B
repeat,370M_seed42_case4_dolma_epoch4_wd0.8_lr3e-4,370m,370000000,0.25,1850000000,4,,0.0003,0.8,42,3.2239467844168495,25.12709617614746,13279917,True,False,dolma_val_loss/chinchilla_0.25/370M/370M_seed42_case4_dolma_epoch4_wd0.8_lr3e-4.json,train_1.85B.npy,preprocessed/dolma2-0625/resharded,,,,,OLMo-dolma-1.85B
repeat,370M_seed42_case4_dolma_epoch4_wd1.6_lr3e-4,370m,370000000,0.25,1850000000,4,,0.0003,1.6,42,3.244279334556061,25.643224716186523,13279917,True,False,dolma_val_loss/chinchilla_0.25/370M/370M_seed42_case4_dolma_epoch4_wd1.6_lr3e-4.json,train_1.85B.npy,preprocessed/dolma2-0625/resharded,,,,,OLMo-dolma-1.85B
repeat,370M_seed42_case4_dolma_epoch4_wd0.1_lr1e-3,370m,370000000,0.25,1850000000,4,,0.001,0.1,42,2.978214281602476,19.652690887451172,13279917,True,False,dolma_val_loss/chinchilla_0.25/370M/370M_seed42_case4_dolma_epoch4_wd0.1_lr1e-3.json,train_1.85B.npy,preprocessed/dolma2-0625/resharded,,,,,OLMo-dolma-1.85B
repeat,370M_seed42_case4_dolma_epoch4_wd0.2_lr1e-3,370m,370000000,0.25,1850000000,4,,0.001,0.2,42,2.9648775960257026,19.392330169677734,13279917,True,False,dolma_val_loss/chinchilla_0.25/370M/370M_seed42_case4_dolma_epoch4_wd0.2_lr1e-3.json,train_1.85B.npy,preprocessed/dolma2-0625/resharded,,,,,OLMo-dolma-1.85B
repeat,370M_seed42_case4_dolma_epoch4_wd0.4_lr1e-3,370m,370000000,0.25,1850000000,4,,0.001,0.4,42,2.964047613880924,19.37624168395996,13279917,True,False,dolma_val_loss/chinchilla_0.25/370M/370M_seed42_case4_dolma_epoch4_wd0.4_lr1e-3.json,train_1.85B.npy,preprocessed/dolma2-0625/resharded,,,,,OLMo-dolma-1.85B
repeat,370M_seed42_case4_dolma_epoch4_wd0.8_lr1e-3,370m,370000000,0.25,1850000000,4,,0.001,0.8,42,2.9690314722303195,19.473052978515625,13279917,True,False,dolma_val_loss/chinchilla_0.25/370M/370M_seed42_case4_dolma_epoch4_wd0.8_lr1e-3.json,train_1.85B.npy,preprocessed/dolma2-0625/resharded,,,,,OLMo-dolma-1.85B
repeat,370M_seed42_case4_dolma_epoch4_wd1.6_lr1e-3,370m,370000000,0.25,1850000000,4,,0.001,1.6,42,3.053451618476589,21.188350677490234,13279917,True,False,dolma_val_loss/chinchilla_0.25/370M/370M_seed42_case4_dolma_epoch4_wd1.6_lr1e-3.json,train_1.85B.npy,preprocessed/dolma2-0625/resharded,,,,,OLMo-dolma-1.85B
repeat,370M_seed42_case4_dolma_epoch4_wd0.1_lr3e-3,370m,370000000,0.25,1850000000,4,,0.003,0.1,42,2.9587313487956806,19.27350616455078,13279917,True,False,dolma_val_loss/chinchilla_0.25/370M/370M_seed42_case4_dolma_epoch4_wd0.1_lr3e-3.json,train_1.85B.npy,preprocessed/dolma2-0625/resharded,,,,,OLMo-dolma-1.85B
repeat,370M_seed42_case4_dolma_epoch4_wd0.2_lr3e-3,370m,370000000,0.25,1850000000,4,,0.003,0.2,42,2.9488480853342423,19.083955764770508,13279917,True,True,dolma_val_loss/chinchilla_0.25/370M/370M_seed42_case4_dolma_epoch4_wd0.2_lr3e-3.json,train_1.85B.npy,preprocessed/dolma2-0625/resharded,,,,,OLMo-dolma-1.85B
repeat,370M_seed42_case4_dolma_epoch4_wd0.4_lr3e-3,370m,370000000,0.25,1850000000,4,,0.003,0.4,42,2.957065205999976,19.241416931152344,13279917,True,False,dolma_val_loss/chinchilla_0.25/370M/370M_seed42_case4_dolma_epoch4_wd0.4_lr3e-3.json,train_1.85B.npy,preprocessed/dolma2-0625/resharded,,,,,OLMo-dolma-1.85B
repeat,370M_seed42_case4_dolma_epoch4_wd0.8_lr3e-3,370m,370000000,0.25,1850000000,4,,0.003,0.8,42,2.995541626726555,19.996187210083008,13279917,True,False,dolma_val_loss/chinchilla_0.25/370M/370M_seed42_case4_dolma_epoch4_wd0.8_lr3e-3.json,train_1.85B.npy,preprocessed/dolma2-0625/resharded,,,,,OLMo-dolma-1.85B
repeat,370M_seed42_case4_dolma_epoch4_wd1.6_lr3e-3,370m,370000000,0.25,1850000000,4,,0.003,1.6,42,3.2400503082720875,25.535005569458008,13279917,True,False,dolma_val_loss/chinchilla_0.25/370M/370M_seed42_case4_dolma_epoch4_wd1.6_lr3e-3.json,train_1.85B.npy,preprocessed/dolma2-0625/resharded,,,,,OLMo-dolma-1.85B
repeat,370M_seed42_case4_dolma_epoch8_wd0.1_lr1e-4,370m,370000000,0.25,1850000000,8,,0.0001,0.1,42,3.4632396461055897,31.92021942138672,13279917,True,False,dolma_val_loss/chinchilla_0.25/370M/370M_seed42_case4_dolma_epoch8_wd0.1_lr1e-4.json,train_1.85B.npy,preprocessed/dolma2-0625/resharded,,,,,OLMo-dolma-1.85B
repeat,370M_seed42_case4_dolma_epoch8_wd0.2_lr1e-4,370m,370000000,0.25,1850000000,8,,0.0001,0.2,42,3.45604856468878,31.691499710083008,13279917,True,False,dolma_val_loss/chinchilla_0.25/370M/370M_seed42_case4_dolma_epoch8_wd0.2_lr1e-4.json,train_1.85B.npy,preprocessed/dolma2-0625/resharded,,,,,OLMo-dolma-1.85B
repeat,370M_seed42_case4_dolma_epoch8_wd0.4_lr1e-4,370m,370000000,0.25,1850000000,8,,0.0001,0.4,42,3.450941048606531,31.53005027770996,13279917,True,False,dolma_val_loss/chinchilla_0.25/370M/370M_seed42_case4_dolma_epoch8_wd0.4_lr1e-4.json,train_1.85B.npy,preprocessed/dolma2-0625/resharded,,,,,OLMo-dolma-1.85B
repeat,370M_seed42_case4_dolma_epoch8_wd0.8_lr1e-4,370m,370000000,0.25,1850000000,8,,0.0001,0.8,42,3.444998460282228,31.343236923217773,13279917,True,False,dolma_val_loss/chinchilla_0.25/370M/370M_seed42_case4_dolma_epoch8_wd0.8_lr1e-4.json,train_1.85B.npy,preprocessed/dolma2-0625/resharded,,,,,OLMo-dolma-1.85B
repeat,370M_seed42_case4_dolma_epoch8_wd1.6_lr1e-4,370m,370000000,0.25,1850000000,8,,0.0001,1.6,42,3.454909805293746,31.655433654785156,13279917,True,False,dolma_val_loss/chinchilla_0.25/370M/370M_seed42_case4_dolma_epoch8_wd1.6_lr1e-4.json,train_1.85B.npy,preprocessed/dolma2-0625/resharded,,,,,OLMo-dolma-1.85B
repeat,370M_seed42_case4_dolma_epoch8_wd0.1_lr3e-4,370m,370000000,0.25,1850000000,8,,0.0003,0.1,42,3.0420621816298845,20.948400497436523,13279917,True,False,dolma_val_loss/chinchilla_0.25/370M/370M_seed42_case4_dolma_epoch8_wd0.1_lr3e-4.json,train_1.85B.npy,preprocessed/dolma2-0625/resharded,,,,,OLMo-dolma-1.85B
repeat,370M_seed42_case4_dolma_epoch8_wd0.2_lr3e-4,370m,370000000,0.25,1850000000,8,,0.0003,0.2,42,3.032765865681583,20.75455665588379,13279917,True,False,dolma_val_loss/chinchilla_0.25/370M/370M_seed42_case4_dolma_epoch8_wd0.2_lr3e-4.json,train_1.85B.npy,preprocessed/dolma2-0625/resharded,,,,,OLMo-dolma-1.85B
repeat,370M_seed42_case4_dolma_epoch8_wd0.4_lr3e-4,370m,370000000,0.25,1850000000,8,,0.0003,0.4,42,3.0193067983639934,20.477094650268555,13279917,True,False,dolma_val_loss/chinchilla_0.25/370M/370M_seed42_case4_dolma_epoch8_wd0.4_lr3e-4.json,train_1.85B.npy,preprocessed/dolma2-0625/resharded,,,,,OLMo-dolma-1.85B
repeat,370M_seed42_case4_dolma_epoch8_wd0.8_lr3e-4,370m,370000000,0.25,1850000000,8,,0.0003,0.8,42,3.006569641811288,20.217926025390625,13279917,True,False,dolma_val_loss/chinchilla_0.25/370M/370M_seed42_case4_dolma_epoch8_wd0.8_lr3e-4.json,train_1.85B.npy,preprocessed/dolma2-0625/resharded,,,,,OLMo-dolma-1.85B
repeat,370M_seed42_case4_dolma_epoch8_wd1.6_lr3e-4,370m,370000000,0.25,1850000000,8,,0.0003,1.6,42,3.032976518892241,20.75893211364746,13279917,True,False,dolma_val_loss/chinchilla_0.25/370M/370M_seed42_case4_dolma_epoch8_wd1.6_lr3e-4.json,train_1.85B.npy,preprocessed/dolma2-0625/resharded,,,,,OLMo-dolma-1.85B
repeat,370M_seed42_case4_dolma_epoch8_wd0.1_lr1e-3,370m,370000000,0.25,1850000000,8,,0.001,0.1,42,2.868790840306742,17.615705490112305,13279917,True,False,dolma_val_loss/chinchilla_0.25/370M/370M_seed42_case4_dolma_epoch8_wd0.1_lr1e-3.json,train_1.85B.npy,preprocessed/dolma2-0625/resharded,,,,,OLMo-dolma-1.85B
repeat,370M_seed42_case4_dolma_epoch8_wd0.2_lr1e-3,370m,370000000,0.25,1850000000,8,,0.001,0.2,42,2.857130037041803,17.41148567199707,13279917,True,False,dolma_val_loss/chinchilla_0.25/370M/370M_seed42_case4_dolma_epoch8_wd0.2_lr1e-3.json,train_1.85B.npy,preprocessed/dolma2-0625/resharded,,,,,OLMo-dolma-1.85B
repeat,370M_seed42_case4_dolma_epoch8_wd0.4_lr1e-3,370m,370000000,0.25,1850000000,8,,0.001,0.4,42,2.8421589665075007,17.152759552001953,13279917,True,False,dolma_val_loss/chinchilla_0.25/370M/370M_seed42_case4_dolma_epoch8_wd0.4_lr1e-3.json,train_1.85B.npy,preprocessed/dolma2-0625/resharded,,,,,OLMo-dolma-1.85B
repeat,370M_seed42_case4_dolma_epoch8_wd0.8_lr1e-3,370m,370000000,0.25,1850000000,8,,0.001,0.8,42,2.8435586646932967,17.176780700683594,13279917,True,False,dolma_val_loss/chinchilla_0.25/370M/370M_seed42_case4_dolma_epoch8_wd0.8_lr1e-3.json,train_1.85B.npy,preprocessed/dolma2-0625/resharded,,,,,OLMo-dolma-1.85B
repeat,370M_seed42_case4_dolma_epoch8_wd1.6_lr1e-3,370m,370000000,0.25,1850000000,8,,0.001,1.6,42,2.939224831544578,18.901185989379883,13279917,True,False,dolma_val_loss/chinchilla_0.25/370M/370M_seed42_case4_dolma_epoch8_wd1.6_lr1e-3.json,train_1.85B.npy,preprocessed/dolma2-0625/resharded,,,,,OLMo-dolma-1.85B
repeat,370M_seed42_case4_dolma_epoch8_wd0.1_lr3e-3,370m,370000000,0.25,1850000000,8,,0.003,0.1,42,2.833337716935067,17.00211524963379,13279917,True,False,dolma_val_loss/chinchilla_0.25/370M/370M_seed42_case4_dolma_epoch8_wd0.1_lr3e-3.json,train_1.85B.npy,preprocessed/dolma2-0625/resharded,,,,,OLMo-dolma-1.85B
repeat,370M_seed42_case4_dolma_epoch8_wd0.2_lr3e-3,370m,370000000,0.25,1850000000,8,,0.003,0.2,42,2.8237607961321056,16.840063095092773,13279917,True,False,dolma_val_loss/chinchilla_0.25/370M/370M_seed42_case4_dolma_epoch8_wd0.2_lr3e-3.json,train_1.85B.npy,preprocessed/dolma2-0625/resharded,,,,,OLMo-dolma-1.85B
repeat,370M_seed42_case4_dolma_epoch8_wd0.4_lr3e-3,370m,370000000,0.25,1850000000,8,,0.003,0.4,42,2.818610698211704,16.753559112548828,13279917,True,True,dolma_val_loss/chinchilla_0.25/370M/370M_seed42_case4_dolma_epoch8_wd0.4_lr3e-3.json,train_1.85B.npy,preprocessed/dolma2-0625/resharded,,,,,OLMo-dolma-1.85B
repeat,370M_seed42_case4_dolma_epoch8_wd0.8_lr3e-3,370m,370000000,0.25,1850000000,8,,0.003,0.8,42,2.8737286637232464,17.702905654907227,13279917,True,False,dolma_val_loss/chinchilla_0.25/370M/370M_seed42_case4_dolma_epoch8_wd0.8_lr3e-3.json,train_1.85B.npy,preprocessed/dolma2-0625/resharded,,,,,OLMo-dolma-1.85B
repeat,370M_seed42_case4_dolma_epoch8_wd1.6_lr3e-3,370m,370000000,0.25,1850000000,8,,0.003,1.6,42,3.106011696635501,22.331798553466797,13279917,True,False,dolma_val_loss/chinchilla_0.25/370M/370M_seed42_case4_dolma_epoch8_wd1.6_lr3e-3.json,train_1.85B.npy,preprocessed/dolma2-0625/resharded,,,,,OLMo-dolma-1.85B
repeat,370M_seed42_case4_dolma_epoch16_wd0.4_lr3e-3,370m,370000000,0.25,1850000000,16,,0.003,0.4,42,2.7617362890731565,15.827301979064941,3478624,True,True,dolma_val_loss/chinchilla_0.25/370M/370M_seed42_case4_dolma_epoch16_wd0.4_lr3e-3.json,train_1.85B.npy,preprocessed/dolma2-0625/resharded,,,,,OLMo-dolma-1.85B
repeat,370M_seed42_case4_dolma_epoch16_wd0.8_lr3e-3,370m,370000000,0.25,1850000000,16,,0.003,0.8,42,2.8285530850274667,16.920961380004883,3478624,True,False,dolma_val_loss/chinchilla_0.25/370M/370M_seed42_case4_dolma_epoch16_wd0.8_lr3e-3.json,train_1.85B.npy,preprocessed/dolma2-0625/resharded,,,,,OLMo-dolma-1.85B
repeat,370M_seed42_case4_dolma_epoch32_wd0.4_lr3e-3,370m,370000000,0.25,1850000000,32,,0.003,0.4,42,2.7460144133364586,15.58041000366211,3478624,True,True,dolma_val_loss/chinchilla_0.25/370M/370M_seed42_case4_dolma_epoch32_wd0.4_lr3e-3.json,train_1.85B.npy,preprocessed/dolma2-0625/resharded,,,,,OLMo-dolma-1.85B
repeat,370M_seed42_case4_dolma_epoch32_wd0.8_lr3e-3,370m,370000000,0.25,1850000000,32,,0.003,0.8,42,2.8238191749630093,16.841047286987305,3478624,True,False,dolma_val_loss/chinchilla_0.25/370M/370M_seed42_case4_dolma_epoch32_wd0.8_lr3e-3.json,train_1.85B.npy,preprocessed/dolma2-0625/resharded,,,,,OLMo-dolma-1.85B
repeat,370M_seed42_case4_dolma_epoch1_wd0.2_lr3e-3,370m,370000000,0.5,3700000000,1,,0.003,0.2,42,3.1975862961224597,24.473386764526367,3478624,True,True,dolma_val_loss/chinchilla_0.5/370M/370M_seed42_case4_dolma_epoch1_wd0.2_lr3e-3.json,train_3.7B.npy,preprocessed/dolma2-0625/resharded,,,,,OLMo-dolma-3.7B
repeat,370M_seed42_case4_dolma_epoch2_wd0.2_lr3e-3,370m,370000000,0.5,3700000000,2,,0.003,0.2,42,2.9057280668296057,18.278547286987305,3478624,True,True,dolma_val_loss/chinchilla_0.5/370M/370M_seed42_case4_dolma_epoch2_wd0.2_lr3e-3.json,train_3.7B.npy,preprocessed/dolma2-0625/resharded,,,,,OLMo-dolma-3.7B
repeat,370M_seed42_case4_dolma_epoch4_wd0.2_lr3e-3,370m,370000000,0.5,3700000000,4,,0.003,0.2,42,2.7548317824012116,15.71839714050293,3478624,True,True,dolma_val_loss/chinchilla_0.5/370M/370M_seed42_case4_dolma_epoch4_wd0.2_lr3e-3.json,train_3.7B.npy,preprocessed/dolma2-0625/resharded,,,,,OLMo-dolma-3.7B
repeat,370M_seed42_case4_dolma_epoch8_wd0.2_lr3e-3,370m,370000000,0.5,3700000000,8,,0.003,0.2,42,2.670371916109275,14.445342063903809,3478624,True,True,dolma_val_loss/chinchilla_0.5/370M/370M_seed42_case4_dolma_epoch8_wd0.2_lr3e-3.json,train_3.7B.npy,preprocessed/dolma2-0625/resharded,,,,,OLMo-dolma-3.7B
repeat,370M_seed42_case4_dolma_epoch16_wd0.4_lr3e-3,370m,370000000,0.5,3700000000,16,,0.003,0.4,42,2.676275976094126,14.530879020690918,3478624,True,True,dolma_val_loss/chinchilla_0.5/370M/370M_seed42_case4_dolma_epoch16_wd0.4_lr3e-3.json,train_3.7B.npy,preprocessed/dolma2-0625/resharded,,,,,OLMo-dolma-3.7B
repeat,370M_seed42_case4_dolma_epoch16_wd0.8_lr3e-3,370m,370000000,0.5,3700000000,16,,0.003,0.8,42,2.7785771662325662,16.096101760864258,3478624,True,False,dolma_val_loss/chinchilla_0.5/370M/370M_seed42_case4_dolma_epoch16_wd0.8_lr3e-3.json,train_3.7B.npy,preprocessed/dolma2-0625/resharded,,,,,OLMo-dolma-3.7B
repeat,370M_seed42_case4_dolma_epoch32_wd0.4_lr3e-3,370m,370000000,0.5,3700000000,32,,0.003,0.4,42,2.66015848427907,14.298553466796875,3478624,True,True,dolma_val_loss/chinchilla_0.5/370M/370M_seed42_case4_dolma_epoch32_wd0.4_lr3e-3.json,train_3.7B.npy,preprocessed/dolma2-0625/resharded,,,,,OLMo-dolma-3.7B
repeat,370M_seed42_case4_dolma_epoch32_wd0.8_lr3e-3,370m,370000000,0.5,3700000000,32,,0.003,0.8,42,2.7695191749270194,15.950961112976074,3478624,True,False,dolma_val_loss/chinchilla_0.5/370M/370M_seed42_case4_dolma_epoch32_wd0.8_lr3e-3.json,train_3.7B.npy,preprocessed/dolma2-0625/resharded,,,,,OLMo-dolma-3.7B
repeat,370M_seed42_case4_dolma_epoch1_wd0.2_lr3e-3,370m,370000000,1.0,7400000000,1,,0.003,0.2,42,2.9141022022653007,18.43225860595703,3478624,True,True,dolma_val_loss/chinchilla_1/370M/370M_seed42_case4_dolma_epoch1_wd0.2_lr3e-3.json,train_7.4B.npy,preprocessed/dolma2-0625/resharded,,,,,OLMo-dolma-7.4B
repeat,370M_seed42_case4_dolma_epoch2_wd0.2_lr3e-3,370m,370000000,1.0,7400000000,2,,0.003,0.2,42,2.7418362515385035,15.515450477600098,3478624,True,True,dolma_val_loss/chinchilla_1/370M/370M_seed42_case4_dolma_epoch2_wd0.2_lr3e-3.json,train_7.4B.npy,preprocessed/dolma2-0625/resharded,,,,,OLMo-dolma-7.4B
repeat,370M_seed42_case4_dolma_epoch4_wd0.2_lr3e-3,370m,370000000,1.0,7400000000,4,,0.003,0.2,42,2.6504768000945065,14.160787582397461,3478624,True,True,dolma_val_loss/chinchilla_1/370M/370M_seed42_case4_dolma_epoch4_wd0.2_lr3e-3.json,train_7.4B.npy,preprocessed/dolma2-0625/resharded,,,,,OLMo-dolma-7.4B
repeat,370M_seed42_case4_dolma_epoch8_wd0.2_lr3e-3,370m,370000000,1.0,7400000000,8,,0.003,0.2,42,2.604763055429579,13.528018951416016,3478624,True,True,dolma_val_loss/chinchilla_1/370M/370M_seed42_case4_dolma_epoch8_wd0.2_lr3e-3.json,train_7.4B.npy,preprocessed/dolma2-0625/resharded,,,,,OLMo-dolma-7.4B
repeat,370M_seed42_case4_dolma_epoch16_wd0.2_lr3e-3,370m,370000000,1.0,7400000000,16,,0.003,0.2,42,2.583450619661435,13.242753982543945,3478624,True,True,dolma_val_loss/chinchilla_1/370M/370M_seed42_case4_dolma_epoch16_wd0.2_lr3e-3.json,train_7.4B.npy,preprocessed/dolma2-0625/resharded,,,,,OLMo-dolma-7.4B
repeat,370M_seed42_case4_dolma_epoch16_wd0.4_lr3e-3,370m,370000000,1.0,7400000000,16,,0.003,0.4,42,2.6386277411630537,13.993987083435059,3478624,True,False,dolma_val_loss/chinchilla_1/370M/370M_seed42_case4_dolma_epoch16_wd0.4_lr3e-3.json,train_7.4B.npy,preprocessed/dolma2-0625/resharded,,,,,OLMo-dolma-7.4B
repeat,370M_seed42_case4_dolma_epoch1_wd0.2_lr3e-3,370m,370000000,2.0,14800000000,1,,0.003,0.2,42,2.7293897222055556,15.323532104492188,3478624,True,True,dolma_val_loss/chinchilla_2/370M/370M_seed42_case4_dolma_epoch1_wd0.2_lr3e-3.json,train_14.8B.npy,preprocessed/dolma2-0625/resharded,,,,,OLMo-dolma-14.8B
repeat,370M_seed42_case4_dolma_epoch2_wd0.2_lr3e-3,370m,370000000,2.0,14800000000,2,,0.003,0.2,42,2.635345343778812,13.94813060760498,3478624,True,True,dolma_val_loss/chinchilla_2/370M/370M_seed42_case4_dolma_epoch2_wd0.2_lr3e-3.json,train_14.8B.npy,preprocessed/dolma2-0625/resharded,,,,,OLMo-dolma-14.8B
repeat,370M_seed42_case4_dolma_epoch4_wd0.2_lr3e-3,370m,370000000,2.0,14800000000,4,,0.003,0.2,42,2.5945568254384446,13.39065170288086,3478624,True,True,dolma_val_loss/chinchilla_2/370M/370M_seed42_case4_dolma_epoch4_wd0.2_lr3e-3.json,train_14.8B.npy,preprocessed/dolma2-0625/resharded,,,,,OLMo-dolma-14.8B
repeat,370M_seed42_case4_dolma_epoch8_wd0.2_lr3e-3,370m,370000000,2.0,14800000000,8,,0.003,0.2,42,2.570159873929767,13.067914009094238,3478624,True,True,dolma_val_loss/chinchilla_2/370M/370M_seed42_case4_dolma_epoch8_wd0.2_lr3e-3.json,train_14.8B.npy,preprocessed/dolma2-0625/resharded,,,,,OLMo-dolma-14.8B
repeat,370M_seed42_case4_dolma_epoch1_wd0.2_lr3e-3,370m,370000000,4.0,29600000000,1,,0.003,0.2,42,2.637424093830366,13.977151870727539,3478624,True,True,dolma_val_loss/chinchilla_4/370M/370M_seed42_case4_dolma_epoch1_wd0.2_lr3e-3.json,train_29.6B.part00.npy;train_29.6B.part01.npy;train_29.6B.part02.npy;train_29.6B.part03.npy;train_29.6B.part04.npy;train_29.6B.part05.npy,preprocessed/dolma2-0625/resharded,,,,,OLMo-dolma-29.6B
repeat,370M_seed42_case4_dolma_epoch1_wd0.2_lr3e-3,370m,370000000,8.0,59200000000,1,,0.003,0.2,42,2.587746791188125,13.299771308898926,3478624,True,True,dolma_val_loss/chinchilla_8/370M/370M_seed42_case4_dolma_epoch1_wd0.2_lr3e-3.json,train_59.2B.part00.npy;train_59.2B.part01.npy;train_59.2B.part02.npy;train_59.2B.part03.npy;train_59.2B.part04.npy;train_59.2B.part05.npy;train_59.2B.part06.npy;train_59.2B.part07.npy;train_59.2B.part08.npy;train_59.2B.part09.npy;train_59.2B.part10.npy;train_59.2B.part11.npy,preprocessed/dolma2-0625/resharded,,,,,OLMo-dolma-59.2B
repeat,600M_seed42_case4_dolma_epoch1_wd0.1_lr1e-3,600m,600000000,0.05,600000000,1,,0.001,0.1,42,5.472550621553123,238.06658935546875,3478624,True,True,dolma_val_loss/chinchilla_0.05/600M/600M_seed42_case4_dolma_epoch1_wd0.1_lr1e-3.json,train_0.6B.npy,preprocessed/dolma2-0625/resharded,,,,,OLMo-dolma-0.6B
repeat,600M_seed42_case4_dolma_epoch1_wd0.1_lr3e-3,600m,600000000,0.05,600000000,1,,0.003,0.1,42,5.712276217134904,302.55889892578125,3478624,True,False,dolma_val_loss/chinchilla_0.05/600M/600M_seed42_case4_dolma_epoch1_wd0.1_lr3e-3.json,train_0.6B.npy,preprocessed/dolma2-0625/resharded,,,,,OLMo-dolma-0.6B
repeat,600M_seed42_case4_dolma_epoch2_wd0.1_lr3e-3,600m,600000000,0.05,600000000,2,,0.003,0.1,42,4.509210249405773,90.85002899169922,3478624,True,True,dolma_val_loss/chinchilla_0.05/600M/600M_seed42_case4_dolma_epoch2_wd0.1_lr3e-3.json,train_0.6B.npy,preprocessed/dolma2-0625/resharded,,,,,OLMo-dolma-0.6B
repeat,600M_seed42_case4_dolma_epoch4_wd0.2_lr3e-3,600m,600000000,0.05,600000000,4,,0.003,0.2,42,3.3982193401770084,29.910791397094727,3478624,True,True,dolma_val_loss/chinchilla_0.05/600M/600M_seed42_case4_dolma_epoch4_wd0.2_lr3e-3.json,train_0.6B.npy,preprocessed/dolma2-0625/resharded,,,,,OLMo-dolma-0.6B
repeat,600M_seed42_case4_dolma_epoch8_wd0.2_lr3e-3,600m,600000000,0.05,600000000,8,,0.003,0.2,42,3.146460387608654,23.25360870361328,3478624,True,True,dolma_val_loss/chinchilla_0.05/600M/600M_seed42_case4_dolma_epoch8_wd0.2_lr3e-3.json,train_0.6B.npy,preprocessed/dolma2-0625/resharded,,,,,OLMo-dolma-0.6B
repeat,600M_seed42_case4_dolma_epoch1_wd0.1_lr1e-3,600m,600000000,0.1,1200000000,1,,0.001,0.1,42,4.160401299776911,64.09724426269531,3478624,True,True,dolma_val_loss/chinchilla_0.1/600M/600M_seed42_case4_dolma_epoch1_wd0.1_lr1e-3.json,train_1.2B.npy,preprocessed/dolma2-0625/resharded,,,,,OLMo-dolma-1.2B
repeat,600M_seed42_case4_dolma_epoch1_wd0.1_lr3e-3,600m,600000000,0.1,1200000000,1,,0.003,0.1,42,4.388758373919342,80.54034423828125,3478624,True,False,dolma_val_loss/chinchilla_0.1/600M/600M_seed42_case4_dolma_epoch1_wd0.1_lr3e-3.json,train_1.2B.npy,preprocessed/dolma2-0625/resharded,,,,,OLMo-dolma-1.2B
repeat,600M_seed42_case4_dolma_epoch2_wd0.1_lr3e-3,600m,600000000,0.1,1200000000,2,,0.003,0.1,42,3.3587227277896017,28.75244140625,3478624,True,True,dolma_val_loss/chinchilla_0.1/600M/600M_seed42_case4_dolma_epoch2_wd0.1_lr3e-3.json,train_1.2B.npy,preprocessed/dolma2-0625/resharded,,,,,OLMo-dolma-1.2B
repeat,600M_seed42_case4_dolma_epoch4_wd0.2_lr3e-3,600m,600000000,0.1,1200000000,4,,0.003,0.2,42,3.05176552239455,21.15265464782715,3478624,True,True,dolma_val_loss/chinchilla_0.1/600M/600M_seed42_case4_dolma_epoch4_wd0.2_lr3e-3.json,train_1.2B.npy,preprocessed/dolma2-0625/resharded,,,,,OLMo-dolma-1.2B
repeat,600M_seed42_case4_dolma_epoch8_wd0.2_lr3e-3,600m,600000000,0.1,1200000000,8,,0.003,0.2,42,2.875523183271817,17.734699249267578,3478624,True,True,dolma_val_loss/chinchilla_0.1/600M/600M_seed42_case4_dolma_epoch8_wd0.2_lr3e-3.json,train_1.2B.npy,preprocessed/dolma2-0625/resharded,,,,,OLMo-dolma-1.2B
repeat,600M_seed42_case4_dolma_epoch1_wd0.1_lr1e-3,600m,600000000,0.25,3000000000,1,,0.001,0.1,42,3.297173400971267,27.036113739013672,3478624,True,False,dolma_val_loss/chinchilla_0.25/600M/600M_seed42_case4_dolma_epoch1_wd0.1_lr1e-3.json,train_3.0B.npy,preprocessed/dolma2-0625/resharded,,,,,OLMo-dolma-3.0B
repeat,600M_seed42_case4_dolma_epoch1_wd0.1_lr3e-3,600m,600000000,0.25,3000000000,1,,0.003,0.1,42,3.2420630366542516,25.58645248413086,3478624,True,True,dolma_val_loss/chinchilla_0.25/600M/600M_seed42_case4_dolma_epoch1_wd0.1_lr3e-3.json,train_3.0B.npy,preprocessed/dolma2-0625/resharded,,,,,OLMo-dolma-3.0B
repeat,600M_seed42_case4_dolma_epoch2_wd0.1_lr3e-3,600m,600000000,0.25,3000000000,2,,0.003,0.1,42,2.9483255222843456,19.073989868164062,3478624,True,True,dolma_val_loss/chinchilla_0.25/600M/600M_seed42_case4_dolma_epoch2_wd0.1_lr3e-3.json,train_3.0B.npy,preprocessed/dolma2-0625/resharded,,,,,OLMo-dolma-3.0B
repeat,600M_seed42_case4_dolma_epoch4_wd0.2_lr3e-3,600m,600000000,0.25,3000000000,4,,0.003,0.2,42,2.7243686094804027,15.246783256530762,3478624,True,True,dolma_val_loss/chinchilla_0.25/600M/600M_seed42_case4_dolma_epoch4_wd0.2_lr3e-3.json,train_3.0B.npy,preprocessed/dolma2-0625/resharded,,,,,OLMo-dolma-3.0B
repeat,600M_seed42_case4_dolma_epoch8_wd0.2_lr3e-3,600m,600000000,0.25,3000000000,8,,0.003,0.2,42,2.6381901639762386,13.987866401672363,3478624,True,True,dolma_val_loss/chinchilla_0.25/600M/600M_seed42_case4_dolma_epoch8_wd0.2_lr3e-3.json,train_3.0B.npy,preprocessed/dolma2-0625/resharded,,,,,OLMo-dolma-3.0B
repeat,600M_seed42_case4_dolma_epoch1_wd0.1_lr1e-3,600m,600000000,0.5,6000000000,1,,0.001,0.1,42,2.932314949934339,18.771032333374023,3478624,True,False,dolma_val_loss/chinchilla_0.5/600M/600M_seed42_case4_dolma_epoch1_wd0.1_lr1e-3.json,train_6.0B.npy,preprocessed/dolma2-0625/resharded,,,,,OLMo-dolma-6.0B
repeat,600M_seed42_case4_dolma_epoch1_wd0.1_lr3e-3,600m,600000000,0.5,6000000000,1,,0.003,0.1,42,2.9226725056487965,18.590906143188477,3478624,True,True,dolma_val_loss/chinchilla_0.5/600M/600M_seed42_case4_dolma_epoch1_wd0.1_lr3e-3.json,train_6.0B.npy,preprocessed/dolma2-0625/resharded,,,,,OLMo-dolma-6.0B
repeat,600M_seed42_case4_dolma_epoch2_wd0.1_lr3e-3,600m,600000000,0.5,6000000000,2,,0.003,0.1,42,2.724333219019283,15.246245384216309,3478624,True,True,dolma_val_loss/chinchilla_0.5/600M/600M_seed42_case4_dolma_epoch2_wd0.1_lr3e-3.json,train_6.0B.npy,preprocessed/dolma2-0625/resharded,,,,,OLMo-dolma-6.0B
repeat,600M_seed42_case4_dolma_epoch4_wd0.2_lr3e-3,600m,600000000,0.5,6000000000,4,,0.003,0.2,42,2.6016813752969385,13.486395835876465,3478624,True,True,dolma_val_loss/chinchilla_0.5/600M/600M_seed42_case4_dolma_epoch4_wd0.2_lr3e-3.json,train_6.0B.npy,preprocessed/dolma2-0625/resharded,,,,,OLMo-dolma-6.0B
repeat,600M_seed42_case4_dolma_epoch8_wd0.2_lr3e-3,600m,600000000,0.5,6000000000,8,,0.003,0.2,42,2.5484108990179872,12.786767959594727,3478624,True,True,dolma_val_loss/chinchilla_0.5/600M/600M_seed42_case4_dolma_epoch8_wd0.2_lr3e-3.json,train_6.0B.npy,preprocessed/dolma2-0625/resharded,,,,,OLMo-dolma-6.0B
repeat,600M_seed42_case4_dolma_epoch1_wd0.1_lr1e-3,600m,600000000,1.0,12000000000,1,,0.001,0.1,42,2.7383877915290418,15.462037086486816,3478624,True,False,dolma_val_loss/chinchilla_1/600M/600M_seed42_case4_dolma_epoch1_wd0.1_lr1e-3.json,train_12.0B.npy,preprocessed/dolma2-0625/resharded,,,,,OLMo-dolma-12.0B
repeat,600M_seed42_case4_dolma_epoch1_wd0.1_lr3e-3,600m,600000000,1.0,12000000000,1,,0.003,0.1,42,2.7272566577667456,15.29088306427002,3478624,True,True,dolma_val_loss/chinchilla_1/600M/600M_seed42_case4_dolma_epoch1_wd0.1_lr3e-3.json,train_12.0B.npy,preprocessed/dolma2-0625/resharded,,,,,OLMo-dolma-12.0B
repeat,600M_seed42_case4_dolma_epoch2_wd0.1_lr3e-3,600m,600000000,1.0,12000000000,2,,0.003,0.1,42,2.5825131790826608,13.230345726013184,3478624,True,True,dolma_val_loss/chinchilla_1/600M/600M_seed42_case4_dolma_epoch2_wd0.1_lr3e-3.json,train_12.0B.npy,preprocessed/dolma2-0625/resharded,,,,,OLMo-dolma-12.0B
repeat,600M_seed42_case4_dolma_epoch4_wd0.2_lr3e-3,600m,600000000,1.0,12000000000,4,,0.003,0.2,42,2.5275285543209307,12.5225191116333,3478624,True,True,dolma_val_loss/chinchilla_1/600M/600M_seed42_case4_dolma_epoch4_wd0.2_lr3e-3.json,train_12.0B.npy,preprocessed/dolma2-0625/resharded,,,,,OLMo-dolma-12.0B
repeat,600M_seed42_case4_dolma_epoch1_wd0.1_lr1e-3,600m,600000000,2.0,24000000000,1,,0.001,0.1,42,2.6170832722674837,13.695718765258789,3478624,True,False,dolma_val_loss/chinchilla_2/600M/600M_seed42_case4_dolma_epoch1_wd0.1_lr1e-3.json,train_24.0B.part00.npy;train_24.0B.part01.npy;train_24.0B.part02.npy;train_24.0B.part03.npy;train_24.0B.part04.npy,preprocessed/dolma2-0625/resharded,,,,,OLMo-dolma-24.0B
repeat,600M_seed42_case4_dolma_epoch1_wd0.1_lr3e-3,600m,600000000,2.0,24000000000,1,,0.003,0.1,42,2.578686097973496,13.179808616638184,3478624,True,True,dolma_val_loss/chinchilla_2/600M/600M_seed42_case4_dolma_epoch1_wd0.1_lr3e-3.json,train_24.0B.part00.npy;train_24.0B.part01.npy;train_24.0B.part02.npy;train_24.0B.part03.npy;train_24.0B.part04.npy,preprocessed/dolma2-0625/resharded,,,,,OLMo-dolma-24.0B
repeat,600M_seed42_case4_dolma_epoch2_wd0.1_lr3e-3,600m,600000000,2.0,24000000000,2,,0.003,0.1,42,2.5041485775147283,12.233138084411621,3478624,True,True,dolma_val_loss/chinchilla_2/600M/600M_seed42_case4_dolma_epoch2_wd0.1_lr3e-3.json,train_24.0B.part00.npy;train_24.0B.part01.npy;train_24.0B.part02.npy;train_24.0B.part03.npy;train_24.0B.part04.npy,preprocessed/dolma2-0625/resharded,,,,,OLMo-dolma-24.0B
repeat,600M_seed42_case4_dolma_epoch1_wd0.1_lr1e-3,600m,600000000,4.0,48000000000,1,,0.001,0.1,42,2.5310604852348653,12.566825866699219,3478624,True,False,dolma_val_loss/chinchilla_4/600M/600M_seed42_case4_dolma_epoch1_wd0.1_lr1e-3.json,train_48.0B.part00.npy;train_48.0B.part01.npy;train_48.0B.part02.npy;train_48.0B.part03.npy;train_48.0B.part04.npy;train_48.0B.part05.npy;train_48.0B.part06.npy;train_48.0B.part07.npy;train_48.0B.part08.npy;train_48.0B.part09.npy,preprocessed/dolma2-0625/resharded,,,,,OLMo-dolma-48.0B
repeat,600M_seed42_case4_dolma_epoch1_wd0.1_lr3e-3,600m,600000000,4.0,48000000000,1,,0.003,0.1,42,2.5021277951265604,12.208444595336914,3478624,True,True,dolma_val_loss/chinchilla_4/600M/600M_seed42_case4_dolma_epoch1_wd0.1_lr3e-3.json,train_48.0B.part00.npy;train_48.0B.part01.npy;train_48.0B.part02.npy;train_48.0B.part03.npy;train_48.0B.part04.npy;train_48.0B.part05.npy;train_48.0B.part06.npy;train_48.0B.part07.npy;train_48.0B.part08.npy;train_48.0B.part09.npy,preprocessed/dolma2-0625/resharded,,,,,OLMo-dolma-48.0B
