{
  "30M_seed42_case4_dolma_epoch64_wd0.2_lr1e-4": {
    "validation_loss": 4.010454154546862,
    "perplexity": 55.17192459106445,
    "tokens_evaluated": 13279917,
    "num_batches": 1526
  }
}