{
  "30M_seed42_case4_dolma_epoch16_wd0.8_lr3e-3": {
    "validation_loss": 3.8478656298015994,
    "perplexity": 46.89286804199219,
    "tokens_evaluated": 13279917,
    "num_batches": 1526
  }
}