{
  "30M_seed42_case4_dolma_epoch4_wd0.1_lr3e-4": {
    "validation_loss": 4.630648716430349,
    "perplexity": 102.58057403564453,
    "tokens_evaluated": 13279917,
    "num_batches": 1526
  }
}