{
  "30M_seed42_case4_dolma_epoch4_wd0.2_lr3e-3": {
    "validation_loss": 3.8841094658711794,
    "perplexity": 48.62362289428711,
    "tokens_evaluated": 13279917,
    "num_batches": 1526
  }
}