{
  "30M_seed42_case4_dolma_epoch32_wd0.8_lr3e-3": {
    "validation_loss": 3.820287864071482,
    "perplexity": 45.617340087890625,
    "tokens_evaluated": 13279917,
    "num_batches": 1526
  }
}