{
  "30M_seed42_case4_dolma_epoch32_wd0.8_lr3e-4": {
    "validation_loss": 3.9374511500603107,
    "perplexity": 51.2877082824707,
    "tokens_evaluated": 13279917,
    "num_batches": 1526
  }
}