{
  "30M_seed42_case4_dolma_epoch32_wd0.4_lr1e-4": {
    "validation_loss": 4.213412723063212,
    "perplexity": 67.58680725097656,
    "tokens_evaluated": 13279917,
    "num_batches": 1526
  }
}