{
  "30M_seed42_case4_dolma_epoch8_wd1.6_lr1e-3": {
    "validation_loss": 4.1995341359926,
    "perplexity": 66.65525817871094,
    "tokens_evaluated": 13279917,
    "num_batches": 1526
  }
}