{
  "30M_seed42_case4_dolma_epoch16_wd0.1_lr3e-3": {
    "validation_loss": 3.7004977679300914,
    "perplexity": 40.467445373535156,
    "tokens_evaluated": 13279917,
    "num_batches": 1526
  }
}