{
  "30M_seed42_case4_dolma_epoch8_wd0.8_lr3e-3": {
    "validation_loss": 3.8978892694610074,
    "perplexity": 49.29829025268555,
    "tokens_evaluated": 13279917,
    "num_batches": 1526
  }
}