{
  "30M_seed42_case4_dolma_epoch64_wd0.4_lr3e-4": {
    "validation_loss": 3.7694648482619235,
    "perplexity": 43.356849670410156,
    "tokens_evaluated": 13279917,
    "num_batches": 1526
  }
}