{
  "30M_seed42_case4_dolma_epoch32_wd0.4_lr3e-3": {
    "validation_loss": 3.7152905201718904,
    "perplexity": 41.070518493652344,
    "tokens_evaluated": 13279917,
    "num_batches": 1526
  }
}