{
  "30M_seed42_case4_dolma_epoch1_wd0.2_lr1e-4": {
    "validation_loss": 6.844820662532779,
    "perplexity": 939.0046997070312,
    "tokens_evaluated": 13279917,
    "num_batches": 1526
  }
}