{
  "30M_seed42_case4_dolma_epoch32_wd1.6_lr1e-3": {
    "validation_loss": 4.048781252942648,
    "perplexity": 57.32755661010742,
    "tokens_evaluated": 13279917,
    "num_batches": 1526
  }
}