{
  "30M_seed42_case4_dolma_epoch16_wd0.2_lr1e-3": {
    "validation_loss": 3.785480667891752,
    "perplexity": 44.056846618652344,
    "tokens_evaluated": 13279917,
    "num_batches": 1526
  }
}