{
  "30M_seed42_case4_dolma_epoch4_wd0.2_lr1e-4": {
    "validation_loss": 5.5933014868958235,
    "perplexity": 268.6209411621094,
    "tokens_evaluated": 13279917,
    "num_batches": 1526
  }
}