{
  "30M_seed42_case4_dolma_epoch4_wd0.1_lr1e-4": {
    "validation_loss": 5.586730385314861,
    "perplexity": 266.8616943359375,
    "tokens_evaluated": 13279917,
    "num_batches": 1526
  }
}