{
  "30M_seed42_case4_dolma_epoch16_wd0.8_lr1e-3": {
    "validation_loss": 3.864519563035837,
    "perplexity": 47.680362701416016,
    "tokens_evaluated": 13279917,
    "num_batches": 1526
  }
}