{
  "30M_seed42_case4_dolma_epoch4_wd1.6_lr3e-3": {
    "validation_loss": 4.212844041206875,
    "perplexity": 67.54837036132812,
    "tokens_evaluated": 13279917,
    "num_batches": 1526
  }
}