{
  "30M_seed42_case4_dolma_epoch8_wd0.1_lr3e-4": {
    "validation_loss": 4.276295243293878,
    "perplexity": 71.97329711914062,
    "tokens_evaluated": 13279917,
    "num_batches": 1526
  }
}