{
  "30M_seed42_case4_dolma_epoch1_wd0.8_lr3e-3": {
    "validation_loss": 4.97697287346739,
    "perplexity": 145.03469848632812,
    "tokens_evaluated": 13279917,
    "num_batches": 1526
  }
}