{
  "30M_seed42_case4_dolma_epoch32_wd0.1_lr3e-3": {
    "validation_loss": 3.6463284976638737,
    "perplexity": 38.33366394042969,
    "tokens_evaluated": 13279917,
    "num_batches": 1526
  }
}