{
  "30M_seed42_case4_dolma_epoch64_wd0.1_lr3e-3": {
    "validation_loss": 3.606892843483545,
    "perplexity": 36.85137176513672,
    "tokens_evaluated": 13279917,
    "num_batches": 1526
  }
}