{
  "30M_seed42_case4_dolma_epoch16_wd0.4_lr1e-3": {
    "validation_loss": 3.79168957889277,
    "perplexity": 44.331241607666016,
    "tokens_evaluated": 13279917,
    "num_batches": 1526
  }
}