{
  "30M_seed42_case4_dolma_epoch32_wd0.2_lr3e-3": {
    "validation_loss": 3.667732497611572,
    "perplexity": 39.163002014160156,
    "tokens_evaluated": 13279917,
    "num_batches": 1526
  }
}