{
  "30M_seed42_case4_dolma_epoch1_wd1.6_lr3e-3": {
    "validation_loss": 5.269117347428405,
    "perplexity": 194.2444305419922,
    "tokens_evaluated": 13279917,
    "num_batches": 1526
  }
}