{
  "30M_seed42_case4_dolma_epoch4_wd1.6_lr1e-3": {
    "validation_loss": 4.413452397736418,
    "perplexity": 82.55400085449219,
    "tokens_evaluated": 13279917,
    "num_batches": 1526
  }
}