{
  "30M_seed42_case4_dolma_epoch4_wd0.4_lr3e-3": {
    "validation_loss": 3.946785956893888,
    "perplexity": 51.76871109008789,
    "tokens_evaluated": 13279917,
    "num_batches": 1526
  }
}