{
  "30M_seed42_case4_dolma_epoch32_wd0.8_lr1e-4": {
    "validation_loss": 4.244414896351338,
    "perplexity": 69.71495056152344,
    "tokens_evaluated": 13279917,
    "num_batches": 1526
  }
}