{
  "30M_seed42_case4_dolma_epoch32_wd0.2_lr1e-3": {
    "validation_loss": 3.7028243283151143,
    "perplexity": 40.561702728271484,
    "tokens_evaluated": 13279917,
    "num_batches": 1526
  }
}