{
  "30M_seed42_case4_dolma_epoch64_wd0.2_lr3e-3": {
    "validation_loss": 3.6394500234313516,
    "perplexity": 38.07089614868164,
    "tokens_evaluated": 13279917,
    "num_batches": 1526
  }
}