{
  "30M_seed42_case4_dolma_epoch16_wd0.4_lr3e-3": {
    "validation_loss": 3.7461621252449753,
    "perplexity": 42.35820770263672,
    "tokens_evaluated": 13279917,
    "num_batches": 1526
  }
}