{
  "30M_seed42_case4_dolma_epoch8_wd0.2_lr3e-3": {
    "validation_loss": 3.7722907981442013,
    "perplexity": 43.479549407958984,
    "tokens_evaluated": 13279917,
    "num_batches": 1526
  }
}