{
  "30M_seed42_case4_dolma_epoch4_wd0.2_lr3e-4": {
    "validation_loss": 4.6387820043621835,
    "perplexity": 103.4183120727539,
    "tokens_evaluated": 13279917,
    "num_batches": 1526
  }
}