{
  "30M_seed42_case4_dolma_epoch4_wd0.8_lr1e-3": {
    "validation_loss": 4.197024661256354,
    "perplexity": 66.48822021484375,
    "tokens_evaluated": 13279917,
    "num_batches": 1526
  }
}