{
  "30M_seed42_case4_dolma_epoch1_wd0.1_lr3e-3": {
    "validation_loss": 4.9317311640136055,
    "perplexity": 138.61929321289062,
    "tokens_evaluated": 13279917,
    "num_batches": 1526
  }
}