{
  "30M_seed42_case4_dolma_epoch1_wd0.8_lr3e-4": {
    "validation_loss": 5.9533576834272806,
    "perplexity": 385.0440368652344,
    "tokens_evaluated": 13279917,
    "num_batches": 1526
  }
}