{
  "30M_seed42_case4_dolma_epoch4_wd1.6_lr1e-4": {
    "validation_loss": 5.681375225936206,
    "perplexity": 293.3525085449219,
    "tokens_evaluated": 13279917,
    "num_batches": 1526
  }
}