{
  "30M_seed42_case4_dolma_epoch64_wd0.4_lr1e-4": {
    "validation_loss": 4.002849713737975,
    "perplexity": 54.75395202636719,
    "tokens_evaluated": 13279917,
    "num_batches": 1526
  }
}