{
  "30M_seed42_case4_dolma_epoch8_wd0.2_lr3e-4": {
    "validation_loss": 4.281432357126178,
    "perplexity": 72.3439712524414,
    "tokens_evaluated": 13279917,
    "num_batches": 1526
  }
}