{
  "30M_seed42_case4_dolma_epoch4_wd0.4_lr1e-4": {
    "validation_loss": 5.602410493934187,
    "perplexity": 271.0790100097656,
    "tokens_evaluated": 13279917,
    "num_batches": 1526
  }
}