{
  "30M_seed42_case4_dolma_epoch32_wd0.2_lr3e-4": {
    "validation_loss": 3.883583815319062,
    "perplexity": 48.59806823730469,
    "tokens_evaluated": 13279917,
    "num_batches": 1526
  }
}