{
  "30M_seed42_case4_dolma_epoch1_wd0.2_lr1e-3": {
    "validation_loss": 5.173627835191619,
    "perplexity": 176.55418395996094,
    "tokens_evaluated": 13279917,
    "num_batches": 1526
  }
}