{
  "30M_seed42_case4_dolma_epoch4_wd1.6_lr3e-4": {
    "validation_loss": 4.828831434946916,
    "perplexity": 125.06475830078125,
    "tokens_evaluated": 13279917,
    "num_batches": 1526
  }
}