{
  "30M_seed42_case4_dolma_epoch4_wd0.2_lr1e-3": {
    "validation_loss": 4.093841193785205,
    "perplexity": 59.96979904174805,
    "tokens_evaluated": 13279917,
    "num_batches": 1526
  }
}