{
  "30M_seed42_case4_dolma_epoch8_wd1.6_lr3e-4": {
    "validation_loss": 4.540828632114427,
    "perplexity": 93.76847839355469,
    "tokens_evaluated": 13279917,
    "num_batches": 1526
  }
}