{
  "30M_seed42_case4_dolma_epoch8_wd0.8_lr1e-4": {
    "validation_loss": 4.998001613030719,
    "perplexity": 148.1168670654297,
    "tokens_evaluated": 13279917,
    "num_batches": 1526
  }
}