{
  "30M_seed42_case4_dolma_epoch16_wd1.6_lr1e-4": {
    "validation_loss": 4.657600460468216,
    "perplexity": 105.38290405273438,
    "tokens_evaluated": 13279917,
    "num_batches": 1526
  }
}