{
  "30M_seed42_case4_dolma_epoch1_wd0.2_lr3e-3": {
    "validation_loss": 4.9418965567841795,
    "perplexity": 140.0355682373047,
    "tokens_evaluated": 13279917,
    "num_batches": 1526
  }
}