{
  "30M_seed42_case4_dolma_epoch4_wd0.4_lr3e-4": {
    "validation_loss": 4.654235308600173,
    "perplexity": 105.02887725830078,
    "tokens_evaluated": 13279917,
    "num_batches": 1526
  }
}