{
  "30M_seed42_case4_dolma_epoch8_wd0.8_lr3e-4": {
    "validation_loss": 4.345651721605498,
    "perplexity": 77.14228820800781,
    "tokens_evaluated": 13279917,
    "num_batches": 1526
  }
}