{
  "30M_seed42_case4_dolma_epoch16_wd1.6_lr1e-3": {
    "validation_loss": 4.101569432092813,
    "perplexity": 60.43507385253906,
    "tokens_evaluated": 13279917,
    "num_batches": 1526
  }
}