{
  "30M_seed42_case4_dolma_epoch1_wd0.4_lr3e-3": {
    "validation_loss": 4.95706216854438,
    "perplexity": 142.17550659179688,
    "tokens_evaluated": 13279917,
    "num_batches": 1526
  }
}