{
  "30M_seed42_case4_dolma_epoch1_wd0.1_lr3e-4": {
    "validation_loss": 5.91270364868962,
    "perplexity": 369.7043151855469,
    "tokens_evaluated": 13279917,
    "num_batches": 1526
  }
}