{
  "30M_seed42_case4_dolma_epoch16_wd0.8_lr3e-4": {
    "validation_loss": 4.115235932803411,
    "perplexity": 61.266658782958984,
    "tokens_evaluated": 13279917,
    "num_batches": 1526
  }
}