{
  "30M_seed42_case4_dolma_epoch64_wd0.1_lr1e-4": {
    "validation_loss": 4.014589703149124,
    "perplexity": 55.40056610107422,
    "tokens_evaluated": 13279917,
    "num_batches": 1526
  }
}