{
  "30M_seed42_case4_dolma_epoch64_wd1.6_lr3e-3": {
    "validation_loss": 4.0526625335408974,
    "perplexity": 57.550472259521484,
    "tokens_evaluated": 3478624,
    "num_batches": 794
  }
}