{
  "30M_seed42_case4_dolma_epoch32_wd1.6_lr3e-3": {
    "validation_loss": 4.071953760096096,
    "perplexity": 58.67148208618164,
    "tokens_evaluated": 13279917,
    "num_batches": 1526
  }
}