{
  "30M_seed42_case4_dolma_epoch16_wd1.6_lr3e-3": {
    "validation_loss": 4.115130780558413,
    "perplexity": 61.260231018066406,
    "tokens_evaluated": 13279917,
    "num_batches": 1526
  }
}