{
  "30M_seed42_case4_dolma_epoch64_wd0.2_lr1e-3": {
    "validation_loss": 3.659965841109808,
    "perplexity": 38.86001205444336,
    "tokens_evaluated": 13279917,
    "num_batches": 1526
  }
}