{
  "30M_seed42_case4_dolma_epoch8_wd0.1_lr1e-4": {
    "validation_loss": 4.940152612852597,
    "perplexity": 139.7915802001953,
    "tokens_evaluated": 13279917,
    "num_batches": 1526
  }
}