{
  "30M_seed42_case4_dolma_epoch32_wd0.8_lr1e-3": {
    "validation_loss": 3.8176546567695038,
    "perplexity": 45.49737548828125,
    "tokens_evaluated": 13279917,
    "num_batches": 1526
  }
}