{
  "30M_seed42_case4_dolma_epoch32_wd1.6_lr3e-4": {
    "validation_loss": 4.189977512778317,
    "perplexity": 66.02131652832031,
    "tokens_evaluated": 13279917,
    "num_batches": 1526
  }
}