{
  "30M_seed42_case4_dolma_epoch4_wd0.1_lr1e-3": {
    "validation_loss": 4.0839252892167925,
    "perplexity": 59.37808609008789,
    "tokens_evaluated": 13279917,
    "num_batches": 1526
  }
}