{
  "30M_seed42_case4_dolma_epoch1_wd0.1_lr1e-4": {
    "validation_loss": 6.838903828530493,
    "perplexity": 933.4653930664062,
    "tokens_evaluated": 13279917,
    "num_batches": 1526
  }
}