{
  "30M_seed42_case4_dolma_epoch8_wd0.2_lr1e-3": {
    "validation_loss": 3.9083778155478823,
    "perplexity": 49.818077087402344,
    "tokens_evaluated": 13279917,
    "num_batches": 1526
  }
}