{
  "30M_seed42_case4_dolma_epoch32_wd0.2_lr1e-4": {
    "validation_loss": 4.207153043915273,
    "perplexity": 67.1650390625,
    "tokens_evaluated": 13279917,
    "num_batches": 1526
  }
}