{
  "30M_seed42_case4_dolma_epoch1_wd0.8_lr1e-4": {
    "validation_loss": 6.87508969591428,
    "perplexity": 967.8621215820312,
    "tokens_evaluated": 13279917,
    "num_batches": 1526
  }
}