{
  "30M_seed42_case4_dolma_epoch8_wd0.8_lr1e-3": {
    "validation_loss": 3.993672213575158,
    "perplexity": 54.25374984741211,
    "tokens_evaluated": 13279917,
    "num_batches": 1526
  }
}