{
  "30M_seed42_case4_dolma_epoch4_wd0.8_lr3e-3": {
    "validation_loss": 3.9964055418083326,
    "perplexity": 54.40225601196289,
    "tokens_evaluated": 13279917,
    "num_batches": 1526
  }
}