{
  "30M_seed42_case4_dolma_epoch32_wd0.1_lr1e-4": {
    "validation_loss": 4.20578025958883,
    "perplexity": 67.0728988647461,
    "tokens_evaluated": 13279917,
    "num_batches": 1526
  }
}