{
  "30M_seed42_case4_dolma_epoch32_wd0.1_lr1e-3": {
    "validation_loss": 3.6941249027161183,
    "perplexity": 40.21036911010742,
    "tokens_evaluated": 13279917,
    "num_batches": 1526
  }
}