{
  "30M_seed42_case4_dolma_epoch32_wd1.6_lr1e-4": {
    "validation_loss": 4.4619479131033675,
    "perplexity": 86.65614318847656,
    "tokens_evaluated": 13279917,
    "num_batches": 1526
  }
}