{
  "190M_seed42_case4_dolma_epoch2_wd0.1_lr3e-3": {
    "validation_loss": 2.78961683418226,
    "perplexity": 16.274782180786133,
    "tokens_evaluated": 3478624,
    "num_batches": 794
  }
}