{
  "190M_seed42_case4_dolma_epoch1_wd0.1_lr3e-3": {
    "validation_loss": 2.877827028149277,
    "perplexity": 17.775604248046875,
    "tokens_evaluated": 3478624,
    "num_batches": 794
  }
}