{
  "190M_seed42_case4_dolma_epoch4_wd0.1_lr3e-3": {
    "validation_loss": 2.7381121382698885,
    "perplexity": 15.457776069641113,
    "tokens_evaluated": 3478624,
    "num_batches": 794
  }
}