{
  "60M_seed42_case4_dolma_epoch64_wd0.4_lr1e-3": {
    "validation_loss": 3.272275870904815,
    "perplexity": 26.37129020690918,
    "tokens_evaluated": 3478624,
    "num_batches": 794
  }
}