{
  "60M_seed42_case4_dolma_epoch32_wd0.4_lr1e-3": {
    "validation_loss": 3.3003683735806777,
    "perplexity": 27.12262725830078,
    "tokens_evaluated": 3478624,
    "num_batches": 794
  }
}