{
  "60M_seed42_case4_dolma_epoch4_wd0.1_lr1e-3": {
    "validation_loss": 3.6322173841363217,
    "perplexity": 37.79653549194336,
    "tokens_evaluated": 3478624,
    "num_batches": 794
  }
}