{
  "190M_seed42_case4_dolma_epoch16_wd0.2_lr3e-3": {
    "validation_loss": 2.8671235495078524,
    "perplexity": 17.586360931396484,
    "tokens_evaluated": 3478624,
    "num_batches": 794
  }
}