{
  "190M_seed42_case4_dolma_epoch4_wd0.1_lr3e-3": {
    "validation_loss": 3.0462111346288947,
    "perplexity": 21.03549575805664,
    "tokens_evaluated": 3478624,
    "num_batches": 794
  }
}