{
  "190M_seed42_case4_dolma_epoch8_wd0.4_lr3e-3": {
    "validation_loss": 2.940097012189493,
    "perplexity": 18.917682647705078,
    "tokens_evaluated": 3478624,
    "num_batches": 794
  }
}