{
  "190M_seed42_case4_dolma_epoch4_wd0.4_lr3e-3": {
    "validation_loss": 3.048546992932036,
    "perplexity": 21.084686279296875,
    "tokens_evaluated": 3478624,
    "num_batches": 794
  }
}