{
  "190M_seed42_case4_dolma_epoch2_wd0.1_lr3e-3": {
    "validation_loss": 3.2831968409102705,
    "perplexity": 26.660869598388672,
    "tokens_evaluated": 3478624,
    "num_batches": 794
  }
}