{
  "190M_seed42_case4_dolma_epoch2_wd0.1_lr1e-3": {
    "validation_loss": 3.3672345202223144,
    "perplexity": 28.998220443725586,
    "tokens_evaluated": 3478624,
    "num_batches": 794
  }
}