{
  "190M_seed42_case4_dolma_epoch2_wd0.2_lr1e-3": {
    "validation_loss": 3.3391641531566365,
    "perplexity": 28.195552825927734,
    "tokens_evaluated": 3478624,
    "num_batches": 794
  }
}