{
  "190M_seed42_case4_dolma_epoch4_wd0.2_lr3e-3": {
    "validation_loss": 3.0407755875599087,
    "perplexity": 20.921463012695312,
    "tokens_evaluated": 3478624,
    "num_batches": 794
  }
}