{
  "190M_seed42_case4_dolma_epoch32_wd0.1_lr3e-3": {
    "validation_loss": 2.873218141983008,
    "perplexity": 17.693866729736328,
    "tokens_evaluated": 3478624,
    "num_batches": 794
  }
}