{
  "190M_seed42_case4_dolma_epoch8_wd0.1_lr3e-3": {
    "validation_loss": 2.9314306907419048,
    "perplexity": 18.754440307617188,
    "tokens_evaluated": 3478624,
    "num_batches": 794
  }
}