{
  "190M_seed42_case4_dolma_epoch2_wd0.2_lr3e-3": {
    "validation_loss": 3.2594502036087043,
    "perplexity": 26.035219192504883,
    "tokens_evaluated": 3478624,
    "num_batches": 794
  }
}