{
  "190M_seed42_case4_dolma_epoch8_wd0.2_lr3e-3": {
    "validation_loss": 2.92493568359421,
    "perplexity": 18.633026123046875,
    "tokens_evaluated": 3478624,
    "num_batches": 794
  }
}