{
  "370M_seed42_case4_dolma_epoch4_wd0.4_lr1e-4": {
    "validation_loss": 5.313260111014372,
    "perplexity": 203.010986328125,
    "tokens_evaluated": 13279917,
    "num_batches": 3052
  }
}