{
  "370M_seed42_case4_dolma_epoch8_wd0.4_lr1e-4": {
    "validation_loss": 4.597255000040222,
    "perplexity": 99.21163177490234,
    "tokens_evaluated": 13279917,
    "num_batches": 3052
  }
}