{
  "370M_seed42_case4_dolma_epoch2_wd0.8_lr3e-3": {
    "validation_loss": 5.3935123988989995,
    "perplexity": 219.97463989257812,
    "tokens_evaluated": 13279917,
    "num_batches": 3052
  }
}