{
  "370M_seed42_case4_dolma_epoch1_wd1.6_lr3e-3": {
    "validation_loss": 6.33921821868785,
    "perplexity": 566.3533325195312,
    "tokens_evaluated": 13279917,
    "num_batches": 3052
  }
}