{
  "370M_seed42_case4_dolma_epoch4_wd0.2_lr3e-3": {
    "validation_loss": 3.9613690392865935,
    "perplexity": 52.52919006347656,
    "tokens_evaluated": 13279917,
    "num_batches": 3052
  }
}