{
  "370M_seed42_case4_dolma_epoch16_wd1.6_lr1e-3": {
    "validation_loss": 3.3205447140787028,
    "perplexity": 27.67542266845703,
    "tokens_evaluated": 13279917,
    "num_batches": 3052
  }
}