{
  "370M_seed42_case4_dolma_epoch16_wd0.2_lr1e-4": {
    "validation_loss": 4.0159671671915795,
    "perplexity": 55.47693634033203,
    "tokens_evaluated": 13279917,
    "num_batches": 3052
  }
}