{
  "370M_seed42_case4_dolma_epoch16_wd0.2_lr3e-4": {
    "validation_loss": 3.53578404560191,
    "perplexity": 34.3219108581543,
    "tokens_evaluated": 13279917,
    "num_batches": 3052
  }
}