{
  "370M_seed42_case4_dolma_epoch64_wd0.8_lr3e-4": {
    "validation_loss": 4.487534186067184,
    "perplexity": 88.90194702148438,
    "tokens_evaluated": 13279917,
    "num_batches": 3052
  }
}