{
  "370M_seed42_case4_dolma_epoch4_wd0.2_lr3e-4": {
    "validation_loss": 4.438842805490349,
    "perplexity": 84.67689514160156,
    "tokens_evaluated": 13279917,
    "num_batches": 3052
  }
}