{
  "370M_seed42_case4_dolma_epoch32_wd0.8_lr1e-3": {
    "validation_loss": 3.762478296380495,
    "perplexity": 43.05500030517578,
    "tokens_evaluated": 13279917,
    "num_batches": 3052
  }
}