{
  "370M_seed42_case4_dolma_epoch16_wd1.6_lr3e-3": {
    "validation_loss": 3.380871029377436,
    "perplexity": 29.396366119384766,
    "tokens_evaluated": 13279917,
    "num_batches": 3052
  }
}