{
  "370M_seed42_case4_dolma_epoch32_wd1.6_lr1e-3": {
    "validation_loss": 3.5626870940905837,
    "perplexity": 35.2578125,
    "tokens_evaluated": 13279917,
    "num_batches": 3052
  }
}