{
  "370M_seed42_case4_dolma_epoch16_wd1.6_lr1e-4": {
    "validation_loss": 4.029828354427586,
    "perplexity": 56.25126647949219,
    "tokens_evaluated": 13279917,
    "num_batches": 3052
  }
}