{
  "370M_seed42_case4_dolma_epoch32_wd0.2_lr1e-4": {
    "validation_loss": 3.6650484331831548,
    "perplexity": 39.05802536010742,
    "tokens_evaluated": 13279917,
    "num_batches": 3052
  }
}