{
  "370M_seed42_case4_dolma_epoch8_wd1.6_lr1e-3": {
    "validation_loss": 3.5944391694272615,
    "perplexity": 36.395286560058594,
    "tokens_evaluated": 13279917,
    "num_batches": 3052
  }
}