{
  "370M_seed42_case4_dolma_epoch2_wd0.2_lr3e-3": {
    "validation_loss": 5.4946266836004485,
    "perplexity": 243.380615234375,
    "tokens_evaluated": 13279917,
    "num_batches": 3052
  }
}