{
  "370M_seed42_case4_dolma_epoch32_wd0.1_lr1e-3": {
    "validation_loss": 4.561698489775364,
    "perplexity": 95.74595642089844,
    "tokens_evaluated": 13279917,
    "num_batches": 3052
  }
}