{
  "370M_seed42_case4_dolma_epoch8_wd0.2_lr1e-4": {
    "validation_loss": 4.596557391696118,
    "perplexity": 99.14244079589844,
    "tokens_evaluated": 13279917,
    "num_batches": 3052
  }
}