{
  "370M_seed42_case4_dolma_epoch16_wd0.4_lr1e-4": {
    "validation_loss": 4.015478667040933,
    "perplexity": 55.4498291015625,
    "tokens_evaluated": 13279917,
    "num_batches": 3052
  }
}