{
  "370M_seed42_case4_dolma_epoch8_wd0.2_lr1e-3": {
    "validation_loss": 3.4943850011081934,
    "perplexity": 32.930030822753906,
    "tokens_evaluated": 13279917,
    "num_batches": 3052
  }
}