{
  "370M_seed42_case4_dolma_epoch4_wd0.2_lr1e-3": {
    "validation_loss": 4.024761586534377,
    "perplexity": 55.96696853637695,
    "tokens_evaluated": 13279917,
    "num_batches": 3052
  }
}