{
  "370M_seed42_case4_dolma_epoch64_wd0.8_lr1e-4": {
    "validation_loss": 3.6673183363559247,
    "perplexity": 39.146785736083984,
    "tokens_evaluated": 13279917,
    "num_batches": 3052
  }
}