{
  "370M_seed42_case4_dolma_epoch32_wd0.2_lr1e-3": {
    "validation_loss": 4.389022527951358,
    "perplexity": 80.5616226196289,
    "tokens_evaluated": 13279917,
    "num_batches": 3052
  }
}