{
  "370M_seed42_case4_dolma_epoch2_wd1.6_lr3e-4": {
    "validation_loss": 5.380872306003729,
    "perplexity": 217.21165466308594,
    "tokens_evaluated": 13279917,
    "num_batches": 3052
  }
}