{
  "370M_seed42_case4_dolma_epoch8_wd0.1_lr3e-4": {
    "validation_loss": 3.7694301301633995,
    "perplexity": 43.355350494384766,
    "tokens_evaluated": 13279917,
    "num_batches": 3052
  }
}