{
  "370M_seed42_case4_dolma_epoch2_wd0.1_lr1e-4": {
    "validation_loss": 5.94181530087141,
    "perplexity": 380.6252746582031,
    "tokens_evaluated": 13279917,
    "num_batches": 3052
  }
}