{
  "370M_seed42_case4_dolma_epoch64_wd0.8_lr1e-3": {
    "validation_loss": 4.402769739667095,
    "perplexity": 81.67676544189453,
    "tokens_evaluated": 13279917,
    "num_batches": 3052
  }
}