{
  "370M_seed42_case4_dolma_epoch32_wd0.1_lr1e-4": {
    "validation_loss": 3.6703127268573277,
    "perplexity": 39.26417922973633,
    "tokens_evaluated": 13279917,
    "num_batches": 3052
  }
}