{
  "370M_seed42_case4_dolma_epoch4_wd1.6_lr3e-4": {
    "validation_loss": 4.3985387827757485,
    "perplexity": 81.33192443847656,
    "tokens_evaluated": 13279917,
    "num_batches": 3052
  }
}