{
  "370M_seed42_case4_dolma_epoch16_wd0.4_lr3e-4": {
    "validation_loss": 3.521285353425525,
    "perplexity": 33.827880859375,
    "tokens_evaluated": 13279917,
    "num_batches": 3052
  }
}