{
  "370M_seed42_case4_dolma_epoch4_wd1.6_lr3e-3": {
    "validation_loss": 4.407151378538566,
    "perplexity": 82.03543090820312,
    "tokens_evaluated": 13279917,
    "num_batches": 3052
  }
}