{
  "370M_seed42_case4_dolma_epoch64_wd0.2_lr1e-4": {
    "validation_loss": 3.731630711824897,
    "perplexity": 41.747135162353516,
    "tokens_evaluated": 13279917,
    "num_batches": 3052
  }
}