{
  "370M_seed42_case4_dolma_epoch2_wd0.1_lr3e-3": {
    "validation_loss": 5.4385615744515174,
    "perplexity": 230.1109161376953,
    "tokens_evaluated": 13279917,
    "num_batches": 3052
  }
}