{
  "370M_seed42_case4_dolma_epoch8_wd0.8_lr1e-4": {
    "validation_loss": 4.597230533650778,
    "perplexity": 99.20916748046875,
    "tokens_evaluated": 13279917,
    "num_batches": 3052
  }
}