{
  "370M_seed42_case4_dolma_epoch2_wd1.6_lr1e-3": {
    "validation_loss": 5.275096982072041,
    "perplexity": 195.40940856933594,
    "tokens_evaluated": 13279917,
    "num_batches": 3052
  }
}