{
  "370M_seed42_case4_dolma_epoch8_wd0.8_lr3e-3": {
    "validation_loss": 3.4305860377846975,
    "perplexity": 30.894744873046875,
    "tokens_evaluated": 13279917,
    "num_batches": 3052
  }
}