{
  "370M_seed42_case4_dolma_epoch16_wd0.4_lr3e-3": {
    "validation_loss": 3.345954400982699,
    "perplexity": 28.387657165527344,
    "tokens_evaluated": 13279917,
    "num_batches": 3052
  }
}