{
  "370M_seed42_case4_dolma_epoch64_wd3.2_lr3e-3": {
    "validation_loss": 3.6447212447677453,
    "perplexity": 38.27210235595703,
    "tokens_evaluated": 13279917,
    "num_batches": 3052
  }
}