{
  "370M_seed42_case4_dolma_epoch8_wd0.1_lr1e-4": {
    "validation_loss": 4.586732280596997,
    "perplexity": 98.17311096191406,
    "tokens_evaluated": 13279917,
    "num_batches": 3052
  }
}