{
  "370M_seed42_case4_dolma_epoch1_wd0.1_lr1e-4": {
    "validation_loss": 6.591450106298787,
    "perplexity": 728.8370971679688,
    "tokens_evaluated": 13279917,
    "num_batches": 3052
  }
}