{
  "370M_seed42_case4_dolma_epoch1_wd1.6_lr3e-4": {
    "validation_loss": 6.201076985954207,
    "perplexity": 493.2799987792969,
    "tokens_evaluated": 13279917,
    "num_batches": 3052
  }
}