{
  "370M_seed42_case4_dolma_epoch16_wd1.6_lr3e-4": {
    "validation_loss": 3.4908203110880938,
    "perplexity": 32.8128547668457,
    "tokens_evaluated": 13279917,
    "num_batches": 3052
  }
}