{
  "370M_seed42_case4_dolma_epoch1_wd0.1_lr1e-3": {
    "validation_loss": 6.0646763933462875,
    "perplexity": 430.3833312988281,
    "tokens_evaluated": 13279917,
    "num_batches": 3052
  }
}