{
  "370M_seed42_case4_dolma_epoch8_wd0.2_lr3e-3": {
    "validation_loss": 3.4239154703658623,
    "perplexity": 30.689340591430664,
    "tokens_evaluated": 13279917,
    "num_batches": 3052
  }
}