{
  "370M_seed42_case4_dolma_epoch8_wd0.2_lr3e-4": {
    "validation_loss": 3.7652799432536987,
    "perplexity": 43.1757926940918,
    "tokens_evaluated": 13279917,
    "num_batches": 3052
  }
}