{
  "370M_seed42_case4_dolma_epoch32_wd6.4_lr1e-3": {
    "validation_loss": 4.528947335726595,
    "perplexity": 92.66097259521484,
    "tokens_evaluated": 13279917,
    "num_batches": 3052
  }
}