{
  "370M_seed42_case4_dolma_epoch16_wd0.8_lr1e-4": {
    "validation_loss": 4.018530816225434,
    "perplexity": 55.61933135986328,
    "tokens_evaluated": 13279917,
    "num_batches": 3052
  }
}