{
  "370M_seed42_case4_dolma_epoch8_wd0.8_lr1e-3": {
    "validation_loss": 3.487889037344328,
    "perplexity": 32.71681213378906,
    "tokens_evaluated": 13279917,
    "num_batches": 3052
  }
}