{
  "370M_seed42_case4_dolma_epoch1_wd0.4_lr1e-3": {
    "validation_loss": 6.109720553432181,
    "perplexity": 450.21295166015625,
    "tokens_evaluated": 13279917,
    "num_batches": 3052
  }
}