{
  "370M_seed42_case4_dolma_epoch4_wd0.8_lr1e-4": {
    "validation_loss": 5.319957891706803,
    "perplexity": 204.375244140625,
    "tokens_evaluated": 13279917,
    "num_batches": 3052
  }
}