{
  "370M_seed42_case4_dolma_epoch8_wd0.4_lr3e-4": {
    "validation_loss": 3.7668891144489787,
    "perplexity": 43.245323181152344,
    "tokens_evaluated": 13279917,
    "num_batches": 3052
  }
}