{
  "370M_seed42_case4_dolma_epoch4_wd0.2_lr1e-4": {
    "validation_loss": 5.310817688780047,
    "perplexity": 202.51576232910156,
    "tokens_evaluated": 13279917,
    "num_batches": 3052
  }
}