{
  "370M_seed42_case4_dolma_epoch2_wd1.6_lr1e-4": {
    "validation_loss": 5.956233490942299,
    "perplexity": 386.1529235839844,
    "tokens_evaluated": 13279917,
    "num_batches": 3052
  }
}