{
  "370M_seed42_case4_dolma_epoch32_wd0.2_lr3e-3": {
    "validation_loss": 4.187759585539132,
    "perplexity": 65.8750228881836,
    "tokens_evaluated": 13279917,
    "num_batches": 3052
  }
}