{
  "370M_seed42_case4_dolma_epoch4_wd0.8_lr1e-3": {
    "validation_loss": 4.047306964145412,
    "perplexity": 57.24309539794922,
    "tokens_evaluated": 13279917,
    "num_batches": 3052
  }
}