{
  "370M_seed42_case4_dolma_epoch8_wd0.4_lr1e-3": {
    "validation_loss": 3.4858591271927755,
    "perplexity": 32.65046691894531,
    "tokens_evaluated": 13279917,
    "num_batches": 3052
  }
}