{
  "370M_seed42_case4_dolma_epoch64_wd1.6_lr3e-4": {
    "validation_loss": 4.154343308116237,
    "perplexity": 63.71010208129883,
    "tokens_evaluated": 13279917,
    "num_batches": 3052
  }
}