{
  "370M_seed42_case4_dolma_epoch1_wd0.4_lr3e-3": {
    "validation_loss": 6.264578532211753,
    "perplexity": 525.6199340820312,
    "tokens_evaluated": 13279917,
    "num_batches": 3052
  }
}