{
  "370M_seed42_case4_dolma_epoch32_wd3.2_lr3e-3": {
    "validation_loss": 3.6894829303628,
    "perplexity": 40.024147033691406,
    "tokens_evaluated": 13279917,
    "num_batches": 3052
  }
}