{
  "370M_seed42_case4_dolma_epoch16_wd0.8_lr1e-3": {
    "validation_loss": 3.353954678937876,
    "perplexity": 28.615678787231445,
    "tokens_evaluated": 13279917,
    "num_batches": 3052
  }
}