{
  "370M_seed42_case4_dolma_epoch32_wd3.2_lr3e-4": {
    "validation_loss": 3.6402564203413026,
    "perplexity": 38.10160446166992,
    "tokens_evaluated": 13279917,
    "num_batches": 3052
  }
}