{
  "370M_seed42_case4_dolma_epoch32_wd0.4_lr3e-3": {
    "validation_loss": 3.785615137564548,
    "perplexity": 44.06277084350586,
    "tokens_evaluated": 13279917,
    "num_batches": 3052
  }
}