{
  "370M_seed42_case4_dolma_epoch2_wd0.8_lr3e-4": {
    "validation_loss": 5.370700300988621,
    "perplexity": 215.01339721679688,
    "tokens_evaluated": 13279917,
    "num_batches": 3052
  }
}