{
  "370M_seed42_case4_dolma_epoch1_wd0.8_lr1e-4": {
    "validation_loss": 6.5968073975237616,
    "perplexity": 732.7521362304688,
    "tokens_evaluated": 13279917,
    "num_batches": 3052
  }
}