{
  "370M_seed42_case4_dolma_epoch1_wd0.8_lr3e-3": {
    "validation_loss": 6.379115881738651,
    "perplexity": 589.406494140625,
    "tokens_evaluated": 13279917,
    "num_batches": 3052
  }
}