{
  "370M_seed42_case4_dolma_epoch4_wd0.8_lr3e-4": {
    "validation_loss": 4.443681726673343,
    "perplexity": 85.08763122558594,
    "tokens_evaluated": 13279917,
    "num_batches": 3052
  }
}