{
  "370M_seed42_case4_dolma_epoch1_wd1.6_lr1e-3": {
    "validation_loss": 6.078437783378442,
    "perplexity": 436.3470153808594,
    "tokens_evaluated": 13279917,
    "num_batches": 3052
  }
}