{
  "370M_seed42_case4_dolma_epoch8_wd1.6_lr3e-3": {
    "validation_loss": 3.584899499486221,
    "perplexity": 36.04973220825195,
    "tokens_evaluated": 13279917,
    "num_batches": 3052
  }
}