{
  "370M_seed42_case4_dolma_epoch1_wd1.6_lr1e-4": {
    "validation_loss": 6.602077525073905,
    "perplexity": 736.6239013671875,
    "tokens_evaluated": 13279917,
    "num_batches": 3052
  }
}