{
  "370M_seed42_case4_dolma_epoch4_wd0.4_lr1e-3": {
    "validation_loss": 4.009196656442094,
    "perplexity": 55.10259246826172,
    "tokens_evaluated": 13279917,
    "num_batches": 3052
  }
}