{
  "370M_seed42_case4_dolma_epoch8_wd1.6_lr3e-4": {
    "validation_loss": 3.7739112745366508,
    "perplexity": 43.55006790161133,
    "tokens_evaluated": 13279917,
    "num_batches": 3052
  }
}