{
  "370M_seed42_case4_dolma_epoch4_wd1.6_lr1e-4": {
    "validation_loss": 5.328360949894832,
    "perplexity": 206.0998992919922,
    "tokens_evaluated": 13279917,
    "num_batches": 3052
  }
}