{
  "370M_seed42_case4_dolma_epoch8_wd0.4_lr3e-3": {
    "validation_loss": 3.4139056450106025,
    "perplexity": 30.38368034362793,
    "tokens_evaluated": 13279917,
    "num_batches": 3052
  }
}