{
  "370M_seed42_case4_dolma_epoch4_wd0.8_lr3e-3": {
    "validation_loss": 4.047416874809175,
    "perplexity": 57.24937438964844,
    "tokens_evaluated": 13279917,
    "num_batches": 3052
  }
}