{
  "370M_seed42_case4_dolma_epoch32_wd1.6_lr1e-4": {
    "validation_loss": 3.644799713819924,
    "perplexity": 38.27510452270508,
    "tokens_evaluated": 13279917,
    "num_batches": 3052
  }
}