{
  "370M_seed42_case4_dolma_epoch32_wd0.8_lr3e-4": {
    "validation_loss": 3.7306515840674295,
    "perplexity": 41.706275939941406,
    "tokens_evaluated": 13279917,
    "num_batches": 3052
  }
}