{
  "370M_seed42_case4_dolma_epoch1_wd0.8_lr1e-3": {
    "validation_loss": 6.20027253927676,
    "perplexity": 492.88336181640625,
    "tokens_evaluated": 13279917,
    "num_batches": 3052
  }
}