{
  "370M_seed42_case4_dolma_epoch8_wd0.1_lr1e-3": {
    "validation_loss": 3.5078777173453055,
    "perplexity": 33.37736129760742,
    "tokens_evaluated": 13279917,
    "num_batches": 3052
  }
}