{
  "370M_seed42_case4_dolma_epoch2_wd0.1_lr3e-4": {
    "validation_loss": 5.356711439853802,
    "perplexity": 212.02651977539062,
    "tokens_evaluated": 13279917,
    "num_batches": 3052
  }
}