{
  "370M_seed42_case4_dolma_epoch32_wd0.8_lr1e-4": {
    "validation_loss": 3.6463616051044174,
    "perplexity": 38.33493423461914,
    "tokens_evaluated": 13279917,
    "num_batches": 3052
  }
}