{
  "370M_seed42_case4_dolma_epoch1_wd0.2_lr1e-4": {
    "validation_loss": 6.592800619529651,
    "perplexity": 729.8219604492188,
    "tokens_evaluated": 13279917,
    "num_batches": 3052
  }
}