{
  "370M_seed42_case4_dolma_epoch32_wd1.6_lr3e-4": {
    "validation_loss": 3.6623695763913835,
    "perplexity": 38.95353317260742,
    "tokens_evaluated": 13279917,
    "num_batches": 3052
  }
}