{
  "370M_seed42_case4_dolma_epoch1_wd0.1_lr3e-4": {
    "validation_loss": 6.182045937481492,
    "perplexity": 483.98114013671875,
    "tokens_evaluated": 13279917,
    "num_batches": 3052
  }
}