{
  "370M_seed42_case4_dolma_epoch32_wd0.4_lr3e-4": {
    "validation_loss": 3.8458535243230787,
    "perplexity": 46.798614501953125,
    "tokens_evaluated": 13279917,
    "num_batches": 3052
  }
}