{
  "370M_seed42_case4_dolma_epoch1_wd0.8_lr3e-4": {
    "validation_loss": 6.17023283282757,
    "perplexity": 478.29742431640625,
    "tokens_evaluated": 13279917,
    "num_batches": 3052
  }
}