{
  "370M_seed42_case4_dolma_epoch1_wd0.4_lr3e-4": {
    "validation_loss": 6.181619901063382,
    "perplexity": 483.77508544921875,
    "tokens_evaluated": 13279917,
    "num_batches": 3052
  }
}