{
  "370M_seed42_case4_dolma_epoch64_wd0.1_lr1e-4": {
    "validation_loss": 3.75143726037492,
    "perplexity": 42.582237243652344,
    "tokens_evaluated": 13279917,
    "num_batches": 3052
  }
}