{
  "370M_seed42_case4_dolma_epoch32_wd1.6_lr3e-3": {
    "validation_loss": 3.390504066005593,
    "perplexity": 29.680912017822266,
    "tokens_evaluated": 13279917,
    "num_batches": 3052
  }
}