{
  "370M_seed42_case4_dolma_epoch32_wd0.2_lr3e-4": {
    "validation_loss": 3.9176075597042748,
    "perplexity": 50.280006408691406,
    "tokens_evaluated": 13279917,
    "num_batches": 3052
  }
}