{
  "370M_seed42_case4_dolma_epoch2_wd0.4_lr3e-4": {
    "validation_loss": 5.3555541676540015,
    "perplexity": 211.7812957763672,
    "tokens_evaluated": 13279917,
    "num_batches": 3052
  }
}