{
  "370M_seed42_case4_dolma_epoch1_wd0.2_lr3e-4": {
    "validation_loss": 6.204910361470891,
    "perplexity": 495.1745300292969,
    "tokens_evaluated": 13279917,
    "num_batches": 3052
  }
}