{
  "370M_seed42_case4_dolma_epoch64_wd0.2_lr1e-3": {
    "validation_loss": 5.951000271894348,
    "perplexity": 384.1373596191406,
    "tokens_evaluated": 13279917,
    "num_batches": 3052
  }
}