{
  "370M_seed42_case4_dolma_epoch2_wd0.8_lr1e-3": {
    "validation_loss": 5.212200010446078,
    "perplexity": 183.49734497070312,
    "tokens_evaluated": 13279917,
    "num_batches": 3052
  }
}