{
  "370M_seed42_case4_dolma_epoch2_wd0.2_lr3e-4": {
    "validation_loss": 5.343291665652742,
    "perplexity": 209.20021057128906,
    "tokens_evaluated": 13279917,
    "num_batches": 3052
  }
}