{
  "370M_seed42_case4_dolma_epoch1_wd0.1_lr3e-3": {
    "validation_loss": 6.487385973066481,
    "perplexity": 656.8040771484375,
    "tokens_evaluated": 13279917,
    "num_batches": 3052
  }
}