{
  "370M_seed42_case4_dolma_epoch2_wd0.4_lr1e-3": {
    "validation_loss": 5.142578489889564,
    "perplexity": 171.1565399169922,
    "tokens_evaluated": 13279917,
    "num_batches": 3052
  }
}