{
  "370M_seed42_case4_dolma_epoch64_wd0.4_lr1e-4": {
    "validation_loss": 3.702032361695401,
    "perplexity": 40.52959060668945,
    "tokens_evaluated": 13279917,
    "num_batches": 3052
  }
}