{
  "370M_seed42_case4_dolma_epoch64_wd1.6_lr1e-4": {
    "validation_loss": 3.704083873555495,
    "perplexity": 40.61282730102539,
    "tokens_evaluated": 13279917,
    "num_batches": 3052
  }
}