{
  "370M_seed42_case4_dolma_epoch64_wd0.1_lr1e-3": {
    "validation_loss": 6.552333516936173,
    "perplexity": 700.877685546875,
    "tokens_evaluated": 13279917,
    "num_batches": 3052
  }
}