{
  "370M_seed42_case4_dolma_epoch64_wd6.4_lr1e-3": {
    "validation_loss": 4.525193986661047,
    "perplexity": 92.31385040283203,
    "tokens_evaluated": 13279917,
    "num_batches": 3052
  }
}