{
  "370M_seed42_case4_dolma_epoch4_wd0.1_lr1e-3": {
    "validation_loss": 4.192708099670176,
    "perplexity": 66.20182037353516,
    "tokens_evaluated": 13279917,
    "num_batches": 3052
  }
}