{
  "370M_seed42_case4_dolma_epoch8_wd0.1_lr3e-3": {
    "validation_loss": 3.411476338412509,
    "perplexity": 30.309959411621094,
    "tokens_evaluated": 13279917,
    "num_batches": 3052
  }
}