{
  "370M_seed42_case4_dolma_epoch32_wd3.2_lr1e-3": {
    "validation_loss": 3.642991961094335,
    "perplexity": 38.20597839355469,
    "tokens_evaluated": 13279917,
    "num_batches": 3052
  }
}