{
  "370M_seed42_case4_dolma_epoch4_wd0.1_lr1e-4": {
    "validation_loss": 5.310446482865113,
    "perplexity": 202.4405517578125,
    "tokens_evaluated": 13279917,
    "num_batches": 3052
  }
}