{
  "600M_seed42_case4_dolma_epoch1_wd0.1_lr1e-3": {
    "validation_loss": 2.932314949934339,
    "perplexity": 18.771032333374023,
    "tokens_evaluated": 3478624,
    "num_batches": 794
  }
}