{
  "190M_seed42_case4_dolma_epoch16_wd1.6_lr1e-4": {
    "validation_loss": 4.847994029201184,
    "perplexity": 127.48438262939453,
    "tokens_evaluated": 3478624,
    "num_batches": 794
  }
}