{
  "190M_seed42_case4_dolma_epoch16_wd0.8_lr3e-3": {
    "validation_loss": 3.5927963935506537,
    "perplexity": 36.335540771484375,
    "tokens_evaluated": 3478624,
    "num_batches": 794
  }
}