{
  "190M_seed42_case4_dolma_epoch1_wd0.2_lr3e-3": {
    "validation_loss": 6.9129675770663015,
    "perplexity": 1005.2260131835938,
    "tokens_evaluated": 3478624,
    "num_batches": 794
  }
}