{
  "190M_seed42_case4_dolma_epoch32_wd1.6_lr3e-3": {
    "validation_loss": 3.721121579888139,
    "perplexity": 41.310699462890625,
    "tokens_evaluated": 3478624,
    "num_batches": 794
  }
}