{
  "190M_seed42_case4_dolma_epoch4_wd0.1_lr3e-3": {
    "validation_loss": 5.387214304044187,
    "perplexity": 218.5935821533203,
    "tokens_evaluated": 3478624,
    "num_batches": 794
  }
}