{
  "190M_seed42_case4_dolma_epoch4_wd0.1_lr1e-3": {
    "validation_loss": 5.1459677583049,
    "perplexity": 171.73764038085938,
    "tokens_evaluated": 3478624,
    "num_batches": 794
  }
}