{
  "190M_seed42_case4_dolma_epoch64_wd0.8_lr1e-4": {
    "validation_loss": 3.8890731692071796,
    "perplexity": 48.86557388305664,
    "tokens_evaluated": 3478624,
    "num_batches": 794
  }
}