{
  "190M_seed42_case4_dolma_epoch4_wd0.8_lr1e-3": {
    "validation_loss": 5.222648016539505,
    "perplexity": 185.424560546875,
    "tokens_evaluated": 3478624,
    "num_batches": 794
  }
}