{
  "190M_seed42_case4_dolma_epoch16_wd0.4_lr1e-4": {
    "validation_loss": 4.825216447650058,
    "perplexity": 124.61341857910156,
    "tokens_evaluated": 3478624,
    "num_batches": 794
  }
}