{
  "190M_seed42_case4_dolma_epoch16_wd0.2_lr3e-4": {
    "validation_loss": 3.9790635637119465,
    "perplexity": 53.46693801879883,
    "tokens_evaluated": 3478624,
    "num_batches": 794
  }
}