{
  "190M_seed42_case4_dolma_epoch64_wd0.2_lr3e-4": {
    "validation_loss": 4.78030136440926,
    "perplexity": 119.14027404785156,
    "tokens_evaluated": 3478624,
    "num_batches": 794
  }
}