{
  "190M_seed42_case4_dolma_epoch1_wd0.1_lr3e-3": {
    "validation_loss": 6.950069243856147,
    "perplexity": 1043.22216796875,
    "tokens_evaluated": 3478624,
    "num_batches": 794
  }
}