{
  "190M_seed42_case4_dolma_epoch64_wd0.1_lr1e-3": {
    "validation_loss": 6.230101821791192,
    "perplexity": 507.80706787109375,
    "tokens_evaluated": 3478624,
    "num_batches": 794
  }
}