{
  "190M_seed42_case4_dolma_epoch4_wd0.4_lr3e-3": {
    "validation_loss": 5.326203550950233,
    "perplexity": 205.6556854248047,
    "tokens_evaluated": 3478624,
    "num_batches": 794
  }
}