{
  "190M_seed42_case4_dolma_epoch64_wd0.4_lr1e-4": {
    "validation_loss": 3.901112357637563,
    "perplexity": 49.45743179321289,
    "tokens_evaluated": 3478624,
    "num_batches": 794
  }
}