{
  "190M_seed42_case4_dolma_epoch4_wd0.4_lr3e-4": {
    "validation_loss": 5.427746182885909,
    "perplexity": 227.63565063476562,
    "tokens_evaluated": 3478624,
    "num_batches": 794
  }
}