{
  "190M_seed42_case4_dolma_epoch4_wd0.8_lr3e-4": {
    "validation_loss": 5.405812719126244,
    "perplexity": 222.6971435546875,
    "tokens_evaluated": 3478624,
    "num_batches": 794
  }
}