{
  "190M_seed42_case4_dolma_epoch64_wd1.6_lr3e-4": {
    "validation_loss": 4.105471549533778,
    "perplexity": 60.67135238647461,
    "tokens_evaluated": 3478624,
    "num_batches": 794
  }
}