{
  "190M_seed42_case4_dolma_epoch4_wd0.4_lr1e-4": {
    "validation_loss": 6.1187417394769,
    "perplexity": 454.2926025390625,
    "tokens_evaluated": 3478624,
    "num_batches": 794
  }
}