{
  "190M_seed42_case4_dolma_epoch1_wd0.1_lr1e-3": {
    "validation_loss": 6.6618085929617035,
    "perplexity": 781.9638061523438,
    "tokens_evaluated": 3478624,
    "num_batches": 794
  }
}