{
  "190M_seed42_case4_dolma_epoch64_wd0.8_lr3e-4": {
    "validation_loss": 4.334019031556416,
    "perplexity": 76.25013732910156,
    "tokens_evaluated": 3478624,
    "num_batches": 794
  }
}