{
  "190M_seed42_case4_dolma_epoch4_wd0.2_lr3e-4": {
    "validation_loss": 5.408658972181893,
    "perplexity": 223.33189392089844,
    "tokens_evaluated": 3478624,
    "num_batches": 794
  }
}