{
  "190M_seed42_case4_dolma_epoch2_wd0.1_lr1e-3": {
    "validation_loss": 5.951969364190859,
    "perplexity": 384.5097351074219,
    "tokens_evaluated": 3478624,
    "num_batches": 794
  }
}