{
  "190M_seed42_case4_dolma_epoch2_wd0.1_lr3e-3": {
    "validation_loss": 6.211438438000535,
    "perplexity": 498.41778564453125,
    "tokens_evaluated": 3478624,
    "num_batches": 794
  }
}