{
  "190M_seed42_case4_dolma_epoch64_wd0.2_lr1e-3": {
    "validation_loss": 5.876745211067787,
    "perplexity": 356.64654541015625,
    "tokens_evaluated": 3478624,
    "num_batches": 794
  }
}