{
  "190M_seed42_case4_dolma_epoch16_wd0.2_lr3e-3": {
    "validation_loss": 3.692745447678607,
    "perplexity": 40.154937744140625,
    "tokens_evaluated": 3478624,
    "num_batches": 794
  }
}