{
  "190M_seed42_case4_dolma_epoch64_wd0.4_lr3e-4": {
    "validation_loss": 4.602673207324016,
    "perplexity": 99.75059509277344,
    "tokens_evaluated": 3478624,
    "num_batches": 794
  }
}