{
  "190M_seed42_case4_dolma_epoch4_wd1.6_lr1e-3": {
    "validation_loss": 5.2698038831398835,
    "perplexity": 194.3778533935547,
    "tokens_evaluated": 3478624,
    "num_batches": 794
  }
}