{
  "190M_seed42_case4_dolma_epoch16_wd1.6_lr1e-3": {
    "validation_loss": 3.675902470535494,
    "perplexity": 39.48426818847656,
    "tokens_evaluated": 3478624,
    "num_batches": 794
  }
}