{
  "190M_seed42_case4_dolma_epoch16_wd0.4_lr1e-3": {
    "validation_loss": 3.6618902816715613,
    "perplexity": 38.934871673583984,
    "tokens_evaluated": 3478624,
    "num_batches": 794
  }
}