{
  "190M_seed42_case4_dolma_epoch4_wd1.6_lr1e-4": {
    "validation_loss": 6.131889794047787,
    "perplexity": 460.30523681640625,
    "tokens_evaluated": 3478624,
    "num_batches": 794
  }
}