{
  "190M_seed42_case4_dolma_epoch4_wd1.6_lr3e-3": {
    "validation_loss": 5.596294642295277,
    "perplexity": 269.4263000488281,
    "tokens_evaluated": 3478624,
    "num_batches": 794
  }
}