{
  "190M_seed42_case4_dolma_epoch4_wd0.8_lr3e-3": {
    "validation_loss": 5.37584544628741,
    "perplexity": 216.1225128173828,
    "tokens_evaluated": 3478624,
    "num_batches": 794
  }
}