{
  "190M_seed42_case4_dolma_epoch64_wd0.4_lr1e-3": {
    "validation_loss": 5.326025043808181,
    "perplexity": 205.6190185546875,
    "tokens_evaluated": 3478624,
    "num_batches": 794
  }
}