{
  "190M_seed42_case4_dolma_epoch16_wd0.8_lr1e-3": {
    "validation_loss": 3.640216505497778,
    "perplexity": 38.1000862121582,
    "tokens_evaluated": 3478624,
    "num_batches": 794
  }
}