{
  "190M_seed42_case4_dolma_epoch64_wd1.6_lr1e-4": {
    "validation_loss": 3.8947621653913345,
    "perplexity": 49.144371032714844,
    "tokens_evaluated": 3478624,
    "num_batches": 794
  }
}