{
  "190M_seed42_case4_dolma_epoch16_wd0.4_lr3e-4": {
    "validation_loss": 3.9780850168549042,
    "perplexity": 53.414649963378906,
    "tokens_evaluated": 3478624,
    "num_batches": 794
  }
}