{
  "190M_seed42_case4_dolma_epoch4_wd0.2_lr1e-3": {
    "validation_loss": 5.220562656187161,
    "perplexity": 185.03823852539062,
    "tokens_evaluated": 3478624,
    "num_batches": 794
  }
}