{
  "190M_seed42_case4_dolma_epoch16_wd0.1_lr3e-3": {
    "validation_loss": 3.691629283267451,
    "perplexity": 40.11014175415039,
    "tokens_evaluated": 3478624,
    "num_batches": 794
  }
}