{
  "190M_seed42_case4_dolma_epoch64_wd1.6_lr3e-3": {
    "validation_loss": 3.862894964449305,
    "perplexity": 47.602962493896484,
    "tokens_evaluated": 3478624,
    "num_batches": 794
  }
}