{
  "190M_seed42_case4_dolma_epoch64_wd1.6_lr1e-3": {
    "validation_loss": 4.149499994550422,
    "perplexity": 63.40228271484375,
    "tokens_evaluated": 3478624,
    "num_batches": 794
  }
}