{
  "190M_seed42_case4_dolma_epoch4_wd1.6_lr3e-4": {
    "validation_loss": 5.4523585489353374,
    "perplexity": 233.30783081054688,
    "tokens_evaluated": 3478624,
    "num_batches": 794
  }
}