{
  "190M_seed42_case4_dolma_epoch64_wd0.2_lr3e-3": {
    "validation_loss": 5.698947183643276,
    "perplexity": 298.5528564453125,
    "tokens_evaluated": 3478624,
    "num_batches": 794
  }
}