{
  "190M_seed42_case4_dolma_epoch4_wd0.1_lr3e-4": {
    "validation_loss": 5.400226521887004,
    "perplexity": 221.4565887451172,
    "tokens_evaluated": 3478624,
    "num_batches": 794
  }
}