{
  "190M_seed42_case4_dolma_epoch64_wd0.1_lr3e-4": {
    "validation_loss": 4.867950240203297,
    "perplexity": 130.05409240722656,
    "tokens_evaluated": 3478624,
    "num_batches": 794
  }
}