{
  "190M_seed42_case4_dolma_epoch64_wd0.1_lr1e-4": {
    "validation_loss": 3.9192530922147215,
    "perplexity": 50.362815856933594,
    "tokens_evaluated": 3478624,
    "num_batches": 794
  }
}