{
  "190M_seed42_case4_dolma_epoch4_wd0.4_lr1e-3": {
    "validation_loss": 5.204978418743684,
    "perplexity": 182.1769561767578,
    "tokens_evaluated": 3478624,
    "num_batches": 794
  }
}