{
  "100M_seed42_case4_dolma_epoch1_wd0.1_lr3e-3": {
    "validation_loss": 7.871312437880655,
    "perplexity": 2621.003662109375,
    "tokens_evaluated": 3478624,
    "num_batches": 794
  }
}