{
  "600M_seed42_case4_dolma_epoch1_wd0.1_lr3e-3": {
    "validation_loss": 2.7272566577667456,
    "perplexity": 15.29088306427002,
    "tokens_evaluated": 3478624,
    "num_batches": 794
  }
}