{
  "30M_seed42_dolma_selfdistill_K4_wd0.1_lr3e-3": {
    "validation_loss": 5.088701532428057,
    "perplexity": 162.17916870117188,
    "tokens_evaluated": 3478624,
    "num_batches": 794
  }
}