{
  "30M_seed42_dolma_selfdistill_K8_wd0.2_lr1e-3": {
    "validation_loss": 4.589628529515528,
    "perplexity": 98.4578628540039,
    "tokens_evaluated": 3478624,
    "num_batches": 794
  }
}