{
  "30M_seed42_dolma_selfdistill_K8_wd0.1_lr1e-3": {
    "validation_loss": 4.578282794283723,
    "perplexity": 97.34709167480469,
    "tokens_evaluated": 3478624,
    "num_batches": 794
  }
}