{
  "30M_seed42_dolma_selfdistill_K1_wd0.4_lr3e-3": {
    "validation_loss": 6.612932478089644,
    "perplexity": 744.6636962890625,
    "tokens_evaluated": 3478624,
    "num_batches": 794
  }
}