{
  "30M_seed42_dolma_selfdistill_K16_wd0.2_lr3e-3": {
    "validation_loss": 4.056352014325901,
    "perplexity": 57.763214111328125,
    "tokens_evaluated": 3478624,
    "num_batches": 794
  }
}