{
  "30M_seed42_dolma_selfdistill_K4_wd0.4_lr1e-3": {
    "validation_loss": 5.280287380636621,
    "perplexity": 196.42630004882812,
    "tokens_evaluated": 3478624,
    "num_batches": 794
  }
}