{
  "30M_seed42_dolma_selfdistill_K16_wd0.1_lr3e-3": {
    "validation_loss": 4.028052145391666,
    "perplexity": 56.15143966674805,
    "tokens_evaluated": 3478624,
    "num_batches": 794
  }
}