{
  "30M_seed42_dolma_selfdistill_K1_wd0.2_lr1e-3": {
    "validation_loss": 6.647057948230527,
    "perplexity": 770.51416015625,
    "tokens_evaluated": 3478624,
    "num_batches": 794
  }
}