{
  "30M_seed42_dolma_selfdistill_K16_wd0.4_lr1e-3": {
    "validation_loss": 4.2266931210006184,
    "perplexity": 68.49037170410156,
    "tokens_evaluated": 3478624,
    "num_batches": 794
  }
}