{
  "30M_seed42_dolma_selfdistill_K8_wd0.2_lr3e-3": {
    "validation_loss": 4.3068566966651405,
    "perplexity": 74.20686340332031,
    "tokens_evaluated": 3478624,
    "num_batches": 794
  }
}