{
  "30M_seed42_dolma_selfdistill_K8_wd0.4_lr3e-3": {
    "validation_loss": 4.3675028987923366,
    "perplexity": 78.84648132324219,
    "tokens_evaluated": 3478624,
    "num_batches": 794
  }
}