{
  "30M_seed42_dolma_selfdistill_K2_wd0.1_lr3e-3": {
    "validation_loss": 5.734212905878315,
    "perplexity": 309.2694396972656,
    "tokens_evaluated": 3478624,
    "num_batches": 794
  }
}