{
  "30M_seed42_dolma_selfdistill_K8_wd0.4_lr1e-3": {
    "validation_loss": 4.6082794966520435,
    "perplexity": 100.31143951416016,
    "tokens_evaluated": 3478624,
    "num_batches": 794
  }
}