{
  "30M_seed42_dolma_selfdistill_K16_wd0.4_lr3e-3": {
    "validation_loss": 4.1040889298503425,
    "perplexity": 60.5875129699707,
    "tokens_evaluated": 3478624,
    "num_batches": 794
  }
}