{
  "30M_seed42_dolma_selfdistill_K8_wd0.1_lr3e-3": {
    "validation_loss": 4.357161045815772,
    "perplexity": 78.0352783203125,
    "tokens_evaluated": 3478624,
    "num_batches": 794
  }
}