{
  "30M_seed42_dolma_selfdistill_K2_wd0.4_lr3e-3": {
    "validation_loss": 5.835271486850498,
    "perplexity": 342.1575622558594,
    "tokens_evaluated": 3478624,
    "num_batches": 794
  }
}