{
  "30M_seed42_dolma_selfdistill_K4_wd0.2_lr1e-3": {
    "validation_loss": 5.256971822092946,
    "perplexity": 191.89950561523438,
    "tokens_evaluated": 3478624,
    "num_batches": 794
  }
}