{
  "14M_seed42_case4_dolma_epoch1_wd0.1_lr3e-3": {
    "validation_loss": 5.307513935874074,
    "perplexity": 201.84774780273438,
    "tokens_evaluated": 3478624,
    "num_batches": 794
  }
}