{
  "14M_seed42_case4_dolma_epoch4_wd0.1_lr3e-3": {
    "validation_loss": 4.408174746462475,
    "perplexity": 82.11941528320312,
    "tokens_evaluated": 3478624,
    "num_batches": 794
  }
}