{
  "14M_seed42_case4_dolma_epoch8_wd0.1_lr3e-3": {
    "validation_loss": 4.222801738518885,
    "perplexity": 68.22435760498047,
    "tokens_evaluated": 3478624,
    "num_batches": 794
  }
}