{
  "14M_seed42_case4_dolma_epoch2_wd0.1_lr3e-3": {
    "validation_loss": 4.700721483571768,
    "perplexity": 110.02650451660156,
    "tokens_evaluated": 3478624,
    "num_batches": 794
  }
}