{
  "14M_seed42_case4_dolma_epoch16_wd0.1_lr3e-3": {
    "validation_loss": 4.110940105716122,
    "perplexity": 61.004032135009766,
    "tokens_evaluated": 3478624,
    "num_batches": 794
  }
}