{
  "60M_seed42_dolma_para_K2_wd0.1_lr3e-3": {
    "validation_loss": 3.407109929272456,
    "perplexity": 30.17790412902832,
    "tokens_evaluated": 3478624,
    "num_batches": 794
  }
}