{
  "60M_seed42_dolma_para_K2_wd0.2_lr1e-3": {
    "validation_loss": 3.5060134213656795,
    "perplexity": 33.315189361572266,
    "tokens_evaluated": 3478624,
    "num_batches": 794
  }
}