{
  "60M_seed42_dolma_para_K1_wd0.2_lr1e-3": {
    "validation_loss": 3.539709985442071,
    "perplexity": 34.45692825317383,
    "tokens_evaluated": 3478624,
    "num_batches": 794
  }
}