{
  "60M_seed42_dolma_para_K1_wd0.1_lr1e-3": {
    "validation_loss": 3.5442313805104764,
    "perplexity": 34.61307144165039,
    "tokens_evaluated": 3478624,
    "num_batches": 794
  }
}