{
  "60M_seed42_dolma_para_K8_wd0.1_lr3e-3": {
    "validation_loss": 3.3159109280864247,
    "perplexity": 27.547473907470703,
    "tokens_evaluated": 3478624,
    "num_batches": 794
  }
}