{
  "60M_seed42_dolma_para_K4_wd0.2_lr1e-3": {
    "validation_loss": 3.4356685030185874,
    "perplexity": 31.052162170410156,
    "tokens_evaluated": 3478624,
    "num_batches": 794
  }
}