{
  "60M_seed42_dolma_para_K8_wd0.1_lr1e-3": {
    "validation_loss": 3.3765088458181713,
    "perplexity": 29.268415451049805,
    "tokens_evaluated": 3478624,
    "num_batches": 794
  }
}