{
  "60M_seed42_dolma_para_K2_wd0.2_lr3e-3": {
    "validation_loss": 3.4085216437821617,
    "perplexity": 30.220535278320312,
    "tokens_evaluated": 3478624,
    "num_batches": 794
  }
}