{
  "60M_seed42_dolma_para_K4_wd0.1_lr3e-3": {
    "validation_loss": 3.363738640332861,
    "perplexity": 28.897022247314453,
    "tokens_evaluated": 3478624,
    "num_batches": 794
  }
}