{
  "60M_seed42_dolma_para_K8_wd0.2_lr3e-3": {
    "validation_loss": 3.3355851624371176,
    "perplexity": 28.094818115234375,
    "tokens_evaluated": 3478624,
    "num_batches": 794
  }
}