{
  "60M_seed42_dolma_para_K2_wd0.1_lr1e-3": {
    "validation_loss": 3.501799836541645,
    "perplexity": 33.175106048583984,
    "tokens_evaluated": 3478624,
    "num_batches": 794
  }
}