{
  "30M_seed42_dolma_para_K2_wd0.1_lr1e-3": {
    "validation_loss": 6.0893946084626425,
    "perplexity": 441.15423583984375,
    "tokens_evaluated": 3478624,
    "num_batches": 794
  }
}