{
  "30M_seed42_dolma_para_K4_wd0.2_lr1e-3": {
    "validation_loss": 5.771740507250271,
    "perplexity": 321.0960998535156,
    "tokens_evaluated": 3478624,
    "num_batches": 794
  }
}