{
  "30M_seed42_dolma_para_K2_wd0.1_lr3e-3": {
    "validation_loss": 5.8499706690497,
    "perplexity": 347.2242431640625,
    "tokens_evaluated": 3478624,
    "num_batches": 794
  }
}