{
  "30M_seed42_dolma_para_K1_wd0.2_lr1e-3": {
    "validation_loss": 6.2901869322613715,
    "perplexity": 539.2540893554688,
    "tokens_evaluated": 3478624,
    "num_batches": 794
  }
}