{
  "30M_seed42_dolma_para_K8_wd0.2_lr1e-3": {
    "validation_loss": 5.373087986366543,
    "perplexity": 215.52735900878906,
    "tokens_evaluated": 3478624,
    "num_batches": 794
  }
}