{
  "30M_seed42_dolma_para_K2_wd0.2_lr1e-3": {
    "validation_loss": 6.086395177487025,
    "perplexity": 439.83306884765625,
    "tokens_evaluated": 3478624,
    "num_batches": 794
  }
}