{
  "30M_seed42_dolma_para_K8_wd0.2_lr3e-3": {
    "validation_loss": 5.110289124874812,
    "perplexity": 165.71826171875,
    "tokens_evaluated": 3478624,
    "num_batches": 794
  }
}