{
  "30M_seed42_dolma_para_K8_wd0.1_lr3e-3": {
    "validation_loss": 5.060332251001716,
    "perplexity": 157.6428985595703,
    "tokens_evaluated": 3478624,
    "num_batches": 794
  }
}