{
  "30M_seed42_dolma_para_K1_wd0.1_lr3e-3": {
    "validation_loss": 6.1488632153301,
    "perplexity": 468.1849060058594,
    "tokens_evaluated": 3478624,
    "num_batches": 794
  }
}