{
  "30M_seed42_dolma_para_K4_wd0.1_lr1e-3": {
    "validation_loss": 5.763517685530974,
    "perplexity": 318.4666748046875,
    "tokens_evaluated": 3478624,
    "num_batches": 794
  }
}