{
  "30M_seed42_dolma_para_K2_wd0.2_lr3e-3": {
    "validation_loss": 5.898491177019411,
    "perplexity": 364.4871826171875,
    "tokens_evaluated": 3478624,
    "num_batches": 794
  }
}