{
  "30M_seed42_dolma_para_K8_wd0.1_lr1e-3": {
    "validation_loss": 5.360670040926878,
    "perplexity": 212.86753845214844,
    "tokens_evaluated": 3478624,
    "num_batches": 794
  }
}