{
  "30M_seed42_dolma_para_K4_wd0.2_lr3e-3": {
    "validation_loss": 5.575006136964892,
    "perplexity": 263.7511291503906,
    "tokens_evaluated": 3478624,
    "num_batches": 794
  }
}