{
  "60M_seed42_case4_dolma_epoch8_wd0.1_lr1e-3": {
    "validation_loss": 3.2250305572035045,
    "perplexity": 25.15434455871582,
    "tokens_evaluated": 3478624,
    "num_batches": 794
  }
}