{
  "60M_seed42_case4_dolma_epoch32_wd0.4_lr1e-3": {
    "validation_loss": 3.1915508322795723,
    "perplexity": 24.326122283935547,
    "tokens_evaluated": 3478624,
    "num_batches": 794
  }
}