{
  "60M_seed42_case4_dolma_epoch1_wd0.1_lr1e-3": {
    "validation_loss": 3.6284199903040864,
    "perplexity": 37.65327453613281,
    "tokens_evaluated": 3478624,
    "num_batches": 794
  }
}