{
  "60M_seed42_case4_dolma_epoch4_wd0.1_lr1e-3": {
    "validation_loss": 3.300981816252656,
    "perplexity": 27.139270782470703,
    "tokens_evaluated": 3478624,
    "num_batches": 794
  }
}