{
  "60M_seed42_case4_dolma_epoch32_wd0.4_lr1e-3": {
    "validation_loss": 3.6685263462577757,
    "perplexity": 39.19410705566406,
    "tokens_evaluated": 3478624,
    "num_batches": 794
  }
}