{
  "60M_seed42_case4_dolma_epoch4_wd0.1_lr1e-3": {
    "validation_loss": 4.843875838162544,
    "perplexity": 126.96048736572266,
    "tokens_evaluated": 3478624,
    "num_batches": 794
  }
}