{
  "60M_seed42_case4_dolma_epoch16_wd0.2_lr1e-3": {
    "validation_loss": 3.7426802755653394,
    "perplexity": 42.210975646972656,
    "tokens_evaluated": 3478624,
    "num_batches": 794
  }
}