{
  "60M_seed42_case4_dolma_epoch2_wd0.1_lr1e-3": {
    "validation_loss": 5.70345047582257,
    "perplexity": 299.9004821777344,
    "tokens_evaluated": 3478624,
    "num_batches": 794
  }
}