{
  "60M_seed42_case4_dolma_epoch64_wd0.4_lr1e-3": {
    "validation_loss": 3.761007081829895,
    "perplexity": 42.99169921875,
    "tokens_evaluated": 3478624,
    "num_batches": 794
  }
}