{
  "60M_seed42_case4_dolma_epoch8_wd0.1_lr1e-3": {
    "validation_loss": 4.098364303529773,
    "perplexity": 60.24167251586914,
    "tokens_evaluated": 3478624,
    "num_batches": 794
  }
}