{
  "14M_seed42_dolma_para_K8_wd0.1_lr3e-3": {
    "validation_loss": 4.178514948308561,
    "perplexity": 65.26885223388672,
    "tokens_evaluated": 3478624,
    "num_batches": 794
  }
}