{
  "14M_seed42_dolma_para_K2_wd0.1_lr3e-3": {
    "validation_loss": 4.307203374101166,
    "perplexity": 74.23258972167969,
    "tokens_evaluated": 3478624,
    "num_batches": 794
  }
}