{
  "14M_seed42_dolma_para_K1_wd0.1_lr3e-3": {
    "validation_loss": 4.34787080535921,
    "perplexity": 77.31367492675781,
    "tokens_evaluated": 3478624,
    "num_batches": 794
  }
}