{
  "14M_seed42_dolma_para_K8_wd0.2_lr3e-3": {
    "validation_loss": 4.199439870707723,
    "perplexity": 66.64899444580078,
    "tokens_evaluated": 3478624,
    "num_batches": 794
  }
}