{
  "14M_seed42_dolma_para_K1_wd0.2_lr3e-3": {
    "validation_loss": 4.3635874577535905,
    "perplexity": 78.53837585449219,
    "tokens_evaluated": 3478624,
    "num_batches": 794
  }
}