{
  "14M_seed42_dolma_para_K2_wd0.2_lr3e-3": {
    "validation_loss": 4.309650964184335,
    "perplexity": 74.41450500488281,
    "tokens_evaluated": 3478624,
    "num_batches": 794
  }
}