{
  "14M_seed42_case4_dolma_epoch2_wd0.4_lr3e-4": {
    "validation_loss": 6.57782354694106,
    "perplexity": 718.972900390625,
    "tokens_evaluated": 3478624,
    "num_batches": 794
  }
}