{
  "14M_seed42_case4_dolma_epoch2_wd0.4_lr1e-4": {
    "validation_loss": 8.140490022593838,
    "perplexity": 3430.596923828125,
    "tokens_evaluated": 3478624,
    "num_batches": 794
  }
}