{
  "14M_seed42_case4_dolma_epoch32_wd0.8_lr3e-3": {
    "validation_loss": 4.36830567571851,
    "perplexity": 78.90982055664062,
    "tokens_evaluated": 3478624,
    "num_batches": 794
  }
}