{
  "14M_seed42_case4_dolma_epoch1_wd0.2_lr1e-3": {
    "validation_loss": 6.354913375177786,
    "perplexity": 575.3124389648438,
    "tokens_evaluated": 3478624,
    "num_batches": 794
  }
}