{
  "14M_seed42_case4_dolma_epoch1_wd0.1_lr3e-3": {
    "validation_loss": 6.00818412051068,
    "perplexity": 406.7439880371094,
    "tokens_evaluated": 3478624,
    "num_batches": 794
  }
}