{
  "14M_seed42_case4_dolma_epoch2_wd0.4_lr3e-3": {
    "validation_loss": 5.378375031429678,
    "perplexity": 216.66990661621094,
    "tokens_evaluated": 3478624,
    "num_batches": 794
  }
}