{
  "14M_seed42_case4_dolma_epoch2_wd0.1_lr3e-4": {
    "validation_loss": 6.547414579062233,
    "perplexity": 697.4387817382812,
    "tokens_evaluated": 3478624,
    "num_batches": 794
  }
}