{
  "14M_seed42_case4_dolma_epoch4_wd0.1_lr1e-4": {
    "validation_loss": 6.943062974352431,
    "perplexity": 1035.938232421875,
    "tokens_evaluated": 3478624,
    "num_batches": 794
  }
}