{
  "14M_seed42_case4_dolma_epoch4_wd0.2_lr3e-4": {
    "validation_loss": 5.891023464003386,
    "perplexity": 361.7754211425781,
    "tokens_evaluated": 3478624,
    "num_batches": 794
  }
}