{
  "14M_seed42_case4_dolma_epoch1_wd0.1_lr1e-3": {
    "validation_loss": 6.3523119446461624,
    "perplexity": 573.81787109375,
    "tokens_evaluated": 3478624,
    "num_batches": 794
  }
}