{
  "14M_seed42_case4_dolma_epoch8_wd0.1_lr3e-3": {
    "validation_loss": 4.408740542071758,
    "perplexity": 82.16590881347656,
    "tokens_evaluated": 3478624,
    "num_batches": 794
  }
}