{
  "14M_seed42_case4_dolma_epoch4_wd0.1_lr1e-3": {
    "validation_loss": 5.122952751248029,
    "perplexity": 167.83023071289062,
    "tokens_evaluated": 3478624,
    "num_batches": 794
  }
}