{
  "14M_seed42_case4_dolma_epoch1_wd0.8_lr3e-4": {
    "validation_loss": 7.644079880429868,
    "perplexity": 2088.245849609375,
    "tokens_evaluated": 3478624,
    "num_batches": 794
  }
}