{
  "14M_seed42_case4_dolma_epoch4_wd1.6_lr1e-3": {
    "validation_loss": 5.482511237881209,
    "perplexity": 240.44972229003906,
    "tokens_evaluated": 3478624,
    "num_batches": 794
  }
}