{
  "14M_seed42_case4_dolma_epoch4_wd0.8_lr1e-3": {
    "validation_loss": 5.2444833137899405,
    "perplexity": 189.5178985595703,
    "tokens_evaluated": 3478624,
    "num_batches": 794
  }
}