{
  "14M_seed42_case4_dolma_epoch1_wd0.2_lr3e-4": {
    "validation_loss": 7.588758160997846,
    "perplexity": 1975.85791015625,
    "tokens_evaluated": 3478624,
    "num_batches": 794
  }
}