{
  "14M_seed42_case4_dolma_epoch1_wd0.2_lr3e-3": {
    "validation_loss": 6.095310613787008,
    "perplexity": 443.77191162109375,
    "tokens_evaluated": 3478624,
    "num_batches": 794
  }
}