{
  "14M_seed42_case4_dolma_epoch4_wd0.4_lr1e-4": {
    "validation_loss": 6.975278674192547,
    "perplexity": 1069.85546875,
    "tokens_evaluated": 3478624,
    "num_batches": 794
  }
}