{
  "14M_seed42_case4_dolma_epoch16_wd0.1_lr3e-3": {
    "validation_loss": 4.237905429170997,
    "perplexity": 69.26262664794922,
    "tokens_evaluated": 3478624,
    "num_batches": 794
  }
}