{
  "14M_seed42_case4_dolma_epoch4_wd0.2_lr1e-3": {
    "validation_loss": 5.13560667740409,
    "perplexity": 169.96742248535156,
    "tokens_evaluated": 3478624,
    "num_batches": 794
  }
}