{
  "14M_seed42_case4_dolma_epoch32_wd0.4_lr3e-3": {
    "validation_loss": 4.201236169529716,
    "perplexity": 66.7688217163086,
    "tokens_evaluated": 3478624,
    "num_batches": 794
  }
}