{
  "14M_seed42_case4_dolma_epoch4_wd0.4_lr3e-4": {
    "validation_loss": 5.910360998463738,
    "perplexity": 368.8392028808594,
    "tokens_evaluated": 3478624,
    "num_batches": 794
  }
}