{
  "14M_seed42_case4_dolma_epoch4_wd1.6_lr3e-4": {
    "validation_loss": 6.049127169515226,
    "perplexity": 423.74298095703125,
    "tokens_evaluated": 3478624,
    "num_batches": 794
  }
}