{
  "14M_seed42_case4_dolma_epoch2_wd0.1_lr1e-3": {
    "validation_loss": 5.664636613921149,
    "perplexity": 288.4831237792969,
    "tokens_evaluated": 3478624,
    "num_batches": 794
  }
}