{
  "14M_seed42_case4_dolma_epoch32_wd1.6_lr3e-3": {
    "validation_loss": 4.701192926351434,
    "perplexity": 110.07839965820312,
    "tokens_evaluated": 3478624,
    "num_batches": 794
  }
}