{
  "14M_seed42_case4_dolma_epoch2_wd0.8_lr1e-3": {
    "validation_loss": 5.760779822136008,
    "perplexity": 317.5959167480469,
    "tokens_evaluated": 3478624,
    "num_batches": 794
  }
}