{
  "14M_seed42_case4_dolma_epoch2_wd0.1_lr1e-4": {
    "validation_loss": 8.117547568091265,
    "perplexity": 3352.78955078125,
    "tokens_evaluated": 3478624,
    "num_batches": 794
  }
}