{
  "14M_seed42_case4_dolma_epoch2_wd1.6_lr1e-4": {
    "validation_loss": 8.23272987705479,
    "perplexity": 3762.08984375,
    "tokens_evaluated": 3478624,
    "num_batches": 794
  }
}