{
  "14M_seed42_case4_dolma_epoch4_wd1.6_lr3e-3": {
    "validation_loss": 5.26780204952267,
    "perplexity": 193.98915100097656,
    "tokens_evaluated": 3478624,
    "num_batches": 794
  }
}