{
  "14M_seed42_case4_dolma_epoch2_wd0.8_lr3e-3": {
    "validation_loss": 5.483327454590792,
    "perplexity": 240.64610290527344,
    "tokens_evaluated": 3478624,
    "num_batches": 794
  }
}