{
  "14M_seed42_case4_dolma_epoch1_wd1.6_lr1e-4": {
    "validation_loss": 9.340169489009204,
    "perplexity": 11386.3427734375,
    "tokens_evaluated": 3478624,
    "num_batches": 794
  }
}