{
  "14M_seed42_case4_dolma_epoch1_wd1.6_lr3e-3": {
    "validation_loss": 6.302680680575181,
    "perplexity": 546.0335693359375,
    "tokens_evaluated": 3478624,
    "num_batches": 794
  }
}