{
  "14M_seed42_case4_dolma_epoch32_wd0.2_lr3e-3": {
    "validation_loss": 4.18149042487889,
    "perplexity": 65.46334838867188,
    "tokens_evaluated": 3478624,
    "num_batches": 794
  }
}