{
  "14M_seed42_case4_dolma_epoch1_wd0.1_lr3e-4": {
    "validation_loss": 7.579700994835036,
    "perplexity": 1958.0433349609375,
    "tokens_evaluated": 3478624,
    "num_batches": 794
  }
}