{
  "14M_seed42_case4_dolma_epoch4_wd0.2_lr3e-3": {
    "validation_loss": 4.8592784823024,
    "perplexity": 128.93116760253906,
    "tokens_evaluated": 3478624,
    "num_batches": 794
  }
}