{
  "14M_seed42_case4_dolma_epoch4_wd0.1_lr3e-3": {
    "validation_loss": 4.744552409475521,
    "perplexity": 114.95636749267578,
    "tokens_evaluated": 3478624,
    "num_batches": 794
  }
}