{
  "14M_seed42_case4_dolma_epoch1_wd0.4_lr1e-3": {
    "validation_loss": 6.382058258338777,
    "perplexity": 591.1431274414062,
    "tokens_evaluated": 3478624,
    "num_batches": 794
  }
}