{
  "14M_seed42_case4_dolma_epoch2_wd0.2_lr1e-4": {
    "validation_loss": 8.125090017128091,
    "perplexity": 3378.170654296875,
    "tokens_evaluated": 3478624,
    "num_batches": 794
  }
}