{
  "14M_seed42_case4_dolma_epoch1_wd1.6_lr3e-4": {
    "validation_loss": 7.718902582416343,
    "perplexity": 2250.488525390625,
    "tokens_evaluated": 3478624,
    "num_batches": 794
  }
}