{
  "14M_seed42_case4_dolma_epoch4_wd0.8_lr3e-4": {
    "validation_loss": 5.951932144687903,
    "perplexity": 384.4954528808594,
    "tokens_evaluated": 3478624,
    "num_batches": 794
  }
}