{
  "14M_seed42_case4_dolma_epoch4_wd0.1_lr3e-4": {
    "validation_loss": 5.879860735983987,
    "perplexity": 357.75946044921875,
    "tokens_evaluated": 3478624,
    "num_batches": 794
  }
}