{
  "14M_seed42_case4_dolma_epoch4_wd1.6_lr1e-4": {
    "validation_loss": 7.115320630594526,
    "perplexity": 1230.67822265625,
    "tokens_evaluated": 3478624,
    "num_batches": 794
  }
}