{
  "14M_seed42_case4_dolma_epoch2_wd0.8_lr3e-4": {
    "validation_loss": 6.620705200623148,
    "perplexity": 750.47412109375,
    "tokens_evaluated": 3478624,
    "num_batches": 794
  }
}