{
  "14M_seed42_case4_dolma_epoch2_wd1.6_lr1e-3": {
    "validation_loss": 5.9064751864850376,
    "perplexity": 367.4087829589844,
    "tokens_evaluated": 3478624,
    "num_batches": 794
  }
}