{
  "14M_seed42_case4_dolma_epoch2_wd0.8_lr1e-4": {
    "validation_loss": 8.171339824085257,
    "perplexity": 3538.081787109375,
    "tokens_evaluated": 3478624,
    "num_batches": 794
  }
}