{
  "14M_seed42_case4_dolma_epoch4_wd0.2_lr1e-4": {
    "validation_loss": 6.954143219820898,
    "perplexity": 1047.48046875,
    "tokens_evaluated": 3478624,
    "num_batches": 794
  }
}