{
  "14M_seed42_case4_dolma_epoch2_wd1.6_lr3e-4": {
    "validation_loss": 6.718865864582204,
    "perplexity": 827.8780517578125,
    "tokens_evaluated": 3478624,
    "num_batches": 794
  }
}