{
  "14M_seed42_case4_dolma_epoch1_wd0.4_lr3e-3": {
    "validation_loss": 6.066101945191053,
    "perplexity": 430.99737548828125,
    "tokens_evaluated": 3478624,
    "num_batches": 794
  }
}