{
  "14M_seed42_case4_dolma_epoch2_wd0.2_lr3e-3": {
    "validation_loss": 5.349707215859633,
    "perplexity": 210.546630859375,
    "tokens_evaluated": 3478624,
    "num_batches": 794
  }
}