{
  "14M_seed42_case4_dolma_epoch1_wd0.8_lr1e-3": {
    "validation_loss": 6.445094530653949,
    "perplexity": 629.606201171875,
    "tokens_evaluated": 3478624,
    "num_batches": 794
  }
}