{
  "14M_seed42_case4_dolma_epoch4_wd0.4_lr3e-3": {
    "validation_loss": 4.754124636163497,
    "perplexity": 116.06201171875,
    "tokens_evaluated": 3478624,
    "num_batches": 794
  }
}