{
  "14M_seed42_case4_dolma_epoch2_wd0.1_lr3e-3": {
    "validation_loss": 5.308081159849861,
    "perplexity": 201.9623260498047,
    "tokens_evaluated": 3478624,
    "num_batches": 794
  }
}