{
  "14M_seed42_case4_dolma_epoch1_wd0.4_lr3e-4": {
    "validation_loss": 7.6068927739942485,
    "perplexity": 2012.0162353515625,
    "tokens_evaluated": 3478624,
    "num_batches": 794
  }
}