{
  "14M_seed42_case4_dolma_epoch1_wd1.6_lr1e-3": {
    "validation_loss": 6.543350150876939,
    "perplexity": 694.6098022460938,
    "tokens_evaluated": 3478624,
    "num_batches": 794
  }
}