{
  "14M_seed42_case4_dolma_epoch2_wd1.6_lr3e-3": {
    "validation_loss": 5.7018806314135455,
    "perplexity": 299.429931640625,
    "tokens_evaluated": 3478624,
    "num_batches": 794
  }
}