{
  "370M_seed42_case4_dolma_epoch1_wd0.2_lr3e-3": {
    "validation_loss": 2.637424093830366,
    "perplexity": 13.977151870727539,
    "tokens_evaluated": 3478624,
    "num_batches": 794
  }
}