{
  "190M_seed42_case4_dolma_epoch2_wd0.1_lr3e-3": {
    "validation_loss": 3.7622445347839717,
    "perplexity": 43.04492950439453,
    "tokens_evaluated": 3478624,
    "num_batches": 794
  }
}