{
  "190M_seed42_case4_dolma_epoch2_wd0.1_lr1e-3": {
    "validation_loss": 3.836797427868794,
    "perplexity": 46.376712799072266,
    "tokens_evaluated": 3478624,
    "num_batches": 794
  }
}