{
  "190M_seed42_case4_dolma_epoch4_wd0.4_lr3e-3": {
    "validation_loss": 3.2972412623115313,
    "perplexity": 27.037944793701172,
    "tokens_evaluated": 3478624,
    "num_batches": 794
  }
}