{
  "190M_seed42_case4_dolma_epoch1_wd0.1_lr3e-3": {
    "validation_loss": 5.069705793888214,
    "perplexity": 159.12753295898438,
    "tokens_evaluated": 3478624,
    "num_batches": 794
  }
}