{
  "190M_seed42_case4_dolma_epoch4_wd0.1_lr3e-3": {
    "validation_loss": 3.3117131310565884,
    "perplexity": 27.432083129882812,
    "tokens_evaluated": 3478624,
    "num_batches": 794
  }
}