{
  "190M_seed42_case4_dolma_epoch2_wd0.2_lr1e-3": {
    "validation_loss": 3.8471902525868975,
    "perplexity": 46.8612060546875,
    "tokens_evaluated": 3478624,
    "num_batches": 794
  }
}