{
  "190M_seed42_case4_dolma_epoch1_wd0.1_lr1e-3": {
    "validation_loss": 4.836398141459813,
    "perplexity": 126.01464080810547,
    "tokens_evaluated": 3478624,
    "num_batches": 794
  }
}