{
  "190M_seed42_case4_dolma_epoch1_wd0.2_lr1e-3": {
    "validation_loss": 4.841238245506588,
    "perplexity": 126.62602233886719,
    "tokens_evaluated": 3478624,
    "num_batches": 794
  }
}