{
  "190M_seed42_case4_dolma_epoch2_wd0.2_lr3e-3": {
    "validation_loss": 3.7744594558078135,
    "perplexity": 43.573944091796875,
    "tokens_evaluated": 3478624,
    "num_batches": 794
  }
}