{
  "190M_seed42_case4_dolma_epoch16_wd0.1_lr3e-3": {
    "validation_loss": 3.047483512168656,
    "perplexity": 21.062273025512695,
    "tokens_evaluated": 3478624,
    "num_batches": 794
  }
}