{
  "190M_seed42_case4_dolma_epoch4_wd0.2_lr3e-3": {
    "validation_loss": 3.321006808730599,
    "perplexity": 27.68821144104004,
    "tokens_evaluated": 3478624,
    "num_batches": 794
  }
}