{
  "190M_seed42_case4_dolma_epoch4_wd0.1_lr3e-3": {
    "validation_loss": 2.799874667527764,
    "perplexity": 16.44258689880371,
    "tokens_evaluated": 3478624,
    "num_batches": 794
  }
}