{
  "190M_seed42_case4_dolma_epoch2_wd0.1_lr3e-3": {
    "validation_loss": 2.874074114823423,
    "perplexity": 17.709022521972656,
    "tokens_evaluated": 3478624,
    "num_batches": 794
  }
}