{
  "190M_seed42_case4_dolma_epoch1_wd0.1_lr3e-3": {
    "validation_loss": 3.044654802502425,
    "perplexity": 21.00278091430664,
    "tokens_evaluated": 3478624,
    "num_batches": 794
  }
}