{
  "14M_seed42_dolma_para_K8_wd0.2_lr3e-3": {
    "validation_loss": 8.003353106930266,
    "perplexity": 2990.97021484375,
    "tokens_evaluated": 3478624,
    "num_batches": 794
  }
}