{
  "14M_seed42_dolma_para_K4_wd0.1_lr3e-3": {
    "validation_loss": 8.153407087168752,
    "perplexity": 3475.19921875,
    "tokens_evaluated": 3478624,
    "num_batches": 794
  }
}