{
  "14M_seed42_dolma_para_K8_wd0.1_lr3e-3": {
    "validation_loss": 8.00238809025247,
    "perplexity": 2988.0849609375,
    "tokens_evaluated": 3478624,
    "num_batches": 794
  }
}