{
  "14M_seed42_dolma_para_K4_wd0.2_lr3e-3": {
    "validation_loss": 8.155970586891677,
    "perplexity": 3484.119384765625,
    "tokens_evaluated": 3478624,
    "num_batches": 794
  }
}