{
  "14M_seed42_dolma_para_K2_wd0.1_lr3e-3": {
    "validation_loss": 8.456803759193155,
    "perplexity": 4706.9873046875,
    "tokens_evaluated": 3478624,
    "num_batches": 794
  }
}