{
  "14M_seed42_dolma_para_K1_wd0.1_lr3e-3": {
    "validation_loss": 8.755312915747856,
    "perplexity": 6344.3056640625,
    "tokens_evaluated": 3478624,
    "num_batches": 794
  }
}