{
  "14M_seed42_dolma_para_K1_wd0.2_lr3e-3": {
    "validation_loss": 8.760486534881052,
    "perplexity": 6377.2138671875,
    "tokens_evaluated": 3478624,
    "num_batches": 794
  }
}