{
  "14M_seed42_dolma_para_K2_wd0.2_lr3e-3": {
    "validation_loss": 8.46198072142826,
    "perplexity": 4731.4208984375,
    "tokens_evaluated": 3478624,
    "num_batches": 794
  }
}