{
  "60M_seed42_dolma_para_K1_wd0.1_lr3e-3": {
    "validation_loss": 6.303824980409594,
    "perplexity": 546.6588134765625,
    "tokens_evaluated": 3478624,
    "num_batches": 794
  }
}