{
  "60M_seed42_dolma_para_K4_wd0.2_lr3e-3": {
    "validation_loss": 5.656961593916383,
    "perplexity": 286.2774353027344,
    "tokens_evaluated": 3478624,
    "num_batches": 794
  }
}