{
  "60M_seed42_dolma_para_K8_wd0.2_lr3e-3": {
    "validation_loss": 5.017157311608699,
    "perplexity": 150.98146057128906,
    "tokens_evaluated": 3478624,
    "num_batches": 794
  }
}