{
  "60M_seed42_dolma_para_K1_wd0.2_lr3e-3": {
    "validation_loss": 6.3213065391452865,
    "perplexity": 556.2994384765625,
    "tokens_evaluated": 3478624,
    "num_batches": 794
  }
}