{
  "60M_seed42_dolma_para_K16_wd0.1_lr3e-3": {
    "validation_loss": 4.241708394629196,
    "perplexity": 69.52651977539062,
    "tokens_evaluated": 3478624,
    "num_batches": 794
  }
}