{
  "60M_seed42_dolma_para_K4_wd0.1_lr3e-3": {
    "validation_loss": 5.703599674430806,
    "perplexity": 299.9450988769531,
    "tokens_evaluated": 3478624,
    "num_batches": 794
  }
}