{
  "60M_seed42_dolma_para_K8_wd0.1_lr3e-3": {
    "validation_loss": 5.032162443989504,
    "perplexity": 153.2641143798828,
    "tokens_evaluated": 3478624,
    "num_batches": 794
  }
}