{
  "60M_seed42_dolma_para_K2_wd0.1_lr3e-3": {
    "validation_loss": 6.165676571764956,
    "perplexity": 476.1231689453125,
    "tokens_evaluated": 3478624,
    "num_batches": 794
  }
}