{
  "60M_seed42_dolma_para_K2_wd0.2_lr3e-3": {
    "validation_loss": 6.149955182642799,
    "perplexity": 468.6964111328125,
    "tokens_evaluated": 3478624,
    "num_batches": 794
  }
}