{
  "30M_seed42_dolma_para_K4_wd0.1_lr3e-3": {
    "validation_loss": 7.926979032165898,
    "perplexity": 2771.04296875,
    "tokens_evaluated": 3478624,
    "num_batches": 794
  }
}