{
  "30M_seed42_dolma_para_K4_wd0.2_lr3e-3": {
    "validation_loss": 7.933131723687207,
    "perplexity": 2788.144775390625,
    "tokens_evaluated": 3478624,
    "num_batches": 794
  }
}