{
  "30M_seed42_dolma_para_K2_wd0.1_lr3e-3": {
    "validation_loss": 8.095305590080526,
    "perplexity": 3279.038330078125,
    "tokens_evaluated": 3478624,
    "num_batches": 794
  }
}