{
  "30M_seed42_dolma_para_K8_wd0.1_lr3e-3": {
    "validation_loss": 7.729582831363197,
    "perplexity": 2274.653076171875,
    "tokens_evaluated": 3478624,
    "num_batches": 794
  }
}