{
  "30M_seed42_dolma_para_K1_wd0.2_lr3e-3": {
    "validation_loss": 8.111691206192225,
    "perplexity": 3333.21142578125,
    "tokens_evaluated": 3478624,
    "num_batches": 794
  }
}