{
  "30M_seed42_dolma_para_K1_wd0.1_lr3e-3": {
    "validation_loss": 8.111622808267049,
    "perplexity": 3332.982421875,
    "tokens_evaluated": 3478624,
    "num_batches": 794
  }
}