{
  "30M_seed42_dolma_para_K16_wd0.1_lr3e-3": {
    "validation_loss": 7.1124531482030955,
    "perplexity": 1227.154052734375,
    "tokens_evaluated": 3478624,
    "num_batches": 794
  }
}