{
  "30M_seed42_dolma_para_K1_wd0.2_lr3e-3": {
    "validation_loss": 6.980050413791488,
    "perplexity": 1074.9727783203125,
    "tokens_evaluated": 3478624,
    "num_batches": 794
  }
}