{
  "30M_seed42_dolma_para_K8_wd0.2_lr3e-3": {
    "validation_loss": 5.7962263129530305,
    "perplexity": 329.0555114746094,
    "tokens_evaluated": 3478624,
    "num_batches": 794
  }
}