{
  "30M_seed42_dolma_para_K4_wd0.1_lr3e-3": {
    "validation_loss": 6.263774087635276,
    "perplexity": 525.197265625,
    "tokens_evaluated": 3478624,
    "num_batches": 794
  }
}