{
  "30M_seed42_dolma_para_K8_wd0.1_lr3e-3": {
    "validation_loss": 5.816560392235798,
    "perplexity": 335.81494140625,
    "tokens_evaluated": 3478624,
    "num_batches": 794
  }
}