{
  "30M_seed42_dolma_para_K4_wd0.2_lr3e-3": {
    "validation_loss": 6.28614195476149,
    "perplexity": 537.0772094726562,
    "tokens_evaluated": 3478624,
    "num_batches": 794
  }
}