{
  "30M_seed42_dolma_para_K2_wd0.2_lr3e-3": {
    "validation_loss": 6.698199605025445,
    "perplexity": 810.944580078125,
    "tokens_evaluated": 3478624,
    "num_batches": 794
  }
}