{
  "30M_seed42_dolma_para_K2_wd0.1_lr3e-3": {
    "validation_loss": 6.716373777429443,
    "perplexity": 825.8175659179688,
    "tokens_evaluated": 3478624,
    "num_batches": 794
  }
}