{
  "30M_seed42_dolma_para_K1_wd0.1_lr3e-3": {
    "validation_loss": 6.956189546717817,
    "perplexity": 1049.62646484375,
    "tokens_evaluated": 3478624,
    "num_batches": 794
  }
}