{
  "60M_seed42_dolma_para_K8_wd0.2_lr3e-3": {
    "validation_loss": 6.921433727532468,
    "perplexity": 1013.7726440429688,
    "tokens_evaluated": 3478624,
    "num_batches": 794
  }
}