{
  "60M_seed42_dolma_para_K2_wd0.2_lr3e-3": {
    "validation_loss": 7.915860560066953,
    "perplexity": 2740.404052734375,
    "tokens_evaluated": 3478624,
    "num_batches": 794
  }
}