{
  "60M_seed42_dolma_para_K16_wd0.1_lr3e-3": {
    "validation_loss": 6.60933179443986,
    "perplexity": 741.9869384765625,
    "tokens_evaluated": 3478624,
    "num_batches": 794
  }
}