{
  "60M_seed42_dolma_para_K4_wd0.1_lr3e-3": {
    "validation_loss": 7.4638272649650315,
    "perplexity": 1743.80908203125,
    "tokens_evaluated": 3478624,
    "num_batches": 794
  }
}