{
  "14M_seed42_dolma_para_K1_wd0.1_lr3e-3": {
    "validation_loss": 6.633976089168874,
    "perplexity": 760.4998779296875,
    "tokens_evaluated": 3478624,
    "num_batches": 794
  }
}