{
  "14M_seed42_dolma_para_K8_wd0.2_lr3e-3": {
    "validation_loss": 5.513527150213638,
    "perplexity": 248.02435302734375,
    "tokens_evaluated": 3478624,
    "num_batches": 794
  }
}