{
  "14M_seed42_dolma_para_K8_wd0.1_lr3e-3": {
    "validation_loss": 5.474302589358743,
    "perplexity": 238.484130859375,
    "tokens_evaluated": 3478624,
    "num_batches": 794
  }
}