{
  "14M_seed42_dolma_para_K1_wd0.2_lr3e-3": {
    "validation_loss": 6.647939101434666,
    "perplexity": 771.1934204101562,
    "tokens_evaluated": 3478624,
    "num_batches": 794
  }
}