{
  "14M_seed42_dolma_para_K4_wd0.2_lr3e-3": {
    "validation_loss": 5.931896403036153,
    "perplexity": 376.86846923828125,
    "tokens_evaluated": 3478624,
    "num_batches": 794
  }
}