{
  "14M_seed42_dolma_para_K2_wd0.1_lr3e-3": {
    "validation_loss": 6.3799589448838105,
    "perplexity": 589.903564453125,
    "tokens_evaluated": 3478624,
    "num_batches": 794
  }
}