{
  "30M_seed42_dolma_para_K4_wd0.2_lr3e-3": {
    "validation_loss": 7.3114778256420045,
    "perplexity": 1497.38818359375,
    "tokens_evaluated": 3478624,
    "num_batches": 794
  }
}