{
  "30M_seed42_dolma_para_K2_wd0.1_lr3e-3": {
    "validation_loss": 7.665923446513083,
    "perplexity": 2134.363037109375,
    "tokens_evaluated": 3478624,
    "num_batches": 794
  }
}