{
  "30M_seed42_dolma_para_K8_wd0.2_lr3e-3": {
    "validation_loss": 6.829670086898494,
    "perplexity": 924.885498046875,
    "tokens_evaluated": 3478624,
    "num_batches": 794
  }
}