{
  "30M_seed42_dolma_para_K4_wd0.1_lr3e-3": {
    "validation_loss": 7.3287693429234695,
    "perplexity": 1523.5054931640625,
    "tokens_evaluated": 3478624,
    "num_batches": 794
  }
}