{
  "30M_seed42_dolma_para_K2_wd0.2_lr3e-3": {
    "validation_loss": 7.686030994532384,
    "perplexity": 2177.713623046875,
    "tokens_evaluated": 3478624,
    "num_batches": 794
  }
}