{
  "30M_seed42_dolma_para_K16_wd0.1_lr3e-3": {
    "validation_loss": 6.39759922432018,
    "perplexity": 600.40185546875,
    "tokens_evaluated": 3478624,
    "num_batches": 794
  }
}