{
  "60M_seed42_case4_dolma_epoch32_wd0.4_lr1e-3": {
    "validation_loss": 3.232993466224619,
    "perplexity": 25.35544204711914,
    "tokens_evaluated": 3478624,
    "num_batches": 794
  }
}