{
  "60M_seed42_case4_dolma_epoch8_wd0.1_lr1e-3": {
    "validation_loss": 3.307466287442809,
    "perplexity": 27.315826416015625,
    "tokens_evaluated": 3478624,
    "num_batches": 794
  }
}