{
  "60M_seed42_case4_dolma_epoch64_wd0.4_lr1e-3": {
    "validation_loss": 3.2115945279928866,
    "perplexity": 24.81863021850586,
    "tokens_evaluated": 3478624,
    "num_batches": 794
  }
}