{
  "60M_seed42_case4_dolma_epoch4_wd0.1_lr1e-3": {
    "validation_loss": 3.4269309853402503,
    "perplexity": 30.782024383544922,
    "tokens_evaluated": 3478624,
    "num_batches": 794
  }
}