{
  "60M_seed42_case4_dolma_epoch16_wd0.2_lr1e-3": {
    "validation_loss": 3.2443087979609313,
    "perplexity": 25.64397621154785,
    "tokens_evaluated": 3478624,
    "num_batches": 794
  }
}