{
  "60M_seed42_case4_dolma_epoch4_wd0.1_lr1e-3": {
    "validation_loss": 6.738832220200879,
    "perplexity": 844.5736694335938,
    "tokens_evaluated": 3478624,
    "num_batches": 794
  }
}