{
  "60M_seed42_case4_dolma_epoch4_wd0.2_lr3e-4": {
    "validation_loss": 7.223549329980224,
    "perplexity": 1371.347900390625,
    "tokens_evaluated": 3478624,
    "num_batches": 794
  }
}