{
  "60M_seed42_case4_dolma_epoch64_wd0.4_lr3e-3": {
    "validation_loss": 4.86980442057401,
    "perplexity": 130.29542541503906,
    "tokens_evaluated": 3478624,
    "num_batches": 794
  }
}