{
  "60M_seed42_case4_dolma_epoch4_wd0.1_lr3e-3": {
    "validation_loss": 7.077257137089263,
    "perplexity": 1184.714599609375,
    "tokens_evaluated": 3478624,
    "num_batches": 794
  }
}