{
  "60M_seed42_case4_dolma_epoch16_wd0.2_lr3e-3": {
    "validation_loss": 5.273446849301643,
    "perplexity": 195.0872802734375,
    "tokens_evaluated": 3478624,
    "num_batches": 794
  }
}