{
  "60M_seed42_case4_dolma_epoch4_wd0.4_lr3e-3": {
    "validation_loss": 6.962411575494946,
    "perplexity": 1056.1773681640625,
    "tokens_evaluated": 3478624,
    "num_batches": 794
  }
}