{
  "60M_seed42_case4_dolma_epoch4_wd0.2_lr1e-3": {
    "validation_loss": 6.720007946209479,
    "perplexity": 828.8240356445312,
    "tokens_evaluated": 3478624,
    "num_batches": 794
  }
}