{
  "60M_seed42_case4_dolma_epoch16_wd0.2_lr1e-3": {
    "validation_loss": 5.210961350815029,
    "perplexity": 183.27015686035156,
    "tokens_evaluated": 3478624,
    "num_batches": 794
  }
}