{
  "60M_seed42_case4_dolma_epoch4_wd0.8_lr3e-4": {
    "validation_loss": 7.238992043969379,
    "perplexity": 1392.689697265625,
    "tokens_evaluated": 3478624,
    "num_batches": 794
  }
}