{
  "60M_seed42_case4_dolma_epoch8_wd0.1_lr1e-3": {
    "validation_loss": 5.977029988804032,
    "perplexity": 394.267578125,
    "tokens_evaluated": 3478624,
    "num_batches": 794
  }
}