{
  "60M_seed42_case4_dolma_epoch4_wd0.4_lr1e-3": {
    "validation_loss": 6.722060678297071,
    "perplexity": 830.5272216796875,
    "tokens_evaluated": 3478624,
    "num_batches": 794
  }
}