{
  "60M_seed42_case4_dolma_epoch16_wd0.2_lr3e-4": {
    "validation_loss": 5.7424088022714095,
    "perplexity": 311.8146057128906,
    "tokens_evaluated": 3478624,
    "num_batches": 794
  }
}