{
  "60M_seed42_case4_dolma_epoch16_wd0.8_lr1e-3": {
    "validation_loss": 5.347978304817419,
    "perplexity": 210.1829071044922,
    "tokens_evaluated": 3478624,
    "num_batches": 794
  }
}