{
  "60M_seed42_case4_dolma_epoch16_wd1.6_lr1e-4": {
    "validation_loss": 6.588663456340334,
    "perplexity": 726.8088989257812,
    "tokens_evaluated": 3478624,
    "num_batches": 794
  }
}