{
  "60M_seed42_case4_dolma_epoch16_wd0.4_lr3e-3": {
    "validation_loss": 5.28826464431298,
    "perplexity": 197.99954223632812,
    "tokens_evaluated": 3478624,
    "num_batches": 794
  }
}