{
  "60M_seed42_case4_dolma_epoch16_wd0.2_lr1e-4": {
    "validation_loss": 6.548752093399125,
    "perplexity": 698.3722534179688,
    "tokens_evaluated": 3478624,
    "num_batches": 794
  }
}