{
  "60M_seed42_case4_dolma_epoch16_wd0.1_lr3e-3": {
    "validation_loss": 5.280428043997021,
    "perplexity": 196.4539337158203,
    "tokens_evaluated": 3478624,
    "num_batches": 794
  }
}