{
  "60M_seed42_case4_dolma_epoch64_wd0.8_lr1e-4": {
    "validation_loss": 5.43030142205766,
    "perplexity": 228.2179718017578,
    "tokens_evaluated": 3478624,
    "num_batches": 794
  }
}