{
  "60M_seed42_case4_dolma_epoch64_wd0.8_lr1e-3": {
    "validation_loss": 4.611053302287683,
    "perplexity": 100.5900650024414,
    "tokens_evaluated": 3478624,
    "num_batches": 794
  }
}