{
  "60M_seed42_case4_dolma_epoch64_wd0.4_lr1e-3": {
    "validation_loss": 4.9372325533913966,
    "perplexity": 139.38397216796875,
    "tokens_evaluated": 3478624,
    "num_batches": 794
  }
}