{
  "60M_seed42_case4_dolma_epoch2_wd0.1_lr1e-3": {
    "validation_loss": 7.431173623126334,
    "perplexity": 1687.78759765625,
    "tokens_evaluated": 3478624,
    "num_batches": 794
  }
}