{
  "60M_seed42_case4_dolma_epoch16_wd1.6_lr1e-3": {
    "validation_loss": 5.339741474059566,
    "perplexity": 208.4588623046875,
    "tokens_evaluated": 3478624,
    "num_batches": 794
  }
}