{
  "60M_seed42_case4_dolma_epoch64_wd0.1_lr3e-4": {
    "validation_loss": 4.875909975579604,
    "perplexity": 131.09336853027344,
    "tokens_evaluated": 3478624,
    "num_batches": 794
  }
}