{
  "60M_seed42_case4_dolma_epoch16_wd0.4_lr1e-3": {
    "validation_loss": 5.28873577435674,
    "perplexity": 198.0928497314453,
    "tokens_evaluated": 3478624,
    "num_batches": 794
  }
}