{
  "60M_seed42_case4_dolma_epoch4_wd0.1_lr3e-4": {
    "validation_loss": 7.217555477137386,
    "perplexity": 1363.15283203125,
    "tokens_evaluated": 3478624,
    "num_batches": 794
  }
}