{
  "60M_seed42_case4_dolma_epoch64_wd0.1_lr1e-3": {
    "validation_loss": 5.258601460961333,
    "perplexity": 192.2125244140625,
    "tokens_evaluated": 3478624,
    "num_batches": 794
  }
}