{
  "60M_seed42_case4_dolma_epoch16_wd0.4_lr1e-4": {
    "validation_loss": 6.555547607677903,
    "perplexity": 703.1341552734375,
    "tokens_evaluated": 3478624,
    "num_batches": 794
  }
}