{
  "60M_seed42_case4_dolma_epoch16_wd1.6_lr3e-3": {
    "validation_loss": 5.499410290410896,
    "perplexity": 244.54763793945312,
    "tokens_evaluated": 3478624,
    "num_batches": 794
  }
}