{
  "60M_seed42_case4_dolma_epoch64_wd0.8_lr3e-4": {
    "validation_loss": 4.748043871443942,
    "perplexity": 115.3584213256836,
    "tokens_evaluated": 3478624,
    "num_batches": 794
  }
}