{
  "60M_seed42_case4_dolma_epoch1_wd0.1_lr1e-3": {
    "validation_loss": 8.067157289908083,
    "perplexity": 3188.02783203125,
    "tokens_evaluated": 3478624,
    "num_batches": 794
  }
}