{
  "60M_seed42_case4_dolma_epoch4_wd0.1_lr1e-4": {
    "validation_loss": 8.607965989294321,
    "perplexity": 5475.103515625,
    "tokens_evaluated": 3478624,
    "num_batches": 794
  }
}