{
  "60M_seed42_case4_dolma_epoch4_wd0.8_lr1e-4": {
    "validation_loss": 8.621821397879996,
    "perplexity": 5551.48876953125,
    "tokens_evaluated": 3478624,
    "num_batches": 794
  }
}