{
  "60M_seed42_case4_dolma_epoch64_wd0.2_lr3e-4": {
    "validation_loss": 4.856813743960682,
    "perplexity": 128.61376953125,
    "tokens_evaluated": 3478624,
    "num_batches": 794
  }
}