{
  "60M_seed42_case4_dolma_epoch16_wd0.1_lr1e-4": {
    "validation_loss": 6.544931763097321,
    "perplexity": 695.7092895507812,
    "tokens_evaluated": 3478624,
    "num_batches": 794
  }
}