{
  "60M_seed42_case4_dolma_epoch16_wd0.1_lr1e-3": {
    "validation_loss": 5.223132412733679,
    "perplexity": 185.51441955566406,
    "tokens_evaluated": 3478624,
    "num_batches": 794
  }
}