{
  "60M_seed42_case4_dolma_epoch64_wd0.1_lr3e-3": {
    "validation_loss": 5.47087027658624,
    "perplexity": 237.6669921875,
    "tokens_evaluated": 3478624,
    "num_batches": 794
  }
}