{
  "60M_seed42_case4_dolma_epoch64_wd0.4_lr1e-4": {
    "validation_loss": 5.415302094310719,
    "perplexity": 224.82049560546875,
    "tokens_evaluated": 3478624,
    "num_batches": 794
  }
}