{
  "60M_seed42_case4_dolma_epoch16_wd0.8_lr1e-4": {
    "validation_loss": 6.565677273694238,
    "perplexity": 710.292724609375,
    "tokens_evaluated": 3478624,
    "num_batches": 794
  }
}