{
  "60M_seed42_case4_dolma_epoch16_wd1.6_lr3e-4": {
    "validation_loss": 5.798622048391229,
    "perplexity": 329.8447570800781,
    "tokens_evaluated": 3478624,
    "num_batches": 794
  }
}