{
  "60M_seed42_case4_dolma_epoch64_wd0.1_lr1e-4": {
    "validation_loss": 5.40650160305393,
    "perplexity": 222.85064697265625,
    "tokens_evaluated": 3478624,
    "num_batches": 794
  }
}