{
  "14M_seed42_case4_dolma_epoch4_wd0.4_lr1e-3": {
    "validation_loss": 6.384162715232598,
    "perplexity": 592.3886108398438,
    "tokens_evaluated": 3478624,
    "num_batches": 794
  }
}