{
  "14M_seed42_case4_dolma_epoch32_wd0.4_lr3e-3": {
    "validation_loss": 4.554437997877245,
    "perplexity": 95.05332946777344,
    "tokens_evaluated": 3478624,
    "num_batches": 794
  }
}