{
  "14M_seed42_case4_dolma_epoch16_wd1.6_lr3e-3": {
    "validation_loss": 5.316375300093963,
    "perplexity": 203.64437866210938,
    "tokens_evaluated": 3478624,
    "num_batches": 794
  }
}