{
  "14M_seed42_case4_dolma_epoch2_wd0.2_lr3e-3": {
    "validation_loss": 6.926149045671956,
    "perplexity": 1018.5638427734375,
    "tokens_evaluated": 3478624,
    "num_batches": 794
  }
}