{
  "14M_seed42_case4_dolma_epoch8_wd0.1_lr3e-3": {
    "validation_loss": 5.3493873504041,
    "perplexity": 210.47926330566406,
    "tokens_evaluated": 3478624,
    "num_batches": 794
  }
}