{
  "14M_seed42_case4_dolma_epoch4_wd1.6_lr1e-4": {
    "validation_loss": 9.340547533659995,
    "perplexity": 11390.6435546875,
    "tokens_evaluated": 3478624,
    "num_batches": 794
  }
}