{
  "14M_seed42_case4_dolma_epoch1_wd0.2_lr1e-3": {
    "validation_loss": 8.166099967262783,
    "perplexity": 3519.589111328125,
    "tokens_evaluated": 3478624,
    "num_batches": 794
  }
}