{
  "14M_seed42_case4_dolma_epoch16_wd0.2_lr1e-3": {
    "validation_loss": 5.182841365804769,
    "perplexity": 178.18838500976562,
    "tokens_evaluated": 3478624,
    "num_batches": 794
  }
}