{
  "14M_seed42_case4_dolma_epoch8_wd0.4_lr3e-4": {
    "validation_loss": 6.579950301146934,
    "perplexity": 720.5035400390625,
    "tokens_evaluated": 3478624,
    "num_batches": 794
  }
}