{
  "14M_seed42_case4_dolma_epoch8_wd0.2_lr1e-4": {
    "validation_loss": 8.11948026601853,
    "perplexity": 3359.27392578125,
    "tokens_evaluated": 3478624,
    "num_batches": 794
  }
}