{
  "14M_seed42_case4_dolma_epoch1_wd1.6_lr3e-3": {
    "validation_loss": 7.805261247424988,
    "perplexity": 2453.47607421875,
    "tokens_evaluated": 3478624,
    "num_batches": 794
  }
}