{
  "14M_seed42_case4_dolma_epoch1_wd0.1_lr1e-3": {
    "validation_loss": 8.159440316943119,
    "perplexity": 3496.228271484375,
    "tokens_evaluated": 3478624,
    "num_batches": 794
  }
}