{
  "14M_seed42_case4_dolma_epoch2_wd1.6_lr3e-4": {
    "validation_loss": 8.789304478143244,
    "perplexity": 6563.6669921875,
    "tokens_evaluated": 3478624,
    "num_batches": 794
  }
}