{
  "14M_seed42_case4_dolma_epoch16_wd0.4_lr1e-3": {
    "validation_loss": 5.207551253170165,
    "perplexity": 182.64630126953125,
    "tokens_evaluated": 3478624,
    "num_batches": 794
  }
}