{
  "14M_seed42_case4_dolma_epoch4_wd0.1_lr1e-3": {
    "validation_loss": 6.354578750005233,
    "perplexity": 575.1201782226562,
    "tokens_evaluated": 3478624,
    "num_batches": 794
  }
}