{
  "14M_seed42_case4_dolma_epoch2_wd0.8_lr1e-3": {
    "validation_loss": 7.283573822322149,
    "perplexity": 1456.1826171875,
    "tokens_evaluated": 3478624,
    "num_batches": 794
  }
}