{
  "14M_seed42_case4_dolma_epoch2_wd0.1_lr1e-4": {
    "validation_loss": 10.236574640901923,
    "perplexity": 27905.36328125,
    "tokens_evaluated": 3478624,
    "num_batches": 794
  }
}