{
  "14M_seed42_case4_dolma_epoch8_wd0.2_lr1e-3": {
    "validation_loss": 5.700880666498359,
    "perplexity": 299.13067626953125,
    "tokens_evaluated": 3478624,
    "num_batches": 794
  }
}