{
  "14M_seed42_case4_dolma_epoch1_wd0.4_lr3e-3": {
    "validation_loss": 7.716904731690201,
    "perplexity": 2245.99658203125,
    "tokens_evaluated": 3478624,
    "num_batches": 794
  }
}