{
  "14M_seed42_case4_dolma_epoch16_wd0.8_lr1e-3": {
    "validation_loss": 5.2972893269285946,
    "perplexity": 199.7945098876953,
    "tokens_evaluated": 3478624,
    "num_batches": 794
  }
}