{
  "14M_seed42_case4_dolma_epoch4_wd0.2_lr3e-3": {
    "validation_loss": 6.04707719913272,
    "perplexity": 422.875244140625,
    "tokens_evaluated": 3478624,
    "num_batches": 794
  }
}