{
  "14M_seed42_case4_dolma_epoch1_wd0.4_lr1e-3": {
    "validation_loss": 8.179019464524398,
    "perplexity": 3565.358642578125,
    "tokens_evaluated": 3478624,
    "num_batches": 794
  }
}