{
  "14M_seed42_case4_dolma_epoch8_wd0.8_lr1e-4": {
    "validation_loss": 8.16638658270146,
    "perplexity": 3520.599609375,
    "tokens_evaluated": 3478624,
    "num_batches": 794
  }
}