{
  "14M_seed42_case4_dolma_epoch2_wd0.1_lr3e-4": {
    "validation_loss": 8.706721905202091,
    "perplexity": 6043.4013671875,
    "tokens_evaluated": 3478624,
    "num_batches": 794
  }
}