{
  "14M_seed42_case4_dolma_epoch2_wd0.8_lr1e-4": {
    "validation_loss": 10.245849747495345,
    "perplexity": 28165.40234375,
    "tokens_evaluated": 3478624,
    "num_batches": 794
  }
}