{
  "14M_seed42_case4_dolma_epoch8_wd1.6_lr1e-4": {
    "validation_loss": 8.228143194576317,
    "perplexity": 3744.8720703125,
    "tokens_evaluated": 3478624,
    "num_batches": 794
  }
}