{
  "14M_seed42_case4_dolma_epoch1_wd0.2_lr3e-3": {
    "validation_loss": 7.708122940580726,
    "perplexity": 2226.35888671875,
    "tokens_evaluated": 3478624,
    "num_batches": 794
  }
}