{
  "14M_seed42_case4_dolma_epoch4_wd1.6_lr1e-3": {
    "validation_loss": 6.555361734538503,
    "perplexity": 703.00341796875,
    "tokens_evaluated": 3478624,
    "num_batches": 794
  }
}