{
  "14M_seed42_case4_dolma_epoch2_wd1.6_lr1e-3": {
    "validation_loss": 7.376390002173812,
    "perplexity": 1597.8111572265625,
    "tokens_evaluated": 3478624,
    "num_batches": 794
  }
}