{
  "14M_seed42_case4_dolma_epoch4_wd0.4_lr3e-4": {
    "validation_loss": 7.603079663147474,
    "perplexity": 2004.359375,
    "tokens_evaluated": 3478624,
    "num_batches": 794
  }
}