{
  "14M_seed42_case4_dolma_epoch2_wd0.8_lr3e-3": {
    "validation_loss": 7.118425074019928,
    "perplexity": 1234.50439453125,
    "tokens_evaluated": 3478624,
    "num_batches": 794
  }
}