{
  "14M_seed42_case4_dolma_epoch16_wd1.6_lr1e-3": {
    "validation_loss": 5.509815435491923,
    "perplexity": 247.10546875,
    "tokens_evaluated": 3478624,
    "num_batches": 794
  }
}