{
  "14M_seed42_case4_dolma_epoch4_wd0.8_lr3e-3": {
    "validation_loss": 6.207593096476285,
    "perplexity": 496.50469970703125,
    "tokens_evaluated": 3478624,
    "num_batches": 794
  }
}