{
  "14M_seed42_case4_dolma_epoch16_wd1.6_lr1e-4": {
    "validation_loss": 7.115877891868353,
    "perplexity": 1231.3643798828125,
    "tokens_evaluated": 3478624,
    "num_batches": 794
  }
}