{
  "14M_seed42_case4_dolma_epoch2_wd1.6_lr1e-4": {
    "validation_loss": 10.255917791063228,
    "perplexity": 28450.40234375,
    "tokens_evaluated": 3478624,
    "num_batches": 794
  }
}