{
  "14M_seed42_case4_dolma_epoch4_wd0.4_lr3e-3": {
    "validation_loss": 6.157596025020642,
    "perplexity": 472.2913818359375,
    "tokens_evaluated": 3478624,
    "num_batches": 794
  }
}