{
  "14M_seed42_case4_dolma_epoch4_wd0.8_lr3e-4": {
    "validation_loss": 7.638316921712885,
    "perplexity": 2076.246826171875,
    "tokens_evaluated": 3478624,
    "num_batches": 794
  }
}