{
  "14M_seed42_case4_dolma_epoch16_wd1.6_lr3e-4": {
    "validation_loss": 6.051590278415851,
    "perplexity": 424.7880859375,
    "tokens_evaluated": 3478624,
    "num_batches": 794
  }
}