{
  "14M_seed42_case4_dolma_epoch16_wd0.2_lr3e-4": {
    "validation_loss": 5.907377446064162,
    "perplexity": 367.7403869628906,
    "tokens_evaluated": 3478624,
    "num_batches": 794
  }
}