{
  "14M_seed42_case4_dolma_epoch4_wd0.8_lr1e-3": {
    "validation_loss": 6.449147496534931,
    "perplexity": 632.1632690429688,
    "tokens_evaluated": 3478624,
    "num_batches": 794
  }
}