{
  "14M_seed42_case4_dolma_epoch2_wd0.2_lr3e-4": {
    "validation_loss": 8.712172615084746,
    "perplexity": 6076.42919921875,
    "tokens_evaluated": 3478624,
    "num_batches": 794
  }
}