{
  "14M_seed42_case4_dolma_epoch1_wd0.1_lr3e-3": {
    "validation_loss": 7.712363763537051,
    "perplexity": 2235.82080078125,
    "tokens_evaluated": 3478624,
    "num_batches": 794
  }
}