{
  "14M_seed42_case4_dolma_epoch1_wd0.8_lr3e-3": {
    "validation_loss": 7.728452001631293,
    "perplexity": 2272.082763671875,
    "tokens_evaluated": 3478624,
    "num_batches": 794
  }
}