{
  "14M_seed42_case4_dolma_epoch4_wd1.6_lr3e-4": {
    "validation_loss": 7.716992825520549,
    "perplexity": 2246.19482421875,
    "tokens_evaluated": 3478624,
    "num_batches": 794
  }
}