{
  "14M_seed42_case4_dolma_epoch2_wd0.4_lr3e-4": {
    "validation_loss": 8.723257154916894,
    "perplexity": 6144.15869140625,
    "tokens_evaluated": 3478624,
    "num_batches": 794
  }
}