{
  "14M_seed42_case4_dolma_epoch4_wd0.1_lr3e-3": {
    "validation_loss": 6.048273838366792,
    "perplexity": 423.38165283203125,
    "tokens_evaluated": 3478624,
    "num_batches": 794
  }
}