{
  "14M_seed42_case4_dolma_epoch4_wd0.1_lr3e-4": {
    "validation_loss": 7.574517590352581,
    "perplexity": 1947.920654296875,
    "tokens_evaluated": 3478624,
    "num_batches": 794
  }
}