{
  "14M_seed42_case4_dolma_epoch2_wd0.4_lr1e-4": {
    "validation_loss": 10.240673964336365,
    "perplexity": 28020.005859375,
    "tokens_evaluated": 3478624,
    "num_batches": 794
  }
}