{
  "14M_seed42_case4_dolma_epoch2_wd0.1_lr1e-3": {
    "validation_loss": 7.205073626403491,
    "perplexity": 1346.244140625,
    "tokens_evaluated": 3478624,
    "num_batches": 794
  }
}