{
  "14M_seed42_case4_dolma_epoch4_wd0.2_lr3e-4": {
    "validation_loss": 7.583766474854488,
    "perplexity": 1966.02001953125,
    "tokens_evaluated": 3478624,
    "num_batches": 794
  }
}