{
  "14M_seed42_case4_dolma_epoch8_wd0.2_lr3e-4": {
    "validation_loss": 6.565011640586237,
    "perplexity": 709.820068359375,
    "tokens_evaluated": 3478624,
    "num_batches": 794
  }
}