{
  "14M_seed42_case4_dolma_epoch4_wd0.8_lr1e-4": {
    "validation_loss": 9.31147835734919,
    "perplexity": 11064.2958984375,
    "tokens_evaluated": 3478624,
    "num_batches": 794
  }
}