{
  "14M_seed42_case4_dolma_epoch4_wd1.6_lr3e-3": {
    "validation_loss": 6.326424704082549,
    "perplexity": 559.15380859375,
    "tokens_evaluated": 3478624,
    "num_batches": 794
  }
}