{
  "14M_seed42_case4_dolma_epoch8_wd1.6_lr1e-3": {
    "validation_loss": 5.9476012276828065,
    "perplexity": 382.8339538574219,
    "tokens_evaluated": 3478624,
    "num_batches": 794
  }
}