{
  "14M_seed42_case4_dolma_epoch16_wd0.4_lr1e-4": {
    "validation_loss": 6.972941914738369,
    "perplexity": 1067.358154296875,
    "tokens_evaluated": 3478624,
    "num_batches": 794
  }
}