{
  "14M_seed42_case4_dolma_epoch16_wd0.4_lr3e-3": {
    "validation_loss": 4.880041317457819,
    "perplexity": 131.63607788085938,
    "tokens_evaluated": 3478624,
    "num_batches": 794
  }
}