{
  "14M_seed42_case4_dolma_epoch8_wd0.1_lr1e-3": {
    "validation_loss": 5.675149478414229,
    "perplexity": 291.5318908691406,
    "tokens_evaluated": 3478624,
    "num_batches": 794
  }
}