{
  "14M_seed42_case4_dolma_epoch2_wd0.1_lr3e-3": {
    "validation_loss": 6.951565709445207,
    "perplexity": 1044.7843017578125,
    "tokens_evaluated": 3478624,
    "num_batches": 794
  }
}