{
  "14M_seed42_case4_dolma_epoch4_wd0.1_lr1e-4": {
    "validation_loss": 9.285521185710527,
    "perplexity": 10780.7939453125,
    "tokens_evaluated": 3478624,
    "num_batches": 794
  }
}