{
  "14M_seed42_case4_dolma_epoch8_wd0.2_lr3e-3": {
    "validation_loss": 5.3754353869125495,
    "perplexity": 216.03390502929688,
    "tokens_evaluated": 3478624,
    "num_batches": 794
  }
}