{
  "14M_seed42_case4_dolma_epoch4_wd0.2_lr1e-4": {
    "validation_loss": 9.289322479266856,
    "perplexity": 10821.853515625,
    "tokens_evaluated": 3478624,
    "num_batches": 794
  }
}