{
  "14M_seed42_case4_dolma_epoch2_wd1.6_lr3e-3": {
    "validation_loss": 7.0690003011293046,
    "perplexity": 1174.9727783203125,
    "tokens_evaluated": 3478624,
    "num_batches": 794
  }
}