{
  "14M_seed42_case4_dolma_epoch2_wd0.4_lr1e-3": {
    "validation_loss": 7.2376069348211125,
    "perplexity": 1390.7618408203125,
    "tokens_evaluated": 3478624,
    "num_batches": 794
  }
}