{
  "14M_seed42_case4_dolma_epoch16_wd0.8_lr1e-4": {
    "validation_loss": 7.01895779636148,
    "perplexity": 1117.6209716796875,
    "tokens_evaluated": 3478624,
    "num_batches": 794
  }
}