{
  "14M_seed42_case4_dolma_epoch16_wd0.8_lr3e-4": {
    "validation_loss": 5.96187603125928,
    "perplexity": 388.3379211425781,
    "tokens_evaluated": 3478624,
    "num_batches": 794
  }
}