{
  "14M_seed42_case4_dolma_epoch8_wd0.4_lr1e-4": {
    "validation_loss": 8.135303859073256,
    "perplexity": 3412.851806640625,
    "tokens_evaluated": 3478624,
    "num_batches": 794
  }
}