{
  "14M_seed42_case4_dolma_epoch16_wd0.1_lr1e-4": {
    "validation_loss": 6.939042617295481,
    "perplexity": 1031.7818603515625,
    "tokens_evaluated": 3478624,
    "num_batches": 794
  }
}