{
  "14M_seed42_case4_dolma_epoch1_wd0.8_lr1e-3": {
    "validation_loss": 8.20606319186727,
    "perplexity": 3663.093505859375,
    "tokens_evaluated": 3478624,
    "num_batches": 794
  }
}