{
  "14M_seed42_case4_dolma_epoch2_wd0.4_lr3e-3": {
    "validation_loss": 6.983908779966096,
    "perplexity": 1079.1280517578125,
    "tokens_evaluated": 3478624,
    "num_batches": 794
  }
}