{
  "14M_seed42_case4_dolma_epoch8_wd0.8_lr3e-4": {
    "validation_loss": 6.623622929764668,
    "perplexity": 752.6669921875,
    "tokens_evaluated": 3478624,
    "num_batches": 794
  }
}