{
  "14M_seed42_case4_dolma_epoch8_wd0.8_lr1e-3": {
    "validation_loss": 5.775834359490769,
    "perplexity": 322.41339111328125,
    "tokens_evaluated": 3478624,
    "num_batches": 794
  }
}