{
  "14M_seed42_case4_dolma_epoch1_wd0.1_lr1e-4": {
    "validation_loss": 10.832638468869533,
    "perplexity": 50647.17578125,
    "tokens_evaluated": 3478624,
    "num_batches": 794
  }
}