{
  "14M_seed42_case4_dolma_epoch4_wd0.2_lr1e-3": {
    "validation_loss": 6.3647893933554975,
    "perplexity": 581.0225219726562,
    "tokens_evaluated": 3478624,
    "num_batches": 794
  }
}