{
  "14M_seed42_case4_dolma_epoch1_wd1.6_lr1e-3": {
    "validation_loss": 8.261568290341778,
    "perplexity": 3872.1611328125,
    "tokens_evaluated": 3478624,
    "num_batches": 794
  }
}