{
  "14M_seed42_case4_dolma_epoch16_wd0.1_lr3e-4": {
    "validation_loss": 5.8985658161875305,
    "perplexity": 364.5142822265625,
    "tokens_evaluated": 3478624,
    "num_batches": 794
  }
}