{
  "14M_seed42_case4_dolma_epoch8_wd1.6_lr3e-4": {
    "validation_loss": 6.718005716759567,
    "perplexity": 827.1661987304688,
    "tokens_evaluated": 3478624,
    "num_batches": 794
  }
}