{
  "14M_seed42_case4_dolma_epoch32_wd0.2_lr3e-3": {
    "validation_loss": 4.595708079786675,
    "perplexity": 99.05823516845703,
    "tokens_evaluated": 3478624,
    "num_batches": 794
  }
}