{
  "14M_seed42_case4_dolma_epoch8_wd0.4_lr3e-3": {
    "validation_loss": 5.402507893538464,
    "perplexity": 221.9623565673828,
    "tokens_evaluated": 3478624,
    "num_batches": 794
  }
}