{
  "14M_seed42_case4_dolma_epoch4_wd0.1_lr3e-3": {
    "validation_loss": 4.224789964544889,
    "perplexity": 68.36015319824219,
    "tokens_evaluated": 3478624,
    "num_batches": 794
  }
}