{
  "14M_seed42_case4_dolma_epoch8_wd0.1_lr3e-3": {
    "validation_loss": 4.093416069429613,
    "perplexity": 59.9443244934082,
    "tokens_evaluated": 3478624,
    "num_batches": 794
  }
}