{
  "14M_seed42_case4_dolma_epoch1_wd0.1_lr3e-3": {
    "validation_loss": 4.732874255417358,
    "perplexity": 113.62168884277344,
    "tokens_evaluated": 3478624,
    "num_batches": 794
  }
}