{
  "14M_seed42_case4_dolma_epoch2_wd0.1_lr3e-3": {
    "validation_loss": 4.3908838404056505,
    "perplexity": 80.71173095703125,
    "tokens_evaluated": 3478624,
    "num_batches": 794
  }
}