{
  "14M_seed42_case4_dolma_epoch16_wd0.1_lr3e-3": {
    "validation_loss": 4.038886326095192,
    "perplexity": 56.76310348510742,
    "tokens_evaluated": 3478624,
    "num_batches": 794
  }
}