{
  "30M_seed42_case4_dolma_epoch8_wd0.8_lr3e-4": {
    "validation_loss": 6.881347877044219,
    "perplexity": 973.93798828125,
    "tokens_evaluated": 13279917,
    "num_batches": 1526
  }
}