{
  "30M_seed42_case4_dolma_epoch16_wd0.4_lr1e-4": {
    "validation_loss": 7.163065881884136,
    "perplexity": 1290.862548828125,
    "tokens_evaluated": 13279917,
    "num_batches": 1526
  }
}