{
  "30M_seed42_case4_dolma_epoch8_wd1.6_lr1e-4": {
    "validation_loss": 8.315185012280903,
    "perplexity": 4085.439453125,
    "tokens_evaluated": 13279917,
    "num_batches": 1526
  }
}