{
  "30M_seed42_case4_dolma_epoch1_wd0.8_lr3e-3": {
    "validation_loss": 8.0190374520566,
    "perplexity": 3038.250732421875,
    "tokens_evaluated": 13279917,
    "num_batches": 1526
  }
}