{
  "30M_seed42_case4_dolma_epoch1_wd0.1_lr3e-4": {
    "validation_loss": 10.007209960260152,
    "perplexity": 22185.845703125,
    "tokens_evaluated": 13279917,
    "num_batches": 1526
  }
}