{
  "30M_seed42_case4_dolma_epoch4_wd0.2_lr1e-3": {
    "validation_loss": 6.8144104083597155,
    "perplexity": 910.879150390625,
    "tokens_evaluated": 13279917,
    "num_batches": 1526
  }
}