{
  "30M_seed42_case4_dolma_epoch2_wd0.2_lr3e-3": {
    "validation_loss": 7.596462017638411,
    "perplexity": 1991.1392822265625,
    "tokens_evaluated": 13279917,
    "num_batches": 1526
  }
}