{
  "30M_seed42_case4_dolma_epoch4_wd0.1_lr1e-4": {
    "validation_loss": 9.425821698618533,
    "perplexity": 12404.5830078125,
    "tokens_evaluated": 13279917,
    "num_batches": 1526
  }
}