{
  "30M_seed42_case4_dolma_epoch2_wd0.8_lr1e-3": {
    "validation_loss": 7.679687029511602,
    "perplexity": 2163.9423828125,
    "tokens_evaluated": 13279917,
    "num_batches": 1526
  }
}