{
  "30M_seed42_case4_dolma_epoch16_wd1.6_lr3e-4": {
    "validation_loss": 6.196935041084971,
    "perplexity": 491.24114990234375,
    "tokens_evaluated": 13279917,
    "num_batches": 1526
  }
}