{
  "30M_seed42_case4_dolma_epoch4_wd1.6_lr3e-4": {
    "validation_loss": 7.873162948561727,
    "perplexity": 2625.857421875,
    "tokens_evaluated": 13279917,
    "num_batches": 1526
  }
}