{
  "30M_seed42_case4_dolma_epoch32_wd1.6_lr1e-4": {
    "validation_loss": 6.39418369621999,
    "perplexity": 598.3546752929688,
    "tokens_evaluated": 13279917,
    "num_batches": 1526
  }
}