{
  "30M_seed42_case4_dolma_epoch16_wd0.1_lr3e-3": {
    "validation_loss": 5.297050703370124,
    "perplexity": 199.7467803955078,
    "tokens_evaluated": 13279917,
    "num_batches": 1526
  }
}