{
  "30M_seed42_case4_dolma_epoch32_wd0.4_lr1e-4": {
    "validation_loss": 6.339620107333055,
    "perplexity": 566.5810546875,
    "tokens_evaluated": 13279917,
    "num_batches": 1526
  }
}