{
  "30M_seed42_case4_dolma_epoch2_wd0.1_lr3e-3": {
    "validation_loss": 7.562272379213194,
    "perplexity": 1924.21337890625,
    "tokens_evaluated": 13279917,
    "num_batches": 1526
  }
}