{
  "30M_seed42_case4_dolma_epoch2_wd1.6_lr3e-4": {
    "validation_loss": 8.949859952737986,
    "perplexity": 7706.81005859375,
    "tokens_evaluated": 13279917,
    "num_batches": 1526
  }
}