{
  "30M_seed42_case4_dolma_epoch64_wd0.2_lr1e-4": {
    "validation_loss": 5.811526349704054,
    "perplexity": 334.12872314453125,
    "tokens_evaluated": 13279917,
    "num_batches": 1526
  }
}