{
  "30M_seed42_case4_dolma_epoch4_wd1.6_lr1e-4": {
    "validation_loss": 9.449952017566497,
    "perplexity": 12707.556640625,
    "tokens_evaluated": 13279917,
    "num_batches": 1526
  }
}