{
  "30M_seed42_case4_dolma_epoch64_wd1.6_lr1e-4": {
    "validation_loss": 5.882621126380628,
    "perplexity": 358.7483825683594,
    "tokens_evaluated": 13279917,
    "num_batches": 1526
  }
}