{
  "30M_seed42_case4_dolma_epoch1_wd0.2_lr3e-3": {
    "validation_loss": 8.012902324821335,
    "perplexity": 3019.668212890625,
    "tokens_evaluated": 13279917,
    "num_batches": 1526
  }
}