{
  "30M_seed42_case4_dolma_epoch4_wd0.8_lr3e-3": {
    "validation_loss": 6.6882774747240274,
    "perplexity": 802.9378051757812,
    "tokens_evaluated": 13279917,
    "num_batches": 1526
  }
}