{
  "30M_seed42_case4_dolma_epoch16_wd1.6_lr3e-3": {
    "validation_loss": 5.53136038666742,
    "perplexity": 252.48709106445312,
    "tokens_evaluated": 13279917,
    "num_batches": 1526
  }
}