{
  "30M_seed42_case4_dolma_epoch32_wd0.8_lr3e-3": {
    "validation_loss": 4.851309660064376,
    "perplexity": 127.9078140258789,
    "tokens_evaluated": 13279917,
    "num_batches": 1526
  }
}