{
  "30M_seed42_case4_dolma_epoch32_wd0.2_lr3e-3": {
    "validation_loss": 4.8047068041433825,
    "perplexity": 122.08366394042969,
    "tokens_evaluated": 13279917,
    "num_batches": 1526
  }
}