{
  "30M_seed42_case4_dolma_epoch8_wd0.1_lr3e-3": {
    "validation_loss": 5.9172983213875225,
    "perplexity": 371.40692138671875,
    "tokens_evaluated": 13279917,
    "num_batches": 1526
  }
}