{
  "30M_seed42_case4_dolma_epoch4_wd0.1_lr1e-3": {
    "validation_loss": 6.801536679864391,
    "perplexity": 899.2279663085938,
    "tokens_evaluated": 13279917,
    "num_batches": 1526
  }
}