{
  "30M_seed42_case4_dolma_epoch2_wd0.4_lr1e-3": {
    "validation_loss": 7.68097079321213,
    "perplexity": 2166.721923828125,
    "tokens_evaluated": 13279917,
    "num_batches": 1526
  }
}