{
  "30M_seed42_case4_dolma_epoch16_wd0.2_lr3e-4": {
    "validation_loss": 6.123339177278696,
    "perplexity": 456.3861083984375,
    "tokens_evaluated": 13279917,
    "num_batches": 1526
  }
}