{
  "30M_seed42_case4_dolma_epoch4_wd0.4_lr1e-4": {
    "validation_loss": 9.430570335813517,
    "perplexity": 12463.63671875,
    "tokens_evaluated": 13279917,
    "num_batches": 1526
  }
}