{
  "30M_seed42_case4_dolma_epoch32_wd0.1_lr1e-4": {
    "validation_loss": 6.325546069689762,
    "perplexity": 558.6629028320312,
    "tokens_evaluated": 13279917,
    "num_batches": 1526
  }
}