{
  "30M_seed42_case4_dolma_epoch16_wd0.4_lr3e-4": {
    "validation_loss": 6.133623214089577,
    "perplexity": 461.103759765625,
    "tokens_evaluated": 13279917,
    "num_batches": 1526
  }
}