{
  "30M_seed42_case4_dolma_epoch4_wd0.4_lr3e-3": {
    "validation_loss": 6.664908736846068,
    "perplexity": 784.3919677734375,
    "tokens_evaluated": 13279917,
    "num_batches": 1526
  }
}