{
  "30M_seed42_case4_dolma_epoch64_wd0.1_lr1e-3": {
    "validation_loss": 5.068408405656357,
    "perplexity": 158.92120361328125,
    "tokens_evaluated": 13279917,
    "num_batches": 1526
  }
}