{
  "30M_seed42_case4_dolma_epoch128_wd0.8_lr3e-3": {
    "validation_loss": 4.820841866859344,
    "perplexity": 124.06948852539062,
    "tokens_evaluated": 3478624,
    "num_batches": 794
  }
}