{
  "30M_seed42_case4_dolma_epoch2_wd0.2_lr3e-4": {
    "validation_loss": 8.914724866332701,
    "perplexity": 7440.73779296875,
    "tokens_evaluated": 13279917,
    "num_batches": 1526
  }
}