{
  "30M_seed42_case4_dolma_epoch1_wd0.8_lr1e-4": {
    "validation_loss": 10.824053071018346,
    "perplexity": 50214.18359375,
    "tokens_evaluated": 13279917,
    "num_batches": 1526
  }
}