{
  "30M_seed42_case4_dolma_epoch64_wd0.8_lr3e-3": {
    "validation_loss": 4.617690273403064,
    "perplexity": 101.25985717773438,
    "tokens_evaluated": 13279917,
    "num_batches": 1526
  }
}