{
  "30M_seed42_case4_dolma_epoch64_wd0.4_lr3e-3": {
    "validation_loss": 4.83085734364906,
    "perplexity": 125.31834411621094,
    "tokens_evaluated": 13279917,
    "num_batches": 1526
  }
}