{
  "30M_seed42_case4_dolma_epoch8_wd0.1_lr3e-4": {
    "validation_loss": 6.847577051315767,
    "perplexity": 941.5967407226562,
    "tokens_evaluated": 13279917,
    "num_batches": 1526
  }
}