{
  "30M_seed42_case4_dolma_epoch2_wd0.1_lr3e-4": {
    "validation_loss": 8.912203670640647,
    "perplexity": 7421.99951171875,
    "tokens_evaluated": 13279917,
    "num_batches": 1526
  }
}