{
  "30M_seed42_case4_dolma_epoch32_wd0.2_lr1e-4": {
    "validation_loss": 6.328834513197047,
    "perplexity": 560.5029907226562,
    "tokens_evaluated": 13279917,
    "num_batches": 1526
  }
}