{
  "30M_seed42_case4_dolma_epoch2_wd1.6_lr1e-3": {
    "validation_loss": 7.697319454520358,
    "perplexity": 2202.4365234375,
    "tokens_evaluated": 13279917,
    "num_batches": 1526
  }
}