{
  "30M_seed42_case4_dolma_epoch8_wd0.4_lr3e-3": {
    "validation_loss": 5.98112249090817,
    "perplexity": 395.8844909667969,
    "tokens_evaluated": 13279917,
    "num_batches": 1526
  }
}