{
  "30M_seed42_case4_dolma_epoch8_wd1.6_lr3e-4": {
    "validation_loss": 6.9288992030133025,
    "perplexity": 1021.369140625,
    "tokens_evaluated": 13279917,
    "num_batches": 1526
  }
}