{
  "30M_seed42_case4_dolma_epoch1_wd0.4_lr3e-3": {
    "validation_loss": 8.014976669046575,
    "perplexity": 3025.938232421875,
    "tokens_evaluated": 13279917,
    "num_batches": 1526
  }
}