{
  "30M_seed42_case4_dolma_epoch1_wd0.4_lr3e-4": {
    "validation_loss": 10.010037456253492,
    "perplexity": 22248.66796875,
    "tokens_evaluated": 13279917,
    "num_batches": 1526
  }
}