{
  "30M_seed42_case4_dolma_epoch64_wd0.4_lr3e-4": {
    "validation_loss": 5.289309493392942,
    "perplexity": 198.20651245117188,
    "tokens_evaluated": 13279917,
    "num_batches": 1526
  }
}