{
  "30M_seed42_case4_dolma_epoch8_wd0.2_lr1e-3": {
    "validation_loss": 6.075444087615885,
    "perplexity": 435.042724609375,
    "tokens_evaluated": 13279917,
    "num_batches": 1526
  }
}