{
  "30M_seed42_case4_dolma_epoch8_wd0.4_lr1e-4": {
    "validation_loss": 8.271740031983068,
    "perplexity": 3911.749267578125,
    "tokens_evaluated": 13279917,
    "num_batches": 1526
  }
}