{
  "30M_seed42_case4_dolma_epoch4_wd0.1_lr3e-3": {
    "validation_loss": 6.702153333653177,
    "perplexity": 814.156982421875,
    "tokens_evaluated": 13279917,
    "num_batches": 1526
  }
}