{
  "30M_seed42_case4_dolma_epoch32_wd0.1_lr3e-3": {
    "validation_loss": 4.9138386585631055,
    "perplexity": 136.16111755371094,
    "tokens_evaluated": 13279917,
    "num_batches": 1526
  }
}