{
  "30M_seed42_case4_dolma_epoch64_wd0.8_lr3e-4": {
    "validation_loss": 5.2916845942012944,
    "perplexity": 198.67784118652344,
    "tokens_evaluated": 13279917,
    "num_batches": 1526
  }
}