{
  "30M_seed42_case4_dolma_epoch2_wd0.4_lr3e-4": {
    "validation_loss": 8.919736416091917,
    "perplexity": 7478.12109375,
    "tokens_evaluated": 13279917,
    "num_batches": 1526
  }
}