{
  "30M_seed42_case4_dolma_epoch32_wd0.8_lr1e-4": {
    "validation_loss": 6.356531498723787,
    "perplexity": 576.2442626953125,
    "tokens_evaluated": 13279917,
    "num_batches": 1526
  }
}