{
  "30M_seed42_case4_dolma_epoch16_wd0.2_lr1e-3": {
    "validation_loss": 5.4505796279843794,
    "perplexity": 232.89312744140625,
    "tokens_evaluated": 13279917,
    "num_batches": 1526
  }
}