{
  "30M_seed42_case4_dolma_epoch8_wd1.6_lr3e-3": {
    "validation_loss": 6.105143383446857,
    "perplexity": 448.156982421875,
    "tokens_evaluated": 13279917,
    "num_batches": 1526
  }
}