{
  "30M_seed42_case4_dolma_epoch32_wd0.2_lr3e-4": {
    "validation_loss": 5.606282010448089,
    "perplexity": 272.1306457519531,
    "tokens_evaluated": 13279917,
    "num_batches": 1526
  }
}