{
  "30M_seed42_case4_dolma_epoch2_wd0.1_lr1e-3": {
    "validation_loss": 7.646064572424474,
    "perplexity": 2092.395263671875,
    "tokens_evaluated": 13279917,
    "num_batches": 1526
  }
}