{
  "30M_seed42_case4_dolma_epoch64_wd0.2_lr3e-3": {
    "validation_loss": 5.039373791316923,
    "perplexity": 154.37332153320312,
    "tokens_evaluated": 13279917,
    "num_batches": 1526
  }
}