{
  "30M_seed42_case4_dolma_epoch8_wd0.2_lr1e-4": {
    "validation_loss": 8.26416440487495,
    "perplexity": 3882.22607421875,
    "tokens_evaluated": 13279917,
    "num_batches": 1526
  }
}