{
  "30M_seed42_case4_dolma_epoch1_wd0.1_lr1e-3": {
    "validation_loss": 8.399034898635614,
    "perplexity": 4442.775390625,
    "tokens_evaluated": 13279917,
    "num_batches": 1526
  }
}