{
  "30M_seed42_case4_dolma_epoch16_wd0.1_lr1e-3": {
    "validation_loss": 5.45531304696078,
    "perplexity": 233.99815368652344,
    "tokens_evaluated": 13279917,
    "num_batches": 1526
  }
}