{
  "30M_seed42_case4_dolma_epoch64_wd1.6_lr3e-3": {
    "validation_loss": 4.980191416356014,
    "perplexity": 145.502197265625,
    "tokens_evaluated": 13279917,
    "num_batches": 1526
  }
}