{
  "30M_seed42_case4_dolma_epoch2_wd0.1_lr1e-4": {
    "validation_loss": 10.307950296889093,
    "perplexity": 29969.935546875,
    "tokens_evaluated": 13279917,
    "num_batches": 1526
  }
}