{
  "30M_seed42_case4_dolma_epoch32_wd0.8_lr3e-4": {
    "validation_loss": 5.649048390577996,
    "perplexity": 284.02105712890625,
    "tokens_evaluated": 13279917,
    "num_batches": 1526
  }
}