{
  "30M_seed42_case4_dolma_epoch64_wd1.6_lr1e-3": {
    "validation_loss": 5.053994187252474,
    "perplexity": 156.6468963623047,
    "tokens_evaluated": 13279917,
    "num_batches": 1526
  }
}