{
  "30M_seed42_case4_dolma_epoch1_wd0.1_lr3e-3": {
    "validation_loss": 8.011823383884147,
    "perplexity": 3016.4130859375,
    "tokens_evaluated": 13279917,
    "num_batches": 1526
  }
}