{
  "30M_seed42_case4_dolma_epoch16_wd0.1_lr3e-4": {
    "validation_loss": 6.11721376293005,
    "perplexity": 453.5990905761719,
    "tokens_evaluated": 13279917,
    "num_batches": 1526
  }
}