{
  "30M_seed42_case4_dolma_epoch2_wd0.2_lr1e-4": {
    "validation_loss": 10.308466203522064,
    "perplexity": 29985.40234375,
    "tokens_evaluated": 13279917,
    "num_batches": 1526
  }
}