{
  "30M_seed42_case4_dolma_epoch32_wd0.2_lr1e-3": {
    "validation_loss": 5.006466873840519,
    "perplexity": 149.37603759765625,
    "tokens_evaluated": 13279917,
    "num_batches": 1526
  }
}