{
  "30M_seed42_case4_dolma_epoch4_wd0.8_lr3e-4": {
    "validation_loss": 7.84050756368385,
    "perplexity": 2541.494384765625,
    "tokens_evaluated": 13279917,
    "num_batches": 1526
  }
}