{
  "30M_seed42_case4_dolma_epoch16_wd0.8_lr1e-4": {
    "validation_loss": 7.183638523758517,
    "perplexity": 1317.694091796875,
    "tokens_evaluated": 13279917,
    "num_batches": 1526
  }
}