{
  "30M_seed42_case4_dolma_epoch8_wd0.2_lr3e-4": {
    "validation_loss": 6.851244475874972,
    "perplexity": 945.0562744140625,
    "tokens_evaluated": 13279917,
    "num_batches": 1526
  }
}