{
  "30M_seed42_case4_dolma_epoch16_wd0.1_lr1e-4": {
    "validation_loss": 7.147443212853382,
    "perplexity": 1270.8526611328125,
    "tokens_evaluated": 13279917,
    "num_batches": 1526
  }
}