{
  "30M_seed42_case4_dolma_epoch2_wd0.4_lr3e-3": {
    "validation_loss": 7.628460254060228,
    "perplexity": 2055.88232421875,
    "tokens_evaluated": 13279917,
    "num_batches": 1526
  }
}