{
  "30M_seed42_case4_dolma_epoch8_wd0.2_lr3e-3": {
    "validation_loss": 5.967775624557744,
    "perplexity": 390.6358642578125,
    "tokens_evaluated": 13279917,
    "num_batches": 1526
  }
}