{
  "30M_seed42_case4_dolma_epoch1_wd0.4_lr1e-4": {
    "validation_loss": 10.823399130972543,
    "perplexity": 50181.390625,
    "tokens_evaluated": 13279917,
    "num_batches": 1526
  }
}