{
  "30M_seed42_case4_dolma_epoch2_wd0.8_lr3e-3": {
    "validation_loss": 7.603079973186674,
    "perplexity": 2004.359375,
    "tokens_evaluated": 13279917,
    "num_batches": 1526
  }
}