{
  "30M_seed42_case4_dolma_epoch32_wd0.1_lr1e-3": {
    "validation_loss": 5.026529126106243,
    "perplexity": 152.4031524658203,
    "tokens_evaluated": 13279917,
    "num_batches": 1526
  }
}