{
  "30M_seed42_case4_dolma_epoch4_wd0.8_lr1e-3": {
    "validation_loss": 6.865143311889676,
    "perplexity": 958.2831420898438,
    "tokens_evaluated": 13279917,
    "num_batches": 1526
  }
}