{
  "30M_seed42_case4_dolma_epoch8_wd0.1_lr1e-3": {
    "validation_loss": 6.059278259805177,
    "perplexity": 428.06646728515625,
    "tokens_evaluated": 13279917,
    "num_batches": 1526
  }
}