{
  "30M_seed42_case4_dolma_epoch4_wd1.6_lr1e-3": {
    "validation_loss": 6.877551249590829,
    "perplexity": 970.2473754882812,
    "tokens_evaluated": 13279917,
    "num_batches": 1526
  }
}