{
  "30M_seed42_case4_dolma_epoch1_wd0.8_lr1e-3": {
    "validation_loss": 8.421027353159474,
    "perplexity": 4541.56591796875,
    "tokens_evaluated": 13279917,
    "num_batches": 1526
  }
}