{
  "30M_seed42_case4_dolma_epoch2_wd0.4_lr1e-4": {
    "validation_loss": 10.309569767665906,
    "perplexity": 30018.505859375,
    "tokens_evaluated": 13279917,
    "num_batches": 1526
  }
}