{
  "30M_seed42_case4_dolma_epoch8_wd0.4_lr3e-4": {
    "validation_loss": 6.861337038688759,
    "perplexity": 954.6427612304688,
    "tokens_evaluated": 13279917,
    "num_batches": 1526
  }
}