{
  "30M_seed42_case4_dolma_epoch32_wd1.6_lr3e-3": {
    "validation_loss": 4.957205419907392,
    "perplexity": 142.1958465576172,
    "tokens_evaluated": 13279917,
    "num_batches": 1526
  }
}