{
  "30M_seed42_case4_dolma_epoch4_wd1.6_lr3e-3": {
    "validation_loss": 6.748228305709667,
    "perplexity": 852.5467529296875,
    "tokens_evaluated": 13279917,
    "num_batches": 1526
  }
}