{
  "30M_seed42_case4_dolma_epoch8_wd1.6_lr1e-3": {
    "validation_loss": 6.180603681586804,
    "perplexity": 483.2835388183594,
    "tokens_evaluated": 13279917,
    "num_batches": 1526
  }
}