{
  "30M_seed42_case4_dolma_epoch32_wd0.4_lr1e-3": {
    "validation_loss": 5.051939237106113,
    "perplexity": 156.32528686523438,
    "tokens_evaluated": 13279917,
    "num_batches": 1526
  }
}