{
  "30M_seed42_case4_dolma_epoch4_wd0.4_lr3e-4": {
    "validation_loss": 7.82472773829154,
    "perplexity": 2501.704345703125,
    "tokens_evaluated": 13279917,
    "num_batches": 1526
  }
}