{
  "30M_seed42_case4_dolma_epoch4_wd0.1_lr3e-4": {
    "validation_loss": 7.81267525067763,
    "perplexity": 2471.734619140625,
    "tokens_evaluated": 13279917,
    "num_batches": 1526
  }
}