{
  "30M_seed42_case4_dolma_epoch1_wd0.2_lr1e-3": {
    "validation_loss": 8.402170075657052,
    "perplexity": 4456.72802734375,
    "tokens_evaluated": 13279917,
    "num_batches": 1526
  }
}