{
  "30M_seed42_case4_dolma_epoch32_wd0.4_lr3e-3": {
    "validation_loss": 4.809148519504113,
    "perplexity": 122.62713623046875,
    "tokens_evaluated": 13279917,
    "num_batches": 1526
  }
}