{
  "30M_seed42_case4_dolma_epoch2_wd1.6_lr3e-3": {
    "validation_loss": 7.685295267541017,
    "perplexity": 2176.112060546875,
    "tokens_evaluated": 13279917,
    "num_batches": 1526
  }
}