{
  "30M_seed42_case4_dolma_epoch16_wd1.6_lr1e-4": {
    "validation_loss": 7.22492950301266,
    "perplexity": 1373.2415771484375,
    "tokens_evaluated": 13279917,
    "num_batches": 1526
  }
}