{
  "30M_seed42_case4_dolma_epoch16_wd0.4_lr1e-3": {
    "validation_loss": 5.471586101342327,
    "perplexity": 237.837158203125,
    "tokens_evaluated": 13279917,
    "num_batches": 1526
  }
}