{
  "30M_seed42_case4_dolma_epoch32_wd0.1_lr3e-4": {
    "validation_loss": 5.606752954921283,
    "perplexity": 272.25872802734375,
    "tokens_evaluated": 13279917,
    "num_batches": 1526
  }
}