{
  "30M_seed42_case4_dolma_epoch2_wd0.2_lr1e-3": {
    "validation_loss": 7.6535609431955125,
    "perplexity": 2108.1396484375,
    "tokens_evaluated": 13279917,
    "num_batches": 1526
  }
}