{
  "30M_seed42_case4_dolma_epoch2_wd0.8_lr1e-4": {
    "validation_loss": 10.311735233389683,
    "perplexity": 30083.591796875,
    "tokens_evaluated": 13279917,
    "num_batches": 1526
  }
}