{
  "30M_seed42_case4_dolma_epoch64_wd0.4_lr1e-3": {
    "validation_loss": 4.9269647025296495,
    "perplexity": 137.9601287841797,
    "tokens_evaluated": 13279917,
    "num_batches": 1526
  }
}