{
  "30M_seed42_case4_dolma_epoch16_wd1.6_lr1e-3": {
    "validation_loss": 5.589704967320791,
    "perplexity": 267.6566467285156,
    "tokens_evaluated": 13279917,
    "num_batches": 1526
  }
}