{
  "30M_seed42_case4_dolma_epoch64_wd0.2_lr3e-4": {
    "validation_loss": 5.297780879376331,
    "perplexity": 199.8927459716797,
    "tokens_evaluated": 13279917,
    "num_batches": 1526
  }
}