{
  "30M_seed42_case4_dolma_epoch64_wd0.8_lr1e-3": {
    "validation_loss": 4.781781863896321,
    "perplexity": 119.31674194335938,
    "tokens_evaluated": 13279917,
    "num_batches": 1526
  }
}