{
  "30M_seed42_case4_dolma_epoch1_wd1.6_lr1e-3": {
    "validation_loss": 8.446930669175586,
    "perplexity": 4660.74658203125,
    "tokens_evaluated": 13279917,
    "num_batches": 1526
  }
}