{
  "30M_seed42_case4_dolma_epoch16_wd0.8_lr1e-3": {
    "validation_loss": 5.5004495331330245,
    "perplexity": 244.80198669433594,
    "tokens_evaluated": 13279917,
    "num_batches": 1526
  }
}