{
  "30M_seed42_case4_dolma_epoch4_wd0.4_lr1e-3": {
    "validation_loss": 6.842351199459445,
    "perplexity": 936.6890869140625,
    "tokens_evaluated": 13279917,
    "num_batches": 1526
  }
}