{
  "30M_seed42_case4_dolma_epoch2_wd0.8_lr3e-4": {
    "validation_loss": 8.92968610265387,
    "perplexity": 7552.8974609375,
    "tokens_evaluated": 13279917,
    "num_batches": 1526
  }
}