{
  "30M_seed42_case4_dolma_epoch8_wd0.8_lr1e-3": {
    "validation_loss": 6.124551614776306,
    "perplexity": 456.9398498535156,
    "tokens_evaluated": 13279917,
    "num_batches": 1526
  }
}