{
  "30M_seed42_case4_dolma_epoch32_wd1.6_lr3e-4": {
    "validation_loss": 5.704764374245054,
    "perplexity": 300.2947082519531,
    "tokens_evaluated": 13279917,
    "num_batches": 1526
  }
}