{
  "30M_seed42_case4_dolma_epoch8_wd0.8_lr3e-3": {
    "validation_loss": 5.977613815296836,
    "perplexity": 394.4979553222656,
    "tokens_evaluated": 13279917,
    "num_batches": 1526
  }
}