{
  "30M_seed42_case4_dolma_epoch4_wd0.2_lr3e-3": {
    "validation_loss": 6.7067181565904415,
    "perplexity": 817.8818969726562,
    "tokens_evaluated": 13279917,
    "num_batches": 1526
  }
}