{
  "30M_seed42_case4_dolma_epoch1_wd1.6_lr3e-4": {
    "validation_loss": 10.021332990688355,
    "perplexity": 22501.3984375,
    "tokens_evaluated": 13279917,
    "num_batches": 1526
  }
}