{
  "30M_seed42_case4_dolma_epoch8_wd0.4_lr1e-3": {
    "validation_loss": 6.084906415777815,
    "perplexity": 439.17877197265625,
    "tokens_evaluated": 13279917,
    "num_batches": 1526
  }
}