{
  "100M_seed42_case4_dolma_epoch1_wd0.1_lr1e-3": {
    "validation_loss": 5.850162242460691,
    "perplexity": 347.2906494140625,
    "tokens_evaluated": 3478624,
    "num_batches": 794
  }
}