{
  "100M_seed42_case4_dolma_epoch1_wd0.1_lr3e-3": {
    "validation_loss": 6.150490794113877,
    "perplexity": 468.9474792480469,
    "tokens_evaluated": 3478624,
    "num_batches": 794
  }
}