{
  "370M_seed42_case4_dolma_epoch16_wd0.4_lr3e-3": {
    "validation_loss": 2.676275976094126,
    "perplexity": 14.530879020690918,
    "tokens_evaluated": 3478624,
    "num_batches": 794
  }
}