{
  "370M_seed42_case4_dolma_epoch4_wd0.2_lr3e-3": {
    "validation_loss": 2.7548317824012116,
    "perplexity": 15.71839714050293,
    "tokens_evaluated": 3478624,
    "num_batches": 794
  }
}