{
  "370M_seed42_case4_dolma_epoch32_wd0.8_lr3e-3": {
    "validation_loss": 2.7695191749270194,
    "perplexity": 15.950961112976074,
    "tokens_evaluated": 3478624,
    "num_batches": 794
  }
}