{
  "370M_seed42_case4_dolma_epoch2_wd0.2_lr3e-3": {
    "validation_loss": 2.9057280668296057,
    "perplexity": 18.278547286987305,
    "tokens_evaluated": 3478624,
    "num_batches": 794
  }
}