{
  "370M_seed42_case4_dolma_epoch1_wd0.2_lr3e-3": {
    "validation_loss": 3.1975862961224597,
    "perplexity": 24.473386764526367,
    "tokens_evaluated": 3478624,
    "num_batches": 794
  }
}