{
  "370M_seed42_case4_dolma_epoch32_wd0.4_lr3e-3": {
    "validation_loss": 2.66015848427907,
    "perplexity": 14.298553466796875,
    "tokens_evaluated": 3478624,
    "num_batches": 794
  }
}