{
  "190M_seed42_case4_dolma_epoch2_wd0.1_lr1e-3": {
    "validation_loss": 3.0883134428558017,
    "perplexity": 21.940040588378906,
    "tokens_evaluated": 3478624,
    "num_batches": 794
  }
}