{
  "190M_seed42_case4_dolma_epoch2_wd0.1_lr3e-3": {
    "validation_loss": 3.0389929389302663,
    "perplexity": 20.884199142456055,
    "tokens_evaluated": 3478624,
    "num_batches": 794
  }
}