{
  "190M_seed42_case4_dolma_epoch1_wd0.1_lr3e-3": {
    "validation_loss": 3.3349948781887697,
    "perplexity": 28.078237533569336,
    "tokens_evaluated": 3478624,
    "num_batches": 794
  }
}