{
  "190M_seed42_case4_dolma_epoch8_wd0.4_lr3e-3": {
    "validation_loss": 2.850157861736703,
    "perplexity": 17.29051399230957,
    "tokens_evaluated": 3478624,
    "num_batches": 794
  }
}