{
  "190M_seed42_case4_dolma_epoch4_wd1.6_lr3e-3": {
    "validation_loss": 3.187220186005794,
    "perplexity": 24.22100257873535,
    "tokens_evaluated": 3478624,
    "num_batches": 794
  }
}