{
  "190M_seed42_case4_dolma_epoch1_wd0.1_lr1e-3": {
    "validation_loss": 3.3310148131808233,
    "perplexity": 27.96670913696289,
    "tokens_evaluated": 3478624,
    "num_batches": 794
  }
}