{
  "190M_seed42_case4_dolma_epoch16_wd0.1_lr3e-3": {
    "validation_loss": 2.777938814419464,
    "perplexity": 16.085830688476562,
    "tokens_evaluated": 3478624,
    "num_batches": 794
  }
}