{
  "190M_seed42_case4_dolma_epoch4_wd0.4_lr3e-3": {
    "validation_loss": 2.9048390125872374,
    "perplexity": 18.262304306030273,
    "tokens_evaluated": 3478624,
    "num_batches": 794
  }
}