{
  "190M_seed42_case4_dolma_epoch4_wd0.8_lr3e-3": {
    "validation_loss": 2.9890180500373047,
    "perplexity": 19.86616325378418,
    "tokens_evaluated": 3478624,
    "num_batches": 794
  }
}