{
  "600M_seed42_case4_dolma_epoch1_wd0.1_lr3e-3": {
    "validation_loss": 2.578686097973496,
    "perplexity": 13.179808616638184,
    "tokens_evaluated": 3478624,
    "num_batches": 794
  }
}