{
  "600M_seed42_case4_dolma_epoch1_wd0.1_lr1e-3": {
    "validation_loss": 2.6170832722674837,
    "perplexity": 13.695718765258789,
    "tokens_evaluated": 3478624,
    "num_batches": 794
  }
}