{
  "14M_seed42_case4_dolma_epoch32_wd0.1_lr1e-4": {
    "validation_loss": 8.501595077901356,
    "perplexity": 4922.61669921875,
    "tokens_evaluated": 3478624,
    "num_batches": 794
  }
}