{
  "14M_seed42_case4_dolma_epoch64_wd0.4_lr1e-4": {
    "validation_loss": 7.336549996779214,
    "perplexity": 1535.4053955078125,
    "tokens_evaluated": 3478624,
    "num_batches": 794
  }
}