{
  "14M_seed42_case4_dolma_epoch1_wd0.4_lr3e-3": {
    "validation_loss": 9.228714352244818,
    "perplexity": 10185.4345703125,
    "tokens_evaluated": 3478624,
    "num_batches": 794
  }
}