{
  "14M_seed42_case4_dolma_epoch64_wd0.2_lr3e-3": {
    "validation_loss": 5.770224053373232,
    "perplexity": 320.60955810546875,
    "tokens_evaluated": 3478624,
    "num_batches": 794
  }
}