{
  "14M_seed42_case4_dolma_epoch32_wd0.4_lr1e-4": {
    "validation_loss": 8.520364548294186,
    "perplexity": 5015.8828125,
    "tokens_evaluated": 3478624,
    "num_batches": 794
  }
}