{
  "14M_seed42_case4_dolma_epoch64_wd1.6_lr3e-3": {
    "validation_loss": 5.759341923854761,
    "perplexity": 317.1394958496094,
    "tokens_evaluated": 3478624,
    "num_batches": 794
  }
}