{
  "14M_seed42_case4_dolma_epoch16_wd1.6_lr1e-4": {
    "validation_loss": 9.669392999282008,
    "perplexity": 15825.7333984375,
    "tokens_evaluated": 3478624,
    "num_batches": 794
  }
}