{
  "14M_seed42_case4_dolma_epoch128_wd1.6_lr1e-4": {
    "validation_loss": 6.558560140014009,
    "perplexity": 705.2556762695312,
    "tokens_evaluated": 3478624,
    "num_batches": 794
  }
}