{
  "14M_seed42_case4_dolma_epoch4_wd0.1_lr3e-3": {
    "validation_loss": 7.861804808211567,
    "perplexity": 2596.2021484375,
    "tokens_evaluated": 3478624,
    "num_batches": 794
  }
}