{
  "14M_seed42_case4_dolma_epoch1_wd0.4_lr1e-4": {
    "validation_loss": 11.326009169232576,
    "perplexity": 82951.2890625,
    "tokens_evaluated": 3478624,
    "num_batches": 794
  }
}