{
  "14M_seed42_case4_dolma_epoch64_wd0.1_lr3e-3": {
    "validation_loss": 5.782455984324729,
    "perplexity": 324.5552978515625,
    "tokens_evaluated": 3478624,
    "num_batches": 794
  }
}