{
  "14M_seed42_case4_dolma_epoch2_wd0.4_lr1e-3": {
    "validation_loss": 9.658657254871557,
    "perplexity": 15656.7451171875,
    "tokens_evaluated": 3478624,
    "num_batches": 794
  }
}