{
  "14M_seed42_case4_dolma_epoch128_wd0.1_lr1e-3": {
    "validation_loss": 6.22273644893314,
    "perplexity": 504.0806884765625,
    "tokens_evaluated": 3478624,
    "num_batches": 794
  }
}