{
  "14M_seed42_case4_dolma_epoch32_wd1.6_lr3e-3": {
    "validation_loss": 6.067357485734324,
    "perplexity": 431.5388488769531,
    "tokens_evaluated": 3478624,
    "num_batches": 794
  }
}