{
  "14M_seed42_case4_dolma_epoch64_wd1.6_lr1e-4": {
    "validation_loss": 7.458689369732876,
    "perplexity": 1734.87255859375,
    "tokens_evaluated": 3478624,
    "num_batches": 794
  }
}