{
  "14M_seed42_case4_dolma_epoch32_wd0.8_lr1e-4": {
    "validation_loss": 8.54542710841696,
    "perplexity": 5143.1826171875,
    "tokens_evaluated": 3478624,
    "num_batches": 794
  }
}