{
  "14M_seed42_case4_dolma_epoch1_wd1.6_lr1e-3": {
    "validation_loss": 10.551847640695179,
    "perplexity": 38248.03515625,
    "tokens_evaluated": 3478624,
    "num_batches": 794
  }
}