{
  "14M_seed42_case4_dolma_epoch64_wd0.1_lr1e-3": {
    "validation_loss": 5.836815539179877,
    "perplexity": 342.686279296875,
    "tokens_evaluated": 3478624,
    "num_batches": 794
  }
}