{
  "14M_seed42_case4_dolma_epoch8_wd0.4_lr3e-3": {
    "validation_loss": 7.105286683942999,
    "perplexity": 1218.3912353515625,
    "tokens_evaluated": 3478624,
    "num_batches": 794
  }
}