{
  "14M_seed42_case4_dolma_epoch32_wd0.8_lr3e-3": {
    "validation_loss": 5.823232816231046,
    "perplexity": 338.0631408691406,
    "tokens_evaluated": 3478624,
    "num_batches": 794
  }
}