{
  "14M_seed42_case4_dolma_epoch128_wd0.8_lr1e-4": {
    "validation_loss": 6.478832353902496,
    "perplexity": 651.2100219726562,
    "tokens_evaluated": 3478624,
    "num_batches": 794
  }
}