{
  "14M_seed42_case4_dolma_epoch16_wd0.8_lr1e-4": {
    "validation_loss": 9.647818359547932,
    "perplexity": 15487.96484375,
    "tokens_evaluated": 3478624,
    "num_batches": 794
  }
}