{
  "14M_seed42_case4_dolma_epoch16_wd0.1_lr1e-4": {
    "validation_loss": 9.628958636071422,
    "perplexity": 15198.6015625,
    "tokens_evaluated": 3478624,
    "num_batches": 794
  }
}