{
  "14M_seed42_case4_dolma_epoch128_wd0.2_lr3e-4": {
    "validation_loss": 6.030255282675393,
    "perplexity": 415.8211975097656,
    "tokens_evaluated": 3478624,
    "num_batches": 794
  }
}