{
  "14M_seed42_case4_dolma_epoch16_wd0.1_lr3e-4": {
    "validation_loss": 7.937918422252996,
    "perplexity": 2801.522216796875,
    "tokens_evaluated": 3478624,
    "num_batches": 794
  }
}