{
  "14M_seed42_case4_dolma_epoch4_wd0.8_lr1e-3": {
    "validation_loss": 8.514376643328925,
    "perplexity": 4985.93701171875,
    "tokens_evaluated": 3478624,
    "num_batches": 794
  }
}