{
  "14M_seed42_case4_dolma_epoch128_wd0.4_lr3e-4": {
    "validation_loss": 6.0323797345947705,
    "perplexity": 416.7054443359375,
    "tokens_evaluated": 3478624,
    "num_batches": 794
  }
}