{
  "14M_seed42_case4_dolma_epoch32_wd0.2_lr3e-4": {
    "validation_loss": 6.869171244624356,
    "perplexity": 962.1507568359375,
    "tokens_evaluated": 3478624,
    "num_batches": 794
  }
}