{
  "14M_seed42_case4_dolma_epoch64_wd0.8_lr3e-4": {
    "validation_loss": 6.268729918284275,
    "perplexity": 527.8064575195312,
    "tokens_evaluated": 3478624,
    "num_batches": 794
  }
}