{
  "14M_seed42_case4_dolma_epoch32_wd1.6_lr1e-3": {
    "validation_loss": 6.175738507507971,
    "perplexity": 480.93798828125,
    "tokens_evaluated": 3478624,
    "num_batches": 794
  }
}