{
  "14M_seed42_case4_dolma_epoch2_wd0.8_lr1e-3": {
    "validation_loss": 9.67067620705706,
    "perplexity": 15846.060546875,
    "tokens_evaluated": 3478624,
    "num_batches": 794
  }
}