{
  "14M_seed42_case4_dolma_epoch64_wd0.1_lr1e-4": {
    "validation_loss": 7.305187135191602,
    "perplexity": 1487.99853515625,
    "tokens_evaluated": 3478624,
    "num_batches": 794
  }
}