{
  "14M_seed42_case4_dolma_epoch64_wd0.2_lr1e-4": {
    "validation_loss": 7.315494768291015,
    "perplexity": 1503.4151611328125,
    "tokens_evaluated": 3478624,
    "num_batches": 794
  }
}