{
  "14M_seed42_case4_dolma_epoch16_wd0.8_lr3e-4": {
    "validation_loss": 7.993818446941053,
    "perplexity": 2962.58740234375,
    "tokens_evaluated": 3478624,
    "num_batches": 794
  }
}