{
  "14M_seed42_case4_dolma_epoch16_wd0.2_lr3e-3": {
    "validation_loss": 6.397308490326496,
    "perplexity": 600.2272338867188,
    "tokens_evaluated": 3478624,
    "num_batches": 794
  }
}