{
  "14M_seed42_case4_dolma_epoch128_wd0.2_lr3e-3": {
    "validation_loss": 6.309651375246766,
    "perplexity": 549.8532104492188,
    "tokens_evaluated": 3478624,
    "num_batches": 794
  }
}