{
  "14M_seed42_case4_dolma_epoch2_wd0.1_lr3e-3": {
    "validation_loss": 8.214416546998676,
    "perplexity": 3693.8203125,
    "tokens_evaluated": 3478624,
    "num_batches": 794
  }
}