{
  "14M_seed42_case4_dolma_epoch16_wd1.6_lr1e-3": {
    "validation_loss": 6.794943321973583,
    "perplexity": 893.3186645507812,
    "tokens_evaluated": 3478624,
    "num_batches": 794
  }
}