{
  "14M_seed42_case4_dolma_epoch128_wd0.2_lr1e-3": {
    "validation_loss": 6.209115266907395,
    "perplexity": 497.26123046875,
    "tokens_evaluated": 3478624,
    "num_batches": 794
  }
}