{
  "14M_seed42_case4_dolma_epoch4_wd1.6_lr1e-3": {
    "validation_loss": 8.5628845605904,
    "perplexity": 5233.75537109375,
    "tokens_evaluated": 3478624,
    "num_batches": 794
  }
}