{
  "14M_seed42_case4_dolma_epoch16_wd0.8_lr3e-3": {
    "validation_loss": 6.456883918332476,
    "perplexity": 637.07275390625,
    "tokens_evaluated": 3478624,
    "num_batches": 794
  }
}