{
  "14M_seed42_case4_dolma_epoch64_wd0.2_lr3e-4": {
    "validation_loss": 6.225230204408432,
    "perplexity": 505.33935546875,
    "tokens_evaluated": 3478624,
    "num_batches": 794
  }
}