{
  "14M_seed42_case4_dolma_epoch32_wd0.8_lr3e-4": {
    "validation_loss": 6.934211175177042,
    "perplexity": 1026.80908203125,
    "tokens_evaluated": 3478624,
    "num_batches": 794
  }
}