{
  "14M_seed42_case4_dolma_epoch128_wd0.8_lr3e-3": {
    "validation_loss": 5.795583021021521,
    "perplexity": 328.84393310546875,
    "tokens_evaluated": 3478624,
    "num_batches": 794
  }
}