{
  "14M_seed42_case4_dolma_epoch128_wd0.8_lr1e-3": {
    "validation_loss": 5.979686652665366,
    "perplexity": 395.3164978027344,
    "tokens_evaluated": 3478624,
    "num_batches": 794
  }
}