{
  "14M_seed42_case4_dolma_epoch2_wd1.6_lr3e-3": {
    "validation_loss": 8.287021096588091,
    "perplexity": 3971.982666015625,
    "tokens_evaluated": 3478624,
    "num_batches": 794
  }
}