{
  "14M_seed42_case4_dolma_epoch32_wd0.2_lr3e-3": {
    "validation_loss": 5.768086004460295,
    "perplexity": 319.9248046875,
    "tokens_evaluated": 3478624,
    "num_batches": 794
  }
}