{
  "14M_seed42_case4_dolma_epoch64_wd0.4_lr3e-3": {
    "validation_loss": 5.720436739419541,
    "perplexity": 305.0380554199219,
    "tokens_evaluated": 3478624,
    "num_batches": 794
  }
}