{
  "14M_seed42_case4_dolma_epoch2_wd1.6_lr1e-3": {
    "validation_loss": 9.694590199651321,
    "perplexity": 16229.576171875,
    "tokens_evaluated": 3478624,
    "num_batches": 794
  }
}