{
  "14M_seed42_case4_dolma_epoch64_wd0.8_lr1e-3": {
    "validation_loss": 5.855685424537992,
    "perplexity": 349.214111328125,
    "tokens_evaluated": 3478624,
    "num_batches": 794
  }
}