{
  "14M_seed42_case4_dolma_epoch64_wd0.1_lr3e-4": {
    "validation_loss": 6.221286173861754,
    "perplexity": 503.35028076171875,
    "tokens_evaluated": 3478624,
    "num_batches": 794
  }
}