{
  "14M_seed42_case4_dolma_epoch128_wd0.2_lr1e-4": {
    "validation_loss": 6.429218788887053,
    "perplexity": 619.6896362304688,
    "tokens_evaluated": 3478624,
    "num_batches": 794
  }
}