{
  "14M_seed42_case4_dolma_epoch8_wd1.6_lr3e-3": {
    "validation_loss": 7.277996068811978,
    "perplexity": 1448.083251953125,
    "tokens_evaluated": 3478624,
    "num_batches": 794
  }
}