{
  "14M_seed42_case4_dolma_epoch128_wd0.4_lr1e-3": {
    "validation_loss": 6.118128774295661,
    "perplexity": 454.01434326171875,
    "tokens_evaluated": 3478624,
    "num_batches": 794
  }
}