{
  "14M_seed42_case4_dolma_epoch2_wd0.2_lr3e-4": {
    "validation_loss": 10.796018915217536,
    "perplexity": 48826.01953125,
    "tokens_evaluated": 3478624,
    "num_batches": 794
  }
}