{
  "14M_seed42_case4_dolma_epoch4_wd0.1_lr3e-4": {
    "validation_loss": 10.109984803572836,
    "perplexity": 24587.27734375,
    "tokens_evaluated": 3478624,
    "num_batches": 794
  }
}