{
  "14M_seed42_case4_dolma_epoch2_wd0.2_lr3e-3": {
    "validation_loss": 8.219006093228467,
    "perplexity": 3710.81396484375,
    "tokens_evaluated": 3478624,
    "num_batches": 794
  }
}