{
  "14M_seed42_case4_dolma_epoch1_wd0.1_lr3e-3": {
    "validation_loss": 9.214234216211011,
    "perplexity": 10039.015625,
    "tokens_evaluated": 3478624,
    "num_batches": 794
  }
}