{
  "14M_seed42_case4_dolma_epoch16_wd1.6_lr3e-3": {
    "validation_loss": 6.583286301717962,
    "perplexity": 722.9111328125,
    "tokens_evaluated": 3478624,
    "num_batches": 794
  }
}