{
  "14M_seed42_case4_dolma_epoch128_wd1.6_lr3e-4": {
    "validation_loss": 6.055070431640589,
    "perplexity": 426.2689208984375,
    "tokens_evaluated": 3478624,
    "num_batches": 794
  }
}