{
  "14M_seed42_case4_dolma_epoch32_wd1.6_lr3e-4": {
    "validation_loss": 7.0288612046880825,
    "perplexity": 1128.7442626953125,
    "tokens_evaluated": 3478624,
    "num_batches": 794
  }
}