{
  "14M_seed42_case4_dolma_epoch64_wd0.4_lr1e-3": {
    "validation_loss": 5.822299696229341,
    "perplexity": 337.747802734375,
    "tokens_evaluated": 3478624,
    "num_batches": 794
  }
}