{
  "14M_seed42_case4_dolma_epoch8_wd0.8_lr1e-4": {
    "validation_loss": 10.473961715784567,
    "perplexity": 35382.1171875,
    "tokens_evaluated": 3478624,
    "num_batches": 794
  }
}