{
  "14M_seed42_case4_dolma_epoch64_wd0.8_lr1e-4": {
    "validation_loss": 7.377967986138341,
    "perplexity": 1600.3343505859375,
    "tokens_evaluated": 3478624,
    "num_batches": 794
  }
}