{
  "14M_seed42_case4_dolma_epoch4_wd0.4_lr3e-3": {
    "validation_loss": 7.867219904380654,
    "perplexity": 2610.298583984375,
    "tokens_evaluated": 3478624,
    "num_batches": 794
  }
}