{
  "14M_seed42_case4_dolma_epoch64_wd0.4_lr3e-4": {
    "validation_loss": 6.23589223136545,
    "perplexity": 510.75616455078125,
    "tokens_evaluated": 3478624,
    "num_batches": 794
  }
}