{
  "14M_seed42_case4_dolma_epoch4_wd0.2_lr3e-3": {
    "validation_loss": 7.861508537122006,
    "perplexity": 2595.432373046875,
    "tokens_evaluated": 3478624,
    "num_batches": 794
  }
}