{
  "14M_seed42_case4_dolma_epoch16_wd0.4_lr1e-4": {
    "validation_loss": 9.636938313204311,
    "perplexity": 15320.3623046875,
    "tokens_evaluated": 3478624,
    "num_batches": 794
  }
}