{
  "14M_seed42_case4_dolma_epoch32_wd1.6_lr1e-4": {
    "validation_loss": 8.594786311480712,
    "perplexity": 5403.416015625,
    "tokens_evaluated": 3478624,
    "num_batches": 794
  }
}