{
  "14M_seed42_case4_dolma_epoch2_wd0.4_lr1e-4": {
    "validation_loss": 11.207160632268858,
    "perplexity": 73656.0078125,
    "tokens_evaluated": 3478624,
    "num_batches": 794
  }
}