{
  "14M_seed42_case4_dolma_epoch16_wd0.8_lr1e-3": {
    "validation_loss": 6.69335431830746,
    "perplexity": 807.0245971679688,
    "tokens_evaluated": 3478624,
    "num_batches": 794
  }
}