{
  "14M_seed42_case4_dolma_epoch1_wd0.1_lr1e-4": {
    "validation_loss": 11.32597382319736,
    "perplexity": 82948.359375,
    "tokens_evaluated": 3478624,
    "num_batches": 794
  }
}