{
  "14M_seed42_case4_dolma_epoch32_wd0.4_lr3e-4": {
    "validation_loss": 6.889666787995097,
    "perplexity": 982.0739135742188,
    "tokens_evaluated": 3478624,
    "num_batches": 794
  }
}