{
  "14M_seed42_case4_dolma_epoch128_wd3.2_lr3e-3": {
    "validation_loss": 6.504542564888916,
    "perplexity": 668.1697998046875,
    "tokens_evaluated": 3478624,
    "num_batches": 794
  }
}