{
  "14M_seed42_case4_dolma_epoch16_wd0.1_lr3e-3": {
    "validation_loss": 6.386994921070084,
    "perplexity": 594.068603515625,
    "tokens_evaluated": 3478624,
    "num_batches": 794
  }
}