{
  "14M_seed42_case4_dolma_epoch64_wd1.6_lr3e-4": {
    "validation_loss": 6.331455356726651,
    "perplexity": 561.9738159179688,
    "tokens_evaluated": 3478624,
    "num_batches": 794
  }
}