{
  "14M_seed42_case4_dolma_epoch64_wd0.8_lr3e-3": {
    "validation_loss": 5.669200801522137,
    "perplexity": 289.8028564453125,
    "tokens_evaluated": 3478624,
    "num_batches": 794
  }
}