{
  "14M_seed42_case4_dolma_epoch2_wd0.8_lr3e-3": {
    "validation_loss": 8.245724317798459,
    "perplexity": 3811.29638671875,
    "tokens_evaluated": 3478624,
    "num_batches": 794
  }
}