{
  "14M_seed42_case4_dolma_epoch16_wd0.4_lr1e-3": {
    "validation_loss": 6.649534727325688,
    "perplexity": 772.4248046875,
    "tokens_evaluated": 3478624,
    "num_batches": 794
  }
}