{
  "14M_seed42_case4_dolma_epoch32_wd0.1_lr1e-3": {
    "validation_loss": 6.011987116919627,
    "perplexity": 408.29388427734375,
    "tokens_evaluated": 3478624,
    "num_batches": 794
  }
}