{
  "14M_seed42_case4_dolma_epoch1_wd0.2_lr3e-3": {
    "validation_loss": 9.219035141453157,
    "perplexity": 10087.3271484375,
    "tokens_evaluated": 3478624,
    "num_batches": 794
  }
}