{
  "14M_seed42_case4_dolma_epoch32_wd0.1_lr3e-4": {
    "validation_loss": 6.859324323027493,
    "perplexity": 952.7232666015625,
    "tokens_evaluated": 3478624,
    "num_batches": 794
  }
}