{
  "14M_seed42_case4_dolma_epoch128_wd0.4_lr3e-3": {
    "validation_loss": 6.07227329531128,
    "perplexity": 433.6654052734375,
    "tokens_evaluated": 3478624,
    "num_batches": 794
  }
}