{
  "14M_seed42_case4_dolma_epoch64_wd0.2_lr1e-3": {
    "validation_loss": 5.832227114335699,
    "perplexity": 341.1175842285156,
    "tokens_evaluated": 3478624,
    "num_batches": 794
  }
}