{
  "14M_seed42_case4_dolma_epoch2_wd0.4_lr3e-3": {
    "validation_loss": 8.227887104435906,
    "perplexity": 3743.9150390625,
    "tokens_evaluated": 3478624,
    "num_batches": 794
  }
}