{
  "14M_seed42_case4_dolma_epoch8_wd0.4_lr1e-3": {
    "validation_loss": 7.56409954491547,
    "perplexity": 1927.731689453125,
    "tokens_evaluated": 3478624,
    "num_batches": 794
  }
}