{
  "600M_seed42_case4_dolma_epoch1_wd0.1_lr3e-3": {
    "validation_loss": 2.5021277951265604,
    "perplexity": 12.208444595336914,
    "tokens_evaluated": 3478624,
    "num_batches": 794
  }
}