{
  "600M_seed42_case4_dolma_epoch1_wd0.1_lr1e-3": {
    "validation_loss": 2.5310604852348653,
    "perplexity": 12.566825866699219,
    "tokens_evaluated": 3478624,
    "num_batches": 794
  }
}