{
  "100M_seed42_case4_dolma_epoch1_wd0.1_lr3e-3": {
    "validation_loss": 3.972287410915858,
    "perplexity": 53.105865478515625,
    "tokens_evaluated": 3478624,
    "num_batches": 794
  }
}