{
  "100M_seed42_case4_dolma_epoch1_wd0.1_lr1e-3": {
    "validation_loss": 4.789573786358643,
    "perplexity": 120.25009155273438,
    "tokens_evaluated": 3478624,
    "num_batches": 794
  }
}