{
  "30M_seed42_dolma_para_K8_wd0.2_lr3e-3": {
    "validation_loss": 3.993915448551146,
    "perplexity": 54.26696014404297,
    "tokens_evaluated": 3478624,
    "num_batches": 794
  }
}