{
  "30M_seed42_dolma_para_K16_wd0.1_lr3e-3": {
    "validation_loss": 3.8716587686121544,
    "perplexity": 48.02198028564453,
    "tokens_evaluated": 3478624,
    "num_batches": 794
  }
}