{
  "30M_seed42_dolma_para_K1_wd0.1_lr1e-3": {
    "validation_loss": 4.8427888517446345,
    "perplexity": 126.82252502441406,
    "tokens_evaluated": 3478624,
    "num_batches": 794
  }
}