{
  "30M_seed42_dolma_para_K8_wd0.1_lr3e-3": {
    "validation_loss": 4.003601530970381,
    "perplexity": 54.795143127441406,
    "tokens_evaluated": 3478624,
    "num_batches": 794
  }
}