{
  "30M_seed42_dolma_para_K4_wd0.1_lr3e-3": {
    "validation_loss": 4.112529435972295,
    "perplexity": 61.1010627746582,
    "tokens_evaluated": 3478624,
    "num_batches": 794
  }
}