{
  "30M_seed42_dolma_para_K2_wd0.1_lr1e-3": {
    "validation_loss": 4.598178254160603,
    "perplexity": 99.30326080322266,
    "tokens_evaluated": 3478624,
    "num_batches": 794
  }
}