{
  "30M_seed42_dolma_para_K4_wd0.2_lr3e-3": {
    "validation_loss": 4.150828141829346,
    "perplexity": 63.486568450927734,
    "tokens_evaluated": 3478624,
    "num_batches": 794
  }
}