{
  "30M_seed42_dolma_para_K2_wd0.2_lr3e-3": {
    "validation_loss": 4.385470947143787,
    "perplexity": 80.27601623535156,
    "tokens_evaluated": 3478624,
    "num_batches": 794
  }
}