{
  "30M_seed42_dolma_para_K8_wd0.1_lr1e-3": {
    "validation_loss": 4.181233462643248,
    "perplexity": 65.44652557373047,
    "tokens_evaluated": 3478624,
    "num_batches": 794
  }
}