{
  "30M_seed42_dolma_para_K4_wd0.1_lr1e-3": {
    "validation_loss": 4.415108456183034,
    "perplexity": 82.69082641601562,
    "tokens_evaluated": 3478624,
    "num_batches": 794
  }
}