{
  "30M_seed42_dolma_para_K2_wd0.2_lr1e-3": {
    "validation_loss": 4.630842609520092,
    "perplexity": 102.6004867553711,
    "tokens_evaluated": 3478624,
    "num_batches": 794
  }
}