{
  "30M_seed42_dolma_para_K1_wd0.2_lr1e-3": {
    "validation_loss": 4.859878681317648,
    "perplexity": 129.00852966308594,
    "tokens_evaluated": 3478624,
    "num_batches": 794
  }
}