{
  "30M_seed42_dolma_para_K8_wd0.2_lr1e-3": {
    "validation_loss": 4.200156343683212,
    "perplexity": 66.69674682617188,
    "tokens_evaluated": 3478624,
    "num_batches": 794
  }
}