{
  "30M_seed42_dolma_para_K1_wd0.1_lr3e-3": {
    "validation_loss": 4.516436574869362,
    "perplexity": 91.5089340209961,
    "tokens_evaluated": 3478624,
    "num_batches": 794
  }
}