{
  "30M_seed42_dolma_para_K1_wd0.2_lr3e-3": {
    "validation_loss": 4.595087389902251,
    "perplexity": 98.9968032836914,
    "tokens_evaluated": 3478624,
    "num_batches": 794
  }
}