{
  "30M_seed42_dolma_para_K2_wd0.1_lr3e-3": {
    "validation_loss": 4.332932085774522,
    "perplexity": 76.16728210449219,
    "tokens_evaluated": 3478624,
    "num_batches": 794
  }
}