{
  "600M_seed42_case4_dolma_epoch1_wd0.1_lr1e-3": {
    "validation_loss": 3.38113663155704,
    "perplexity": 29.4041748046875,
    "tokens_evaluated": 3478624,
    "num_batches": 794
  }
}