{
  "600M_seed42_case4_dolma_epoch1_wd0.1_lr3e-3": {
    "validation_loss": 3.4538793816765128,
    "perplexity": 31.622831344604492,
    "tokens_evaluated": 3478624,
    "num_batches": 794
  }
}