{
  "190M_seed42_case4_dolma_epoch4_wd0.2_lr3e-3": {
    "validation_loss": 4.072794777520149,
    "perplexity": 58.72085189819336,
    "tokens_evaluated": 3478624,
    "num_batches": 794
  }
}