{
  "190M_seed42_case4_dolma_epoch2_wd0.1_lr1e-3": {
    "validation_loss": 5.182796155394121,
    "perplexity": 178.18031311035156,
    "tokens_evaluated": 3478624,
    "num_batches": 794
  }
}