{
  "190M_seed42_case4_dolma_epoch1_wd0.2_lr1e-3": {
    "validation_loss": 6.085747431735827,
    "perplexity": 439.5481262207031,
    "tokens_evaluated": 3478624,
    "num_batches": 794
  }
}