{
  "190M_seed42_case4_dolma_epoch32_wd1.6_lr3e-3": {
    "validation_loss": 3.4115450271277568,
    "perplexity": 30.312042236328125,
    "tokens_evaluated": 3478624,
    "num_batches": 794
  }
}