{
  "190M_seed42_case4_dolma_epoch4_wd0.4_lr3e-3": {
    "validation_loss": 4.0976415563252795,
    "perplexity": 60.19813919067383,
    "tokens_evaluated": 3478624,
    "num_batches": 794
  }
}