{
  "190M_seed42_case4_dolma_epoch4_wd0.1_lr1e-3": {
    "validation_loss": 4.096950626209238,
    "perplexity": 60.15656280517578,
    "tokens_evaluated": 3478624,
    "num_batches": 794
  }
}