{
  "600M_seed42_case4_dolma_epoch1_wd0.1_lr1e-3": {
    "validation_loss": 4.160401299776911,
    "perplexity": 64.09724426269531,
    "tokens_evaluated": 3478624,
    "num_batches": 794
  }
}