{
  "30M_seed42_case4_dclm_extended_wd1.6_lr6e-3": {
    "validation_loss": 4.5501433774884505,
    "perplexity": 94.64596557617188,
    "tokens_evaluated": 50002423,
    "num_batches": 12445
  }
}