{
  "30M_seed42_case4_dclm_extended_wd1.6_lr1e-2": {
    "validation_loss": 4.752371322312284,
    "perplexity": 115.85869598388672,
    "tokens_evaluated": 50002423,
    "num_batches": 12445
  }
}