{
  "30M_seed42_case2_dclm_synthetic_wd0.4_lr1e-2": {
    "validation_loss": 4.369613826057934,
    "perplexity": 79.01309967041016,
    "tokens_evaluated": 50002423,
    "num_batches": 12445
  }
}