{
  "30M_seed42_case2_dclm_synthetic_wd0.8_lr3e-3": {
    "validation_loss": 4.4930669422406275,
    "perplexity": 89.39517974853516,
    "tokens_evaluated": 50002423,
    "num_batches": 12445
  }
}