{
  "30M_seed42_case2_dclm_synthetic_wd0.8_lr6e-3": {
    "validation_loss": 4.473989873238828,
    "perplexity": 87.70597076416016,
    "tokens_evaluated": 50002423,
    "num_batches": 12445
  }
}