{
  "30M_seed42_case4_dclm_extended_wd0.4_lr6e-3": {
    "validation_loss": 4.18660827651126,
    "perplexity": 65.79924011230469,
    "tokens_evaluated": 50002423,
    "num_batches": 12445
  }
}