{
  "30M_seed42_case4_dclm_extended_wd0.1_lr3e-4": {
    "validation_loss": 4.851302184685193,
    "perplexity": 127.9068374633789,
    "tokens_evaluated": 50002423,
    "num_batches": 12445
  }
}