{
  "30M_seed42_case4_dclm_extended_wd0.1_lr6e-3": {
    "validation_loss": 4.200508342994604,
    "perplexity": 66.72022247314453,
    "tokens_evaluated": 50002423,
    "num_batches": 12445
  }
}