{
  "30M_seed42_case2_dclm_synthetic_wd0.8_lr1e-3": {
    "validation_loss": 4.702034608538613,
    "perplexity": 110.17108154296875,
    "tokens_evaluated": 50002423,
    "num_batches": 12445
  }
}