{
  "30M_seed42_case4_dclm_extended_wd1.6_lr1e-3": {
    "validation_loss": 4.634337054069329,
    "perplexity": 102.95962524414062,
    "tokens_evaluated": 50002423,
    "num_batches": 12445
  }
}