{
  "30M_seed42_case4_dclm_extended_wd0.4_lr1e-2": {
    "validation_loss": 4.16350415402522,
    "perplexity": 64.29643249511719,
    "tokens_evaluated": 50002423,
    "num_batches": 12445
  }
}