{
  "30M_seed42_case4_dclm_extended_wd0.4_lr1e-3": {
    "validation_loss": 4.417503470350186,
    "perplexity": 82.88908386230469,
    "tokens_evaluated": 50002423,
    "num_batches": 12445
  }
}