{
  "30M_seed42_case2_dclm_synthetic_wd1.6_lr1e-2": {
    "validation_loss": 4.856923210830304,
    "perplexity": 128.62782287597656,
    "tokens_evaluated": 50002423,
    "num_batches": 12445
  }
}