{
  "30M_seed42_case4_dclm_extended_wd0.4_lr3e-3": {
    "validation_loss": 4.281817876440669,
    "perplexity": 72.37188720703125,
    "tokens_evaluated": 50002423,
    "num_batches": 12445
  }
}