{
  "30M_seed42_case2_dclm_synthetic_wd0.1_lr6e-3": {
    "validation_loss": 4.331370004895501,
    "perplexity": 76.04839324951172,
    "tokens_evaluated": 50002423,
    "num_batches": 12445
  }
}