{
  "30M_seed42_case2_dclm_synthetic_wd0.4_lr6e-3": {
    "validation_loss": 4.415228240749414,
    "perplexity": 82.70072174072266,
    "tokens_evaluated": 50002423,
    "num_batches": 12445
  }
}