{
  "30M_seed42_case2_dclm_synthetic_wd0.1_lr3e-3": {
    "validation_loss": 4.394104834648463,
    "perplexity": 80.97212219238281,
    "tokens_evaluated": 50002423,
    "num_batches": 12445
  }
}