{
  "30M_seed42_case2_dclm_synthetic_wd1.6_lr1e-3": {
    "validation_loss": 4.888741268683081,
    "perplexity": 132.78636169433594,
    "tokens_evaluated": 50002423,
    "num_batches": 12445
  }
}