{
  "30M_seed42_case4_dclm_extended_wd0.8_lr3e-4": {
    "validation_loss": 4.907713711451356,
    "perplexity": 135.32968139648438,
    "tokens_evaluated": 50002423,
    "num_batches": 12445
  }
}