{
  "30M_seed42_case4_dolma_epoch1_wd1.6_lr3e-3": {
    "validation_loss": 4.507357037816012,
    "perplexity": 90.68183898925781,
    "tokens_evaluated": 13279917,
    "num_batches": 1526
  }
}