{
  "30M_seed42_case4_dolma_epoch4_wd0.4_lr1e-3": {
    "validation_loss": 3.913595324072239,
    "perplexity": 50.07868194580078,
    "tokens_evaluated": 3478624,
    "num_batches": 794
  }
}