{
  "30M_seed42_case4_dolma_epoch16_wd1.6_lr3e-3": {
    "validation_loss": 4.034448700244537,
    "perplexity": 56.51175308227539,
    "tokens_evaluated": 3478624,
    "num_batches": 794
  }
}