{
  "30M_seed42_case4_dolma_epoch1_wd0.8_lr3e-3": {
    "validation_loss": 4.33112678811888,
    "perplexity": 76.02989959716797,
    "tokens_evaluated": 13279917,
    "num_batches": 1526
  }
}