{
  "30M_seed42_case4_dolma_epoch4_wd1.6_lr3e-4": {
    "validation_loss": 4.517324793055521,
    "perplexity": 91.59025573730469,
    "tokens_evaluated": 3478624,
    "num_batches": 794
  }
}