{
  "30M_seed42_case4_dolma_epoch4_wd0.1_lr3e-4": {
    "validation_loss": 4.50043364021437,
    "perplexity": 90.05615997314453,
    "tokens_evaluated": 13279917,
    "num_batches": 1526
  }
}