{
  "30M_seed42_case4_dolma_epoch1_wd0.2_lr3e-4": {
    "validation_loss": 5.329106687793822,
    "perplexity": 206.253662109375,
    "tokens_evaluated": 13279917,
    "num_batches": 1526
  }
}