{
  "30M_seed42_case4_dolma_epoch1_wd0.8_lr3e-4": {
    "validation_loss": 5.380043389646068,
    "perplexity": 217.03172302246094,
    "tokens_evaluated": 13279917,
    "num_batches": 1526
  }
}