{
  "30M_seed42_case4_dolma_epoch8_wd0.8_lr3e-4": {
    "validation_loss": 4.078273280332522,
    "perplexity": 59.04343032836914,
    "tokens_evaluated": 3478624,
    "num_batches": 794
  }
}