{
  "30M_seed42_case4_dolma_epoch1_wd1.6_lr1e-3": {
    "validation_loss": 4.738552676727596,
    "perplexity": 114.26868438720703,
    "tokens_evaluated": 13279917,
    "num_batches": 1526
  }
}