{
  "30M_seed42_case4_dolma_epoch1_wd1.6_lr1e-4": {
    "validation_loss": 6.212288797316914,
    "perplexity": 498.84173583984375,
    "tokens_evaluated": 13279917,
    "num_batches": 1526
  }
}