{
  "30M_seed42_case4_dolma_epoch4_wd0.8_lr1e-3": {
    "validation_loss": 3.9719286193850465,
    "perplexity": 53.086814880371094,
    "tokens_evaluated": 3478624,
    "num_batches": 794
  }
}