{
  "30M_seed42_case4_dolma_epoch16_wd0.4_lr3e-4": {
    "validation_loss": 3.855309243880222,
    "perplexity": 47.24322509765625,
    "tokens_evaluated": 3478624,
    "num_batches": 794
  }
}