{
  "30M_seed42_case4_dolma_epoch16_wd0.8_lr1e-3": {
    "validation_loss": 3.7969526849744053,
    "perplexity": 44.5651741027832,
    "tokens_evaluated": 3478624,
    "num_batches": 794
  }
}