{
  "30M_seed42_case4_dolma_epoch8_wd0.2_lr1e-4": {
    "validation_loss": 4.466038927109496,
    "perplexity": 87.01136016845703,
    "tokens_evaluated": 3478624,
    "num_batches": 794
  }
}