{
  "30M_seed42_case4_dolma_epoch8_wd1.6_lr1e-3": {
    "validation_loss": 4.0836138921574126,
    "perplexity": 59.35960006713867,
    "tokens_evaluated": 3478624,
    "num_batches": 794
  }
}