{
  "30M_seed42_case4_dolma_epoch1_wd0.4_lr3e-4": {
    "validation_loss": 5.346508219628509,
    "perplexity": 209.8741455078125,
    "tokens_evaluated": 13279917,
    "num_batches": 1526
  }
}