{
  "30M_seed42_case4_dolma_epoch1_wd0.2_lr3e-3": {
    "validation_loss": 4.133721954293959,
    "perplexity": 62.40977096557617,
    "tokens_evaluated": 13279917,
    "num_batches": 1526
  }
}