{
  "30M_seed42_case4_dolma_epoch1_wd0.8_lr1e-3": {
    "validation_loss": 4.536408561205499,
    "perplexity": 93.35490417480469,
    "tokens_evaluated": 13279917,
    "num_batches": 1526
  }
}