{
  "30M_seed42_case4_dolma_epoch1_wd0.1_lr1e-4": {
    "validation_loss": 6.13837897052851,
    "perplexity": 463.302001953125,
    "tokens_evaluated": 13279917,
    "num_batches": 1526
  }
}