{
  "30M_seed42_case4_dolma_epoch8_wd0.4_lr3e-3": {
    "validation_loss": 3.7184862788508473,
    "perplexity": 41.20198059082031,
    "tokens_evaluated": 3478624,
    "num_batches": 794
  }
}