{
  "30M_seed42_case4_dolma_epoch8_wd0.2_lr1e-3": {
    "validation_loss": 3.7629901978943847,
    "perplexity": 43.07704544067383,
    "tokens_evaluated": 3478624,
    "num_batches": 794
  }
}