{
  "30M_seed42_case4_dolma_epoch4_wd0.8_lr3e-4": {
    "validation_loss": 4.328926668524434,
    "perplexity": 75.86280822753906,
    "tokens_evaluated": 3478624,
    "num_batches": 794
  }
}