{
  "30M_seed42_case4_dolma_epoch1_wd0.1_lr3e-3": {
    "validation_loss": 4.186622725112264,
    "perplexity": 65.80018615722656,
    "tokens_evaluated": 13279917,
    "num_batches": 1526
  }
}