{
  "30M_seed42_case4_dolma_epoch4_wd0.8_lr1e-4": {
    "validation_loss": 4.9699747129663825,
    "perplexity": 144.02322387695312,
    "tokens_evaluated": 3478624,
    "num_batches": 794
  }
}