{
  "30M_seed42_case4_dolma_epoch8_wd0.1_lr1e-3": {
    "validation_loss": 3.750594976971318,
    "perplexity": 42.54639434814453,
    "tokens_evaluated": 3478624,
    "num_batches": 794
  }
}