{
  "30M_seed42_case4_dolma_epoch8_wd0.1_lr3e-3": {
    "validation_loss": 3.658977303224255,
    "perplexity": 38.821617126464844,
    "tokens_evaluated": 3478624,
    "num_batches": 794
  }
}