{
  "30M_seed42_case4_dolma_epoch1_wd0.4_lr1e-4": {
    "validation_loss": 6.151327199221789,
    "perplexity": 469.33984375,
    "tokens_evaluated": 13279917,
    "num_batches": 1526
  }
}