{
  "30M_seed42_case4_dolma_epoch4_wd0.4_lr3e-3": {
    "validation_loss": 3.785067366469382,
    "perplexity": 44.03863525390625,
    "tokens_evaluated": 3478624,
    "num_batches": 794
  }
}