{
  "30M_seed42_case4_dolma_epoch8_wd0.1_lr1e-4": {
    "validation_loss": 4.460077955752045,
    "perplexity": 86.49423217773438,
    "tokens_evaluated": 3478624,
    "num_batches": 794
  }
}