{
  "30M_seed42_case4_dolma_epoch16_wd0.2_lr3e-4": {
    "validation_loss": 3.8582436330164467,
    "perplexity": 47.38206100463867,
    "tokens_evaluated": 3478624,
    "num_batches": 794
  }
}