{
  "30M_seed42_case4_dolma_epoch16_wd1.6_lr1e-4": {
    "validation_loss": 4.448104000199459,
    "perplexity": 85.4647445678711,
    "tokens_evaluated": 3478624,
    "num_batches": 794
  }
}