{
  "30M_seed42_case4_dolma_epoch4_wd0.1_lr3e-3": {
    "validation_loss": 3.885791954884712,
    "perplexity": 48.705501556396484,
    "tokens_evaluated": 13279917,
    "num_batches": 1526
  }
}