{
  "30M_seed42_case4_dolma_epoch1_wd0.4_lr3e-3": {
    "validation_loss": 4.22327374182878,
    "perplexity": 68.25657653808594,
    "tokens_evaluated": 13279917,
    "num_batches": 1526
  }
}