{
  "30M_seed42_case4_dolma_epoch4_wd0.8_lr3e-3": {
    "validation_loss": 3.9074864381765964,
    "perplexity": 49.773685455322266,
    "tokens_evaluated": 3478624,
    "num_batches": 794
  }
}