{
  "30M_seed42_case4_dolma_epoch1_wd0.4_lr1e-3": {
    "validation_loss": 4.46939230792244,
    "perplexity": 87.30364990234375,
    "tokens_evaluated": 13279917,
    "num_batches": 1526
  }
}