{
  "30M_seed42_case4_dolma_epoch1_wd0.1_lr1e-3": {
    "validation_loss": 4.436099371776006,
    "perplexity": 84.4449234008789,
    "tokens_evaluated": 13279917,
    "num_batches": 1526
  }
}