{
  "30M_seed42_case4_dolma_epoch16_wd0.8_lr1e-4": {
    "validation_loss": 4.2144088856006485,
    "perplexity": 67.65415954589844,
    "tokens_evaluated": 3478624,
    "num_batches": 794
  }
}