{
  "30M_seed42_case4_dolma_epoch16_wd0.1_lr1e-4": {
    "validation_loss": 4.173707200707382,
    "perplexity": 64.95579528808594,
    "tokens_evaluated": 3478624,
    "num_batches": 794
  }
}