{
  "30M_seed42_case4_dolma_epoch4_wd1.6_lr1e-4": {
    "validation_loss": 5.057016547033037,
    "perplexity": 157.12103271484375,
    "tokens_evaluated": 3478624,
    "num_batches": 794
  }
}