{
  "30M_seed42_case4_dolma_epoch4_wd1.6_lr1e-3": {
    "validation_loss": 4.220578709870043,
    "perplexity": 68.07286834716797,
    "tokens_evaluated": 3478624,
    "num_batches": 794
  }
}