{
  "30M_seed42_case4_dolma_epoch1_wd0.1_lr3e-4": {
    "validation_loss": 5.324564561987544,
    "perplexity": 205.31890869140625,
    "tokens_evaluated": 13279917,
    "num_batches": 1526
  }
}