{
  "30M_seed42_case4_dolma_epoch8_wd0.2_lr3e-4": {
    "validation_loss": 4.02001821924708,
    "perplexity": 55.70211410522461,
    "tokens_evaluated": 3478624,
    "num_batches": 794
  }
}