{
  "30M_seed42_case4_dolma_epoch8_wd1.6_lr1e-4": {
    "validation_loss": 4.643040595150733,
    "perplexity": 103.85967254638672,
    "tokens_evaluated": 3478624,
    "num_batches": 794
  }
}