{
  "30M_seed42_case4_dolma_epoch8_wd1.6_lr3e-4": {
    "validation_loss": 4.2974989820333995,
    "perplexity": 73.51571655273438,
    "tokens_evaluated": 3478624,
    "num_batches": 794
  }
}