{
  "30M_seed42_case4_dolma_epoch8_wd0.8_lr3e-3": {
    "validation_loss": 3.8228125032452667,
    "perplexity": 45.7326545715332,
    "tokens_evaluated": 3478624,
    "num_batches": 794
  }
}