{
  "30M_seed42_case4_dolma_epoch16_wd1.6_lr3e-4": {
    "validation_loss": 4.165039876974905,
    "perplexity": 64.39525604248047,
    "tokens_evaluated": 3478624,
    "num_batches": 794
  }
}