{
  "30M_seed42_case4_dolma_epoch16_wd0.1_lr1e-3": {
    "validation_loss": 3.6553214143180024,
    "perplexity": 38.67995071411133,
    "tokens_evaluated": 3478624,
    "num_batches": 794
  }
}