{
  "30M_seed42_case4_dolma_epoch1_wd0.2_lr1e-4": {
    "validation_loss": 6.141885500189167,
    "perplexity": 464.92926025390625,
    "tokens_evaluated": 13279917,
    "num_batches": 1526
  }
}