{
  "30M_seed42_case4_dolma_epoch4_wd0.2_lr3e-4": {
    "validation_loss": 4.513873673489215,
    "perplexity": 91.27469635009766,
    "tokens_evaluated": 13279917,
    "num_batches": 1526
  }
}