{
  "30M_seed42_case4_dolma_epoch4_wd0.1_lr1e-3": {
    "validation_loss": 4.044208404420468,
    "perplexity": 57.066001892089844,
    "tokens_evaluated": 13279917,
    "num_batches": 1526
  }
}