{
  "30M_seed42_case4_dolma_epoch16_wd0.4_lr1e-4": {
    "validation_loss": 4.177011338009476,
    "perplexity": 65.1707992553711,
    "tokens_evaluated": 3478624,
    "num_batches": 794
  }
}