{
  "100M_seed42_case4_dolma_epoch1_wd0.1_lr1e-3": {
    "validation_loss": 6.824165101053831,
    "perplexity": 919.8079223632812,
    "tokens_evaluated": 3478624,
    "num_batches": 794
  }
}