{
  "190M_seed42_case4_dolma_epoch1_wd0.1_lr3e-3": {
    "validation_loss": 2.735587024738726,
    "perplexity": 15.418793678283691,
    "tokens_evaluated": 3478624,
    "num_batches": 794
  }
}