{
  "14M_seed42_dolma_para_K8_wd0.1_lr3e-3": {
    "validation_loss": 4.573691531796341,
    "perplexity": 96.9011459350586,
    "tokens_evaluated": 3478624,
    "num_batches": 794
  }
}