{
  "14M_seed42_dolma_para_K2_wd0.2_lr3e-3": {
    "validation_loss": 5.089289087044996,
    "perplexity": 162.27447509765625,
    "tokens_evaluated": 3478624,
    "num_batches": 794
  }
}