{
  "14M_seed42_dolma_para_K1_wd0.2_lr3e-3": {
    "validation_loss": 5.179037850742694,
    "perplexity": 177.51197814941406,
    "tokens_evaluated": 3478624,
    "num_batches": 794
  }
}