{
  "14M_seed42_dolma_para_K1_wd0.1_lr3e-3": {
    "validation_loss": 5.129089832012016,
    "perplexity": 168.8633575439453,
    "tokens_evaluated": 3478624,
    "num_batches": 794
  }
}