{
  "14M_seed42_dolma_para_K2_wd0.1_lr3e-3": {
    "validation_loss": 4.876078506755091,
    "perplexity": 131.11549377441406,
    "tokens_evaluated": 3478624,
    "num_batches": 794
  }
}