{
  "14M_seed42_dolma_para_K4_wd0.2_lr3e-3": {
    "validation_loss": 4.711347295135479,
    "perplexity": 111.20185852050781,
    "tokens_evaluated": 3478624,
    "num_batches": 794
  }
}