{
  "14M_seed42_dolma_para_K4_wd0.1_lr3e-3": {
    "validation_loss": 4.673655481094703,
    "perplexity": 107.08849334716797,
    "tokens_evaluated": 3478624,
    "num_batches": 794
  }
}