{
  "30M_seed42_case4_dolma_epoch2_wd1.6_lr1e-4": {
    "validation_loss": 7.955189442201992,
    "perplexity": 2850.32763671875,
    "tokens_evaluated": 13279917,
    "num_batches": 1526
  }
}