{
  "30M_seed42_case4_dolma_epoch8_wd0.1_lr3e-4": {
    "validation_loss": 5.333972196718878,
    "perplexity": 207.2595672607422,
    "tokens_evaluated": 13279917,
    "num_batches": 1526
  }
}