{
  "30M_seed42_case4_dolma_epoch16_wd0.1_lr3e-4": {
    "validation_loss": 4.683829230546254,
    "perplexity": 108.18354797363281,
    "tokens_evaluated": 13279917,
    "num_batches": 1526
  }
}