{
  "30M_seed42_case4_dolma_epoch8_wd0.4_lr1e-4": {
    "validation_loss": 6.1497550714319456,
    "perplexity": 468.6025695800781,
    "tokens_evaluated": 13279917,
    "num_batches": 1526
  }
}