{
  "30M_seed42_case4_dolma_epoch16_wd0.4_lr1e-3": {
    "validation_loss": 4.197312806867858,
    "perplexity": 66.50737762451172,
    "tokens_evaluated": 13279917,
    "num_batches": 1526
  }
}