{
  "30M_seed42_case4_dolma_epoch16_wd0.8_lr1e-4": {
    "validation_loss": 5.638321916419804,
    "perplexity": 280.99078369140625,
    "tokens_evaluated": 13279917,
    "num_batches": 1526
  }
}