{
  "30M_seed42_case4_dolma_epoch32_wd1.6_lr3e-4": {
    "validation_loss": 4.550810542866509,
    "perplexity": 94.70912170410156,
    "tokens_evaluated": 13279917,
    "num_batches": 1526
  }
}