{
  "30M_seed42_case4_dolma_epoch2_wd0.4_lr1e-4": {
    "validation_loss": 7.90429561428523,
    "perplexity": 2708.893310546875,
    "tokens_evaluated": 13279917,
    "num_batches": 1526
  }
}