{
  "30M_seed42_case4_dolma_epoch16_wd0.1_lr1e-4": {
    "validation_loss": 5.596293162676228,
    "perplexity": 269.42578125,
    "tokens_evaluated": 13279917,
    "num_batches": 1526
  }
}