{
  "30M_seed42_case4_dolma_epoch2_wd0.8_lr1e-4": {
    "validation_loss": 7.921477269492724,
    "perplexity": 2755.83935546875,
    "tokens_evaluated": 13279917,
    "num_batches": 1526
  }
}