{
  "30M_seed42_case4_dolma_epoch32_wd0.1_lr1e-3": {
    "validation_loss": 4.053618423214613,
    "perplexity": 57.60552215576172,
    "tokens_evaluated": 13279917,
    "num_batches": 1526
  }
}