{
  "30M_seed42_case4_dolma_epoch1_wd0.8_lr1e-4": {
    "validation_loss": 9.07925766029943,
    "perplexity": 8771.455078125,
    "tokens_evaluated": 13279917,
    "num_batches": 1526
  }
}