{
  "30M_seed42_case4_dolma_epoch8_wd0.2_lr1e-3": {
    "validation_loss": 4.4991324848418195,
    "perplexity": 89.9390869140625,
    "tokens_evaluated": 13279917,
    "num_batches": 1526
  }
}