{
  "30M_seed42_case4_dolma_epoch1_wd0.8_lr3e-4": {
    "validation_loss": 7.526135351951936,
    "perplexity": 1855.9193115234375,
    "tokens_evaluated": 13279917,
    "num_batches": 1526
  }
}