{
  "30M_seed42_case4_dolma_epoch1_wd0.2_lr1e-3": {
    "validation_loss": 6.565741153025584,
    "perplexity": 710.3380737304688,
    "tokens_evaluated": 13279917,
    "num_batches": 1526
  }
}