{
  "30M_seed42_case4_dolma_epoch4_wd1.6_lr1e-4": {
    "validation_loss": 6.913228475997347,
    "perplexity": 1005.4882202148438,
    "tokens_evaluated": 13279917,
    "num_batches": 1526
  }
}