{
  "30M_seed42_case4_dolma_epoch2_wd0.1_lr3e-4": {
    "validation_loss": 6.578140005035423,
    "perplexity": 719.2001953125,
    "tokens_evaluated": 13279917,
    "num_batches": 1526
  }
}