{
  "30M_seed42_case4_dolma_epoch32_wd0.8_lr1e-4": {
    "validation_loss": 4.993011677499683,
    "perplexity": 147.3795928955078,
    "tokens_evaluated": 13279917,
    "num_batches": 1526
  }
}