{
  "30M_seed42_case4_dolma_epoch8_wd0.8_lr3e-4": {
    "validation_loss": 5.396522909529362,
    "perplexity": 220.63792419433594,
    "tokens_evaluated": 13279917,
    "num_batches": 1526
  }
}