{
  "30M_seed42_case4_dolma_epoch1_wd0.4_lr1e-3": {
    "validation_loss": 6.556462509549546,
    "perplexity": 703.7775268554688,
    "tokens_evaluated": 13279917,
    "num_batches": 1526
  }
}