{
  "30M_seed42_case4_dolma_epoch1_wd1.6_lr1e-4": {
    "validation_loss": 9.096804345379192,
    "perplexity": 8926.72265625,
    "tokens_evaluated": 13279917,
    "num_batches": 1526
  }
}