{
  "30M_seed42_case4_dolma_epoch4_wd0.2_lr1e-3": {
    "validation_loss": 5.194359612523251,
    "perplexity": 180.25270080566406,
    "tokens_evaluated": 13279917,
    "num_batches": 1526
  }
}