{
  "30M_seed42_case4_dolma_epoch8_wd1.6_lr3e-4": {
    "validation_loss": 5.481806299466494,
    "perplexity": 240.28033447265625,
    "tokens_evaluated": 13279917,
    "num_batches": 1526
  }
}