{
  "30M_seed42_case4_dolma_epoch1_wd1.6_lr3e-3": {
    "validation_loss": 6.596617240644157,
    "perplexity": 732.6127319335938,
    "tokens_evaluated": 13279917,
    "num_batches": 1526
  }
}