{
  "30M_seed42_case4_dolma_epoch1_wd0.1_lr3e-4": {
    "validation_loss": 7.492220913794821,
    "perplexity": 1794.031982421875,
    "tokens_evaluated": 13279917,
    "num_batches": 1526
  }
}