{
  "30M_seed42_case4_dolma_epoch2_wd0.1_lr1e-3": {
    "validation_loss": 5.820781604656184,
    "perplexity": 337.2355651855469,
    "tokens_evaluated": 13279917,
    "num_batches": 1526
  }
}