{
  "30M_seed42_case4_dolma_epoch64_wd0.2_lr1e-4": {
    "validation_loss": 4.508435543856609,
    "perplexity": 90.77970123291016,
    "tokens_evaluated": 13279917,
    "num_batches": 1526
  }
}