{
  "30M_seed42_case4_dolma_epoch2_wd1.6_lr3e-3": {
    "validation_loss": 5.886216979932932,
    "perplexity": 360.04071044921875,
    "tokens_evaluated": 13279917,
    "num_batches": 1526
  }
}