{
  "30M_seed42_case4_dolma_epoch1_wd0.1_lr3e-3": {
    "validation_loss": 6.4747133463911855,
    "perplexity": 648.5332641601562,
    "tokens_evaluated": 13279917,
    "num_batches": 1526
  }
}