{
  "30M_seed42_case4_dolma_epoch4_wd0.8_lr3e-4": {
    "validation_loss": 5.947900729699473,
    "perplexity": 382.9486083984375,
    "tokens_evaluated": 13279917,
    "num_batches": 1526
  }
}