{
  "30M_seed42_case4_dolma_epoch32_wd0.2_lr1e-3": {
    "validation_loss": 4.051026830604085,
    "perplexity": 57.456424713134766,
    "tokens_evaluated": 13279917,
    "num_batches": 1526
  }
}