{
  "30M_seed42_case4_dolma_epoch32_wd0.8_lr3e-4": {
    "validation_loss": 4.381114180647623,
    "perplexity": 79.9270248413086,
    "tokens_evaluated": 13279917,
    "num_batches": 1526
  }
}