{
  "30M_seed42_case4_dolma_epoch16_wd0.8_lr3e-4": {
    "validation_loss": 4.7319999325773505,
    "perplexity": 113.52236938476562,
    "tokens_evaluated": 13279917,
    "num_batches": 1526
  }
}