{
  "30M_seed42_case4_dolma_epoch4_wd0.2_lr1e-4": {
    "validation_loss": 6.838163196768991,
    "perplexity": 932.7744140625,
    "tokens_evaluated": 13279917,
    "num_batches": 1526
  }
}