{
  "30M_seed42_case4_dolma_epoch8_wd0.8_lr1e-4": {
    "validation_loss": 6.168473363293611,
    "perplexity": 477.45660400390625,
    "tokens_evaluated": 13279917,
    "num_batches": 1526
  }
}