{
  "30M_seed42_case4_dolma_epoch64_wd0.1_lr1e-3": {
    "validation_loss": 4.08673803255298,
    "perplexity": 59.545345306396484,
    "tokens_evaluated": 13279917,
    "num_batches": 1526
  }
}