{
  "30M_seed42_case4_dolma_epoch2_wd0.8_lr3e-3": {
    "validation_loss": 5.769681684289823,
    "perplexity": 320.4356384277344,
    "tokens_evaluated": 13279917,
    "num_batches": 1526
  }
}