{
  "30M_seed42_case4_dolma_epoch4_wd0.8_lr3e-3": {
    "validation_loss": 5.085335287498879,
    "perplexity": 161.63412475585938,
    "tokens_evaluated": 13279917,
    "num_batches": 1526
  }
}