{
  "30M_seed42_case4_dolma_epoch8_wd0.1_lr1e-4": {
    "validation_loss": 6.138312051459099,
    "perplexity": 463.2708435058594,
    "tokens_evaluated": 13279917,
    "num_batches": 1526
  }
}