{
  "30M_seed42_case4_dolma_epoch8_wd0.4_lr1e-3": {
    "validation_loss": 4.5233161175230805,
    "perplexity": 92.140625,
    "tokens_evaluated": 13279917,
    "num_batches": 1526
  }
}