{
  "30M_seed42_case4_dolma_epoch1_wd0.4_lr3e-4": {
    "validation_loss": 7.507289743414812,
    "perplexity": 1821.27099609375,
    "tokens_evaluated": 13279917,
    "num_batches": 1526
  }
}