{
  "30M_seed42_case4_dolma_epoch2_wd1.6_lr3e-4": {
    "validation_loss": 6.655426981366628,
    "perplexity": 776.9896240234375,
    "tokens_evaluated": 13279917,
    "num_batches": 1526
  }
}