{
  "30M_seed42_case4_dolma_epoch32_wd0.2_lr3e-3": {
    "validation_loss": 3.896129773711182,
    "perplexity": 49.21162414550781,
    "tokens_evaluated": 13279917,
    "num_batches": 1526
  }
}