{
  "30M_seed42_case4_dolma_epoch2_wd0.8_lr1e-3": {
    "validation_loss": 5.855025681707009,
    "perplexity": 348.98388671875,
    "tokens_evaluated": 13279917,
    "num_batches": 1526
  }
}