{
  "30M_seed42_case4_dolma_epoch8_wd0.2_lr3e-4": {
    "validation_loss": 5.343387053057377,
    "perplexity": 209.2201690673828,
    "tokens_evaluated": 13279917,
    "num_batches": 1526
  }
}