{
  "30M_seed42_case4_dolma_epoch2_wd1.6_lr1e-3": {
    "validation_loss": 5.95107051203238,
    "perplexity": 384.164306640625,
    "tokens_evaluated": 13279917,
    "num_batches": 1526
  }
}