{
  "30M_seed42_case4_dolma_epoch2_wd0.4_lr3e-3": {
    "validation_loss": 5.656835538548194,
    "perplexity": 286.2414245605469,
    "tokens_evaluated": 13279917,
    "num_batches": 1526
  }
}