{
  "30M_seed42_case4_dolma_epoch4_wd0.1_lr3e-4": {
    "validation_loss": 5.904896753149182,
    "perplexity": 366.829345703125,
    "tokens_evaluated": 13279917,
    "num_batches": 1526
  }
}