{
  "30M_seed42_case4_dolma_epoch16_wd0.1_lr3e-3": {
    "validation_loss": 3.99167008637754,
    "perplexity": 54.14524459838867,
    "tokens_evaluated": 13279917,
    "num_batches": 1526
  }
}