{
  "30M_seed42_case4_dolma_epoch2_wd0.4_lr3e-4": {
    "validation_loss": 6.5922291084555305,
    "perplexity": 729.4048461914062,
    "tokens_evaluated": 13279917,
    "num_batches": 1526
  }
}