{
  "30M_seed42_case4_dolma_epoch2_wd0.4_lr1e-3": {
    "validation_loss": 5.842423756447659,
    "perplexity": 344.6136474609375,
    "tokens_evaluated": 13279917,
    "num_batches": 1526
  }
}