{
  "30M_seed42_case4_dolma_epoch64_wd0.8_lr3e-3": {
    "validation_loss": 3.9623892143072363,
    "perplexity": 52.58280944824219,
    "tokens_evaluated": 13279917,
    "num_batches": 1526
  }
}