{
  "30M_seed42_case4_dolma_epoch32_wd1.6_lr3e-3": {
    "validation_loss": 4.211624380043071,
    "perplexity": 67.46602630615234,
    "tokens_evaluated": 13279917,
    "num_batches": 1526
  }
}