{
  "30M_seed42_case4_dolma_epoch64_wd0.1_lr3e-4": {
    "validation_loss": 4.1723215496718185,
    "perplexity": 64.86585235595703,
    "tokens_evaluated": 13279917,
    "num_batches": 1526
  }
}