{
  "30M_seed42_case4_dolma_epoch64_wd0.4_lr1e-3": {
    "validation_loss": 3.983753659696725,
    "perplexity": 53.71829605102539,
    "tokens_evaluated": 13279917,
    "num_batches": 1526
  }
}