{
  "30M_seed42_case4_dolma_epoch4_wd0.2_lr3e-3": {
    "validation_loss": 4.876044100307983,
    "perplexity": 131.11099243164062,
    "tokens_evaluated": 13279917,
    "num_batches": 1526
  }
}