{
  "30M_seed42_case4_dolma_epoch8_wd0.8_lr3e-3": {
    "validation_loss": 4.370908088571591,
    "perplexity": 79.1154556274414,
    "tokens_evaluated": 13279917,
    "num_batches": 1526
  }
}