{
  "30M_seed42_case4_dolma_epoch8_wd0.2_lr1e-4": {
    "validation_loss": 6.141462015552907,
    "perplexity": 464.7324523925781,
    "tokens_evaluated": 13279917,
    "num_batches": 1526
  }
}