{
  "30M_seed42_case4_dolma_epoch64_wd0.1_lr1e-4": {
    "validation_loss": 4.505787707659901,
    "perplexity": 90.5396499633789,
    "tokens_evaluated": 13279917,
    "num_batches": 1526
  }
}