{
  "30M_seed42_case4_dolma_epoch8_wd1.6_lr1e-3": {
    "validation_loss": 4.7968690385193105,
    "perplexity": 121.13053894042969,
    "tokens_evaluated": 13279917,
    "num_batches": 1526
  }
}