{
  "30M_seed42_case4_dolma_epoch2_wd0.2_lr1e-3": {
    "validation_loss": 5.817840079644558,
    "perplexity": 336.2450256347656,
    "tokens_evaluated": 13279917,
    "num_batches": 1526
  }
}