{
  "30M_seed42_case4_dolma_epoch8_wd0.2_lr3e-3": {
    "validation_loss": 4.265985036429915,
    "perplexity": 71.23505401611328,
    "tokens_evaluated": 13279917,
    "num_batches": 1526
  }
}