{
  "30M_seed42_case4_dolma_epoch64_wd1.6_lr3e-4": {
    "validation_loss": 4.330774306050115,
    "perplexity": 76.00311279296875,
    "tokens_evaluated": 13279917,
    "num_batches": 1526
  }
}