{
  "30M_seed42_case4_dolma_epoch64_wd0.2_lr1e-3": {
    "validation_loss": 4.0672524221336905,
    "perplexity": 58.396305084228516,
    "tokens_evaluated": 13279917,
    "num_batches": 1526
  }
}