{
  "30M_seed42_case4_dolma_epoch4_wd0.1_lr3e-3": {
    "validation_loss": 4.928202092090448,
    "perplexity": 138.13095092773438,
    "tokens_evaluated": 13279917,
    "num_batches": 1526
  }
}