{
  "30M_seed42_case4_dolma_epoch16_wd0.4_lr3e-4": {
    "validation_loss": 4.7045801036179995,
    "perplexity": 110.45191955566406,
    "tokens_evaluated": 13279917,
    "num_batches": 1526
  }
}