{
  "30M_seed42_case4_dolma_epoch8_wd1.6_lr1e-4": {
    "validation_loss": 6.21197137053125,
    "perplexity": 498.6833190917969,
    "tokens_evaluated": 13279917,
    "num_batches": 1526
  }
}