{
  "30M_seed42_case4_dolma_epoch32_wd0.2_lr3e-4": {
    "validation_loss": 4.320236097184615,
    "perplexity": 75.20639038085938,
    "tokens_evaluated": 13279917,
    "num_batches": 1526
  }
}