{
  "30M_seed42_case4_dolma_epoch32_wd0.1_lr3e-4": {
    "validation_loss": 4.315931199305854,
    "perplexity": 74.88333129882812,
    "tokens_evaluated": 13279917,
    "num_batches": 1526
  }
}