{
  "30M_seed42_case4_dolma_epoch8_wd0.1_lr1e-3": {
    "validation_loss": 4.490875291091569,
    "perplexity": 89.1994857788086,
    "tokens_evaluated": 13279917,
    "num_batches": 1526
  }
}