{
  "30M_seed42_case4_dolma_epoch4_wd0.4_lr1e-3": {
    "validation_loss": 5.19960655230493,
    "perplexity": 181.20091247558594,
    "tokens_evaluated": 13279917,
    "num_batches": 1526
  }
}