{
  "30M_seed42_case4_dolma_epoch16_wd1.6_lr3e-4": {
    "validation_loss": 4.859616969506356,
    "perplexity": 128.97476196289062,
    "tokens_evaluated": 13279917,
    "num_batches": 1526
  }
}