{
  "30M_seed42_case4_dolma_epoch1_wd0.4_lr3e-3": {
    "validation_loss": 6.452797303727736,
    "perplexity": 634.4747314453125,
    "tokens_evaluated": 13279917,
    "num_batches": 1526
  }
}