{
  "30M_seed42_case4_dolma_epoch8_wd0.1_lr3e-3": {
    "validation_loss": 4.211470823454577,
    "perplexity": 67.4556655883789,
    "tokens_evaluated": 13279917,
    "num_batches": 1526
  }
}