{
  "30M_seed42_case4_dolma_epoch64_wd1.6_lr3e-3": {
    "validation_loss": 4.197428359789095,
    "perplexity": 66.51505279541016,
    "tokens_evaluated": 13279917,
    "num_batches": 1526
  }
}