{
  "30M_seed42_case4_dolma_epoch4_wd1.6_lr1e-3": {
    "validation_loss": 5.37127134694253,
    "perplexity": 215.1361541748047,
    "tokens_evaluated": 13279917,
    "num_batches": 1526
  }
}