{
  "30M_seed42_case4_dolma_epoch2_wd0.1_lr1e-4": {
    "validation_loss": 7.89183167478687,
    "perplexity": 2675.34033203125,
    "tokens_evaluated": 13279917,
    "num_batches": 1526
  }
}