{
  "30M_seed42_case4_dolma_epoch8_wd0.8_lr1e-3": {
    "validation_loss": 4.585822213576099,
    "perplexity": 98.08378601074219,
    "tokens_evaluated": 13279917,
    "num_batches": 1526
  }
}