{
  "30M_seed42_case4_dolma_epoch64_wd0.8_lr3e-4": {
    "validation_loss": 4.174008424860872,
    "perplexity": 64.97537994384766,
    "tokens_evaluated": 13279917,
    "num_batches": 1526
  }
}