{
  "30M_seed42_case4_dolma_epoch16_wd0.2_lr3e-3": {
    "validation_loss": 3.972798506851431,
    "perplexity": 53.133018493652344,
    "tokens_evaluated": 13279917,
    "num_batches": 1526
  }
}