{
  "30M_seed42_case4_dolma_epoch16_wd1.6_lr1e-3": {
    "validation_loss": 4.438114998784442,
    "perplexity": 84.61530303955078,
    "tokens_evaluated": 13279917,
    "num_batches": 1526
  }
}