{
  "30M_seed42_case4_dolma_epoch4_wd0.2_lr3e-4": {
    "validation_loss": 5.914167154106766,
    "perplexity": 370.2457275390625,
    "tokens_evaluated": 13279917,
    "num_batches": 1526
  }
}