{
  "30M_seed42_case4_dolma_epoch1_wd0.8_lr1e-3": {
    "validation_loss": 6.577238652363424,
    "perplexity": 718.5523681640625,
    "tokens_evaluated": 13279917,
    "num_batches": 1526
  }
}