{
  "30M_seed42_case4_dolma_epoch1_wd0.1_lr1e-3": {
    "validation_loss": 6.561925575949688,
    "perplexity": 707.6328735351562,
    "tokens_evaluated": 13279917,
    "num_batches": 1526
  }
}