{
  "30M_seed42_case4_dolma_epoch4_wd0.4_lr3e-4": {
    "validation_loss": 5.923499845875119,
    "perplexity": 373.71746826171875,
    "tokens_evaluated": 13279917,
    "num_batches": 1526
  }
}