{
  "30M_seed42_case4_dolma_epoch2_wd0.8_lr3e-4": {
    "validation_loss": 6.612440823295902,
    "perplexity": 744.2973022460938,
    "tokens_evaluated": 13279917,
    "num_batches": 1526
  }
}