{
  "30M_seed42_case4_dolma_epoch1_wd1.6_lr1e-3": {
    "validation_loss": 6.621362754793338,
    "perplexity": 750.9677124023438,
    "tokens_evaluated": 13279917,
    "num_batches": 1526
  }
}