{
  "30M_seed42_case4_dolma_epoch4_wd0.1_lr1e-3": {
    "validation_loss": 5.167809698668838,
    "perplexity": 175.52992248535156,
    "tokens_evaluated": 13279917,
    "num_batches": 1526
  }
}