{
  "30M_seed42_case4_dolma_epoch16_wd0.1_lr1e-3": {
    "validation_loss": 4.155041637984964,
    "perplexity": 63.75462341308594,
    "tokens_evaluated": 13279917,
    "num_batches": 1526
  }
}