{
  "30M_seed42_case4_dolma_epoch64_wd0.2_lr3e-3": {
    "validation_loss": 3.8962833046353356,
    "perplexity": 49.219181060791016,
    "tokens_evaluated": 13279917,
    "num_batches": 1526
  }
}