{
  "30M_seed42_case4_dolma_epoch64_wd0.4_lr3e-3": {
    "validation_loss": 3.8819877539138377,
    "perplexity": 48.52056884765625,
    "tokens_evaluated": 13279917,
    "num_batches": 1526
  }
}