{
  "30M_seed42_case4_dolma_epoch32_wd0.4_lr3e-4": {
    "validation_loss": 4.3428859148919665,
    "perplexity": 76.92923736572266,
    "tokens_evaluated": 13279917,
    "num_batches": 1526
  }
}