{
  "30M_seed42_case4_dolma_epoch2_wd0.1_lr3e-3": {
    "validation_loss": 5.648373514460313,
    "perplexity": 283.8294677734375,
    "tokens_evaluated": 13279917,
    "num_batches": 1526
  }
}