{
  "30M_seed42_case4_dolma_epoch16_wd0.4_lr3e-3": {
    "validation_loss": 3.9952089177361056,
    "perplexity": 54.337196350097656,
    "tokens_evaluated": 13279917,
    "num_batches": 1526
  }
}