{
  "30M_seed42_case4_dolma_epoch64_wd0.8_lr1e-4": {
    "validation_loss": 4.550686752647931,
    "perplexity": 94.69742584228516,
    "tokens_evaluated": 13279917,
    "num_batches": 1526
  }
}