{
  "30M_seed42_case4_dolma_epoch1_wd0.2_lr3e-3": {
    "validation_loss": 6.4435240594700725,
    "perplexity": 628.6181030273438,
    "tokens_evaluated": 13279917,
    "num_batches": 1526
  }
}