{
  "30M_seed42_case4_dolma_epoch4_wd0.8_lr1e-4": {
    "validation_loss": 6.868847025311674,
    "perplexity": 961.8388061523438,
    "tokens_evaluated": 13279917,
    "num_batches": 1526
  }
}