{
  "30M_seed42_case4_dolma_epoch16_wd0.8_lr1e-3": {
    "validation_loss": 4.219875535099001,
    "perplexity": 68.0250015258789,
    "tokens_evaluated": 13279917,
    "num_batches": 1526
  }
}