{
  "30M_seed42_case4_dolma_epoch4_wd0.8_lr1e-3": {
    "validation_loss": 5.256412097386885,
    "perplexity": 191.7921142578125,
    "tokens_evaluated": 13279917,
    "num_batches": 1526
  }
}