{
  "30M_seed42_case4_dolma_epoch1_wd0.2_lr3e-4": {
    "validation_loss": 7.4970524963736125,
    "perplexity": 1802.7213134765625,
    "tokens_evaluated": 13279917,
    "num_batches": 1526
  }
}