{
  "30M_seed42_case4_dolma_epoch32_wd1.6_lr1e-3": {
    "validation_loss": 4.245669786933368,
    "perplexity": 69.80249786376953,
    "tokens_evaluated": 13279917,
    "num_batches": 1526
  }
}