{
  "30M_seed42_case4_dolma_epoch64_wd0.4_lr1e-4": {
    "validation_loss": 4.517179891721674,
    "perplexity": 91.57698059082031,
    "tokens_evaluated": 13279917,
    "num_batches": 1526
  }
}