{
  "30M_seed42_dolma_para_K2_wd0.1_lr3e-3": {
    "validation_loss": 3.811446410421998,
    "perplexity": 45.21579360961914,
    "tokens_evaluated": 3478624,
    "num_batches": 794
  }
}