{
  "30M_seed42_dolma_para_K1_wd0.2_lr3e-3": {
    "validation_loss": 3.844408497872695,
    "perplexity": 46.73103713989258,
    "tokens_evaluated": 3478624,
    "num_batches": 794
  }
}