{
  "30M_seed42_dolma_para_K4_wd0.2_lr1e-3": {
    "validation_loss": 3.8829208427783692,
    "perplexity": 48.56585693359375,
    "tokens_evaluated": 3478624,
    "num_batches": 794
  }
}