{
  "30M_seed42_dolma_para_K4_wd0.1_lr3e-3": {
    "validation_loss": 3.759503200273118,
    "perplexity": 42.92708969116211,
    "tokens_evaluated": 3478624,
    "num_batches": 794
  }
}