{
  "30M_seed42_dolma_para_K2_wd0.1_lr1e-3": {
    "validation_loss": 3.9394193147816177,
    "perplexity": 51.38874816894531,
    "tokens_evaluated": 3478624,
    "num_batches": 794
  }
}