{
  "30M_seed42_dolma_para_K8_wd0.1_lr1e-3": {
    "validation_loss": 3.8016510542455375,
    "perplexity": 44.775047302246094,
    "tokens_evaluated": 3478624,
    "num_batches": 794
  }
}