{
  "30M_seed42_dolma_para_K8_wd0.2_lr1e-3": {
    "validation_loss": 3.8147040305742568,
    "perplexity": 45.36332321166992,
    "tokens_evaluated": 3478624,
    "num_batches": 794
  }
}