{
  "30M_seed42_dolma_para_K1_wd0.1_lr1e-3": {
    "validation_loss": 3.982087345557198,
    "perplexity": 53.62886047363281,
    "tokens_evaluated": 3478624,
    "num_batches": 794
  }
}