{
  "30M_seed42_dolma_para_K2_wd0.2_lr1e-3": {
    "validation_loss": 3.946898891128203,
    "perplexity": 51.77456283569336,
    "tokens_evaluated": 3478624,
    "num_batches": 794
  }
}