{
  "30M_seed42_dolma_para_K1_wd0.1_lr3e-3": {
    "validation_loss": 3.830515441737321,
    "perplexity": 46.08628463745117,
    "tokens_evaluated": 3478624,
    "num_batches": 794
  }
}