{
  "30M_seed42_dolma_para_K4_wd0.1_lr1e-3": {
    "validation_loss": 3.869089709826042,
    "perplexity": 47.89875793457031,
    "tokens_evaluated": 3478624,
    "num_batches": 794
  }
}