{
  "30M_seed42_dolma_para_K2_wd0.2_lr3e-3": {
    "validation_loss": 3.8112326557818057,
    "perplexity": 45.20612335205078,
    "tokens_evaluated": 3478624,
    "num_batches": 794
  }
}