{
  "60M_seed42_case4_dolma_epoch2_wd0.1_lr1e-3": {
    "validation_loss": 6.720818255186219,
    "perplexity": 829.4957885742188,
    "tokens_evaluated": 3478624,
    "num_batches": 794
  }
}