{
  "60M_seed42_case4_dolma_epoch32_wd0.4_lr1e-3": {
    "validation_loss": 4.032693266867494,
    "perplexity": 56.41264724731445,
    "tokens_evaluated": 3478624,
    "num_batches": 794
  }
}