{
  "60M_seed42_case4_dolma_epoch4_wd0.1_lr1e-3": {
    "validation_loss": 5.949953907752705,
    "perplexity": 383.7356872558594,
    "tokens_evaluated": 3478624,
    "num_batches": 794
  }
}