{
  "60M_seed42_case4_dolma_epoch1_wd0.1_lr1e-3": {
    "validation_loss": 7.4437227321521835,
    "perplexity": 1709.1009521484375,
    "tokens_evaluated": 3478624,
    "num_batches": 794
  }
}