{
  "60M_seed42_case4_dolma_epoch8_wd0.1_lr1e-3": {
    "validation_loss": 5.217236407698602,
    "perplexity": 184.423828125,
    "tokens_evaluated": 3478624,
    "num_batches": 794
  }
}