{
  "60M_seed42_case4_dolma_epoch64_wd0.4_lr1e-3": {
    "validation_loss": 4.4086288241879865,
    "perplexity": 82.15674591064453,
    "tokens_evaluated": 3478624,
    "num_batches": 794
  }
}