{
  "14M_seed42_dolma_para_K2_wd0.2_lr3e-3": {
    "validation_loss": 9.617225383996571,
    "perplexity": 15021.3173828125,
    "tokens_evaluated": 3478624,
    "num_batches": 794
  }
}