{
  "14M_seed42_dolma_para_K1_wd0.1_lr1e-3": {
    "validation_loss": 10.901241979722082,
    "perplexity": 54243.70703125,
    "tokens_evaluated": 3478624,
    "num_batches": 794
  }
}