{
  "14M_seed42_dolma_para_K4_wd0.1_lr3e-3": {
    "validation_loss": 8.98225510815753,
    "perplexity": 7960.56298828125,
    "tokens_evaluated": 3478624,
    "num_batches": 794
  }
}