{
  "14M_seed42_dolma_para_K8_wd0.1_lr3e-3": {
    "validation_loss": 8.379982613994786,
    "perplexity": 4358.9345703125,
    "tokens_evaluated": 3478624,
    "num_batches": 794
  }
}