{
  "14M_seed42_dolma_para_K1_wd0.2_lr3e-3": {
    "validation_loss": 9.940297542543492,
    "perplexity": 20749.908203125,
    "tokens_evaluated": 3478624,
    "num_batches": 794
  }
}