{
  "14M_seed42_dolma_para_K8_wd0.2_lr3e-3": {
    "validation_loss": 8.385104022654684,
    "perplexity": 4381.31494140625,
    "tokens_evaluated": 3478624,
    "num_batches": 794
  }
}