{
  "14M_seed42_dolma_para_K2_wd0.1_lr3e-3": {
    "validation_loss": 9.613975873221081,
    "perplexity": 14972.576171875,
    "tokens_evaluated": 3478624,
    "num_batches": 794
  }
}