{
  "14M_seed42_dolma_para_K4_wd0.2_lr3e-3": {
    "validation_loss": 8.987458353262713,
    "perplexity": 8002.09130859375,
    "tokens_evaluated": 3478624,
    "num_batches": 794
  }
}