{
  "14M_seed42_dolma_para_K2_wd0.2_lr3e-3": {
    "validation_loss": 7.905340642452797,
    "perplexity": 2711.72607421875,
    "tokens_evaluated": 3478624,
    "num_batches": 794
  }
}