{
  "14M_seed42_dolma_para_K4_wd0.2_lr3e-3": {
    "validation_loss": 7.583016081052047,
    "perplexity": 1964.544921875,
    "tokens_evaluated": 3478624,
    "num_batches": 794
  }
}