{
  "14M_seed42_dolma_para_K1_wd0.1_lr3e-3": {
    "validation_loss": 7.988730640547006,
    "perplexity": 2947.552490234375,
    "tokens_evaluated": 3478624,
    "num_batches": 794
  }
}