{
  "14M_seed42_dolma_para_K1_wd0.2_lr3e-3": {
    "validation_loss": 7.9886566966127,
    "perplexity": 2947.334716796875,
    "tokens_evaluated": 3478624,
    "num_batches": 794
  }
}