{
  "14M_seed42_dolma_para_K2_wd0.1_lr3e-3": {
    "validation_loss": 7.902785625621115,
    "perplexity": 2704.806884765625,
    "tokens_evaluated": 3478624,
    "num_batches": 794
  }
}