{
  "14M_seed42_dolma_para_K8_wd0.1_lr3e-3": {
    "validation_loss": 7.02995423899449,
    "perplexity": 1129.9791259765625,
    "tokens_evaluated": 3478624,
    "num_batches": 794
  }
}