{
  "14M_seed42_dolma_para_K4_wd0.1_lr3e-3": {
    "validation_loss": 7.536568510744793,
    "perplexity": 1875.3839111328125,
    "tokens_evaluated": 3478624,
    "num_batches": 794
  }
}