{
  "14M_seed42_dolma_para_K8_wd0.2_lr3e-3": {
    "validation_loss": 7.028650451709003,
    "perplexity": 1128.5064697265625,
    "tokens_evaluated": 3478624,
    "num_batches": 794
  }
}