{
  "60M_seed42_dolma_para_K1_wd0.1_lr3e-3": {
    "validation_loss": 6.303824980409594,
    "perplexity": 546.6588134765625,
    "tokens_evaluated": 3478624,
    "num_batches": 794
  },
  "60M_seed42_dolma_para_K1_wd0.2_lr3e-3": {
    "validation_loss": 6.3213065391452865,
    "perplexity": 556.2994384765625,
    "tokens_evaluated": 3478624,
    "num_batches": 794
  },
  "60M_seed42_dolma_para_K2_wd0.1_lr3e-3": {
    "validation_loss": 6.165676571764956,
    "perplexity": 476.1231689453125,
    "tokens_evaluated": 3478624,
    "num_batches": 794
  },
  "60M_seed42_dolma_para_K2_wd0.2_lr3e-3": {
    "validation_loss": 6.149955182642799,
    "perplexity": 468.6964111328125,
    "tokens_evaluated": 3478624,
    "num_batches": 794
  },
  "60M_seed42_dolma_para_K4_wd0.1_lr3e-3": {
    "validation_loss": 5.703599674430806,
    "perplexity": 299.9450988769531,
    "tokens_evaluated": 3478624,
    "num_batches": 794
  },
  "60M_seed42_dolma_para_K4_wd0.2_lr3e-3": {
    "validation_loss": 5.656961593916383,
    "perplexity": 286.2774353027344,
    "tokens_evaluated": 3478624,
    "num_batches": 794
  },
  "60M_seed42_dolma_para_K8_wd0.1_lr3e-3": {
    "validation_loss": 5.032162443989504,
    "perplexity": 153.2641143798828,
    "tokens_evaluated": 3478624,
    "num_batches": 794
  },
  "60M_seed42_dolma_para_K8_wd0.2_lr3e-3": {
    "validation_loss": 5.017157311608699,
    "perplexity": 150.98146057128906,
    "tokens_evaluated": 3478624,
    "num_batches": 794
  },
  "60M_seed42_dolma_para_K16_wd0.1_lr3e-3": {
    "validation_loss": 4.241708394629196,
    "perplexity": 69.52651977539062,
    "tokens_evaluated": 3478624,
    "num_batches": 794
  }
}