{
  "14M_seed42_dolma_para_K1_wd0.1_lr3e-3": {
    "validation_loss": 8.755312915747856,
    "perplexity": 6344.3056640625,
    "tokens_evaluated": 3478624,
    "num_batches": 794
  },
  "14M_seed42_dolma_para_K1_wd0.2_lr3e-3": {
    "validation_loss": 8.760486534881052,
    "perplexity": 6377.2138671875,
    "tokens_evaluated": 3478624,
    "num_batches": 794
  },
  "14M_seed42_dolma_para_K2_wd0.1_lr3e-3": {
    "validation_loss": 8.456803759193155,
    "perplexity": 4706.9873046875,
    "tokens_evaluated": 3478624,
    "num_batches": 794
  },
  "14M_seed42_dolma_para_K2_wd0.2_lr3e-3": {
    "validation_loss": 8.46198072142826,
    "perplexity": 4731.4208984375,
    "tokens_evaluated": 3478624,
    "num_batches": 794
  },
  "14M_seed42_dolma_para_K4_wd0.1_lr3e-3": {
    "validation_loss": 8.153407087168752,
    "perplexity": 3475.19921875,
    "tokens_evaluated": 3478624,
    "num_batches": 794
  },
  "14M_seed42_dolma_para_K4_wd0.2_lr3e-3": {
    "validation_loss": 8.155970586891677,
    "perplexity": 3484.119384765625,
    "tokens_evaluated": 3478624,
    "num_batches": 794
  },
  "14M_seed42_dolma_para_K8_wd0.1_lr3e-3": {
    "validation_loss": 8.00238809025247,
    "perplexity": 2988.0849609375,
    "tokens_evaluated": 3478624,
    "num_batches": 794
  },
  "14M_seed42_dolma_para_K8_wd0.2_lr3e-3": {
    "validation_loss": 8.003353106930266,
    "perplexity": 2990.97021484375,
    "tokens_evaluated": 3478624,
    "num_batches": 794
  }
}