{
  "30M_seed42_dolma_para_K1_wd0.1_lr1e-3": {
    "validation_loss": 4.8427888517446345,
    "perplexity": 126.82252502441406,
    "tokens_evaluated": 3478624,
    "num_batches": 794
  },
  "30M_seed42_dolma_para_K1_wd0.1_lr3e-3": {
    "validation_loss": 4.516436574869362,
    "perplexity": 91.5089340209961,
    "tokens_evaluated": 3478624,
    "num_batches": 794
  },
  "30M_seed42_dolma_para_K1_wd0.2_lr1e-3": {
    "validation_loss": 4.859878681317648,
    "perplexity": 129.00852966308594,
    "tokens_evaluated": 3478624,
    "num_batches": 794
  },
  "30M_seed42_dolma_para_K1_wd0.2_lr3e-3": {
    "validation_loss": 4.595087389902251,
    "perplexity": 98.9968032836914,
    "tokens_evaluated": 3478624,
    "num_batches": 794
  },
  "30M_seed42_dolma_para_K2_wd0.1_lr1e-3": {
    "validation_loss": 4.598178254160603,
    "perplexity": 99.30326080322266,
    "tokens_evaluated": 3478624,
    "num_batches": 794
  },
  "30M_seed42_dolma_para_K2_wd0.1_lr3e-3": {
    "validation_loss": 4.332932085774522,
    "perplexity": 76.16728210449219,
    "tokens_evaluated": 3478624,
    "num_batches": 794
  },
  "30M_seed42_dolma_para_K2_wd0.2_lr1e-3": {
    "validation_loss": 4.630842609520092,
    "perplexity": 102.6004867553711,
    "tokens_evaluated": 3478624,
    "num_batches": 794
  },
  "30M_seed42_dolma_para_K2_wd0.2_lr3e-3": {
    "validation_loss": 4.385470947143787,
    "perplexity": 80.27601623535156,
    "tokens_evaluated": 3478624,
    "num_batches": 794
  },
  "30M_seed42_dolma_para_K4_wd0.1_lr1e-3": {
    "validation_loss": 4.415108456183034,
    "perplexity": 82.69082641601562,
    "tokens_evaluated": 3478624,
    "num_batches": 794
  },
  "30M_seed42_dolma_para_K4_wd0.1_lr3e-3": {
    "validation_loss": 4.112529435972295,
    "perplexity": 61.1010627746582,
    "tokens_evaluated": 3478624,
    "num_batches": 794
  },
  "30M_seed42_dolma_para_K4_wd0.2_lr1e-3": {
    "validation_loss": 4.432852058340813,
    "perplexity": 84.17115020751953,
    "tokens_evaluated": 3478624,
    "num_batches": 794
  },
  "30M_seed42_dolma_para_K4_wd0.2_lr3e-3": {
    "validation_loss": 4.150828141829346,
    "perplexity": 63.486568450927734,
    "tokens_evaluated": 3478624,
    "num_batches": 794
  },
  "30M_seed42_dolma_para_K8_wd0.1_lr1e-3": {
    "validation_loss": 4.181233462643248,
    "perplexity": 65.44652557373047,
    "tokens_evaluated": 3478624,
    "num_batches": 794
  },
  "30M_seed42_dolma_para_K8_wd0.1_lr3e-3": {
    "validation_loss": 4.003601530970381,
    "perplexity": 54.795143127441406,
    "tokens_evaluated": 3478624,
    "num_batches": 794
  },
  "30M_seed42_dolma_para_K8_wd0.2_lr1e-3": {
    "validation_loss": 4.200156343683212,
    "perplexity": 66.69674682617188,
    "tokens_evaluated": 3478624,
    "num_batches": 794
  },
  "30M_seed42_dolma_para_K8_wd0.2_lr3e-3": {
    "validation_loss": 3.993915448551146,
    "perplexity": 54.26696014404297,
    "tokens_evaluated": 3478624,
    "num_batches": 794
  },
  "30M_seed42_dolma_para_K16_wd0.1_lr3e-3": {
    "validation_loss": 3.8716587686121544,
    "perplexity": 48.02198028564453,
    "tokens_evaluated": 3478624,
    "num_batches": 794
  }
}