{
  "190M_seed42_dolma_para_K1_wd0.1_lr1e-3": {
    "validation_loss": 3.6505855385652084,
    "perplexity": 38.4972038269043,
    "tokens_evaluated": 3478624,
    "num_batches": 794
  },
  "190M_seed42_dolma_para_K1_wd0.1_lr3e-3": {
    "validation_loss": 3.5815017958328763,
    "perplexity": 35.927452087402344,
    "tokens_evaluated": 3478624,
    "num_batches": 794
  },
  "190M_seed42_dolma_para_K1_wd0.2_lr1e-3": {
    "validation_loss": 3.6275646722720185,
    "perplexity": 37.62108612060547,
    "tokens_evaluated": 3478624,
    "num_batches": 794
  },
  "190M_seed42_dolma_para_K1_wd0.2_lr3e-3": {
    "validation_loss": 3.5851899698085092,
    "perplexity": 36.060211181640625,
    "tokens_evaluated": 3478624,
    "num_batches": 794
  },
  "190M_seed42_dolma_para_K2_wd0.1_lr1e-3": {
    "validation_loss": 3.4994362350686066,
    "perplexity": 33.09678649902344,
    "tokens_evaluated": 3478624,
    "num_batches": 794
  },
  "190M_seed42_dolma_para_K2_wd0.1_lr3e-3": {
    "validation_loss": 3.5412540978481855,
    "perplexity": 34.510169982910156,
    "tokens_evaluated": 3478624,
    "num_batches": 794
  },
  "190M_seed42_dolma_para_K2_wd0.2_lr1e-3": {
    "validation_loss": 3.518395963290168,
    "perplexity": 33.73027801513672,
    "tokens_evaluated": 3478624,
    "num_batches": 794
  },
  "190M_seed42_dolma_para_K2_wd0.2_lr3e-3": {
    "validation_loss": 3.483065969861294,
    "perplexity": 32.55939865112305,
    "tokens_evaluated": 3478624,
    "num_batches": 794
  },
  "190M_seed42_dolma_para_K4_wd0.2_lr3e-3": {
    "validation_loss": 3.3724245469015957,
    "perplexity": 29.14911651611328,
    "tokens_evaluated": 3478624,
    "num_batches": 794
  },
  "190M_seed42_dolma_para_K8_wd0.2_lr3e-3": {
    "validation_loss": 3.19825060045378,
    "perplexity": 24.489648818969727,
    "tokens_evaluated": 3478624,
    "num_batches": 794
  }
}