{
  "60M_seed42_dolma_para_K1_wd0.1_lr1e-3": {
    "validation_loss": 3.5442313805104764,
    "perplexity": 34.61307144165039,
    "tokens_evaluated": 3478624,
    "num_batches": 794
  },
  "60M_seed42_dolma_para_K1_wd0.1_lr3e-3": {
    "validation_loss": 3.4452135227355702,
    "perplexity": 31.349977493286133,
    "tokens_evaluated": 3478624,
    "num_batches": 794
  },
  "60M_seed42_dolma_para_K1_wd0.2_lr1e-3": {
    "validation_loss": 3.539709985442071,
    "perplexity": 34.45692825317383,
    "tokens_evaluated": 3478624,
    "num_batches": 794
  },
  "60M_seed42_dolma_para_K1_wd0.2_lr3e-3": {
    "validation_loss": 3.4702390439365134,
    "perplexity": 32.14442825317383,
    "tokens_evaluated": 3478624,
    "num_batches": 794
  },
  "60M_seed42_dolma_para_K2_wd0.1_lr1e-3": {
    "validation_loss": 3.501799836541645,
    "perplexity": 33.175106048583984,
    "tokens_evaluated": 3478624,
    "num_batches": 794
  },
  "60M_seed42_dolma_para_K2_wd0.1_lr3e-3": {
    "validation_loss": 3.407109929272456,
    "perplexity": 30.17790412902832,
    "tokens_evaluated": 3478624,
    "num_batches": 794
  },
  "60M_seed42_dolma_para_K2_wd0.2_lr1e-3": {
    "validation_loss": 3.5060134213656795,
    "perplexity": 33.315189361572266,
    "tokens_evaluated": 3478624,
    "num_batches": 794
  },
  "60M_seed42_dolma_para_K2_wd0.2_lr3e-3": {
    "validation_loss": 3.4085216437821617,
    "perplexity": 30.220535278320312,
    "tokens_evaluated": 3478624,
    "num_batches": 794
  },
  "60M_seed42_dolma_para_K4_wd0.1_lr1e-3": {
    "validation_loss": 3.4374121552845747,
    "perplexity": 31.106359481811523,
    "tokens_evaluated": 3478624,
    "num_batches": 794
  },
  "60M_seed42_dolma_para_K4_wd0.1_lr3e-3": {
    "validation_loss": 3.363738640332861,
    "perplexity": 28.897022247314453,
    "tokens_evaluated": 3478624,
    "num_batches": 794
  },
  "60M_seed42_dolma_para_K4_wd0.2_lr1e-3": {
    "validation_loss": 3.4356685030185874,
    "perplexity": 31.052162170410156,
    "tokens_evaluated": 3478624,
    "num_batches": 794
  },
  "60M_seed42_dolma_para_K4_wd0.2_lr3e-3": {
    "validation_loss": 3.3726346470725455,
    "perplexity": 29.15523910522461,
    "tokens_evaluated": 3478624,
    "num_batches": 794
  },
  "60M_seed42_dolma_para_K8_wd0.1_lr1e-3": {
    "validation_loss": 3.3765088458181713,
    "perplexity": 29.268415451049805,
    "tokens_evaluated": 3478624,
    "num_batches": 794
  },
  "60M_seed42_dolma_para_K8_wd0.1_lr3e-3": {
    "validation_loss": 3.3159109280864247,
    "perplexity": 27.547473907470703,
    "tokens_evaluated": 3478624,
    "num_batches": 794
  },
  "60M_seed42_dolma_para_K8_wd0.2_lr1e-3": {
    "validation_loss": 3.3776594869064516,
    "perplexity": 29.30211067199707,
    "tokens_evaluated": 3478624,
    "num_batches": 794
  },
  "60M_seed42_dolma_para_K8_wd0.2_lr3e-3": {
    "validation_loss": 3.3355851624371176,
    "perplexity": 28.094818115234375,
    "tokens_evaluated": 3478624,
    "num_batches": 794
  }
}