{
  "30M_seed42_dolma_para_K1_wd0.1_lr1e-3": {
    "validation_loss": 6.290528238795107,
    "perplexity": 539.438232421875,
    "tokens_evaluated": 3478624,
    "num_batches": 794
  },
  "30M_seed42_dolma_para_K1_wd0.1_lr3e-3": {
    "validation_loss": 6.1488632153301,
    "perplexity": 468.1849060058594,
    "tokens_evaluated": 3478624,
    "num_batches": 794
  },
  "30M_seed42_dolma_para_K1_wd0.2_lr1e-3": {
    "validation_loss": 6.2901869322613715,
    "perplexity": 539.2540893554688,
    "tokens_evaluated": 3478624,
    "num_batches": 794
  },
  "30M_seed42_dolma_para_K1_wd0.2_lr3e-3": {
    "validation_loss": 6.1674741085466955,
    "perplexity": 476.9798583984375,
    "tokens_evaluated": 3478624,
    "num_batches": 794
  },
  "30M_seed42_dolma_para_K2_wd0.1_lr1e-3": {
    "validation_loss": 6.0893946084626425,
    "perplexity": 441.15423583984375,
    "tokens_evaluated": 3478624,
    "num_batches": 794
  },
  "30M_seed42_dolma_para_K2_wd0.1_lr3e-3": {
    "validation_loss": 5.8499706690497,
    "perplexity": 347.2242431640625,
    "tokens_evaluated": 3478624,
    "num_batches": 794
  },
  "30M_seed42_dolma_para_K2_wd0.2_lr1e-3": {
    "validation_loss": 6.086395177487025,
    "perplexity": 439.83306884765625,
    "tokens_evaluated": 3478624,
    "num_batches": 794
  },
  "30M_seed42_dolma_para_K2_wd0.2_lr3e-3": {
    "validation_loss": 5.898491177019411,
    "perplexity": 364.4871826171875,
    "tokens_evaluated": 3478624,
    "num_batches": 794
  },
  "30M_seed42_dolma_para_K4_wd0.1_lr1e-3": {
    "validation_loss": 5.763517685530974,
    "perplexity": 318.4666748046875,
    "tokens_evaluated": 3478624,
    "num_batches": 794
  },
  "30M_seed42_dolma_para_K4_wd0.1_lr3e-3": {
    "validation_loss": 5.5886940780701835,
    "perplexity": 267.3861999511719,
    "tokens_evaluated": 3478624,
    "num_batches": 794
  },
  "30M_seed42_dolma_para_K4_wd0.2_lr1e-3": {
    "validation_loss": 5.771740507250271,
    "perplexity": 321.0960998535156,
    "tokens_evaluated": 3478624,
    "num_batches": 794
  },
  "30M_seed42_dolma_para_K4_wd0.2_lr3e-3": {
    "validation_loss": 5.575006136964892,
    "perplexity": 263.7511291503906,
    "tokens_evaluated": 3478624,
    "num_batches": 794
  },
  "30M_seed42_dolma_para_K8_wd0.1_lr1e-3": {
    "validation_loss": 5.360670040926878,
    "perplexity": 212.86753845214844,
    "tokens_evaluated": 3478624,
    "num_batches": 794
  },
  "30M_seed42_dolma_para_K8_wd0.1_lr3e-3": {
    "validation_loss": 5.060332251001716,
    "perplexity": 157.6428985595703,
    "tokens_evaluated": 3478624,
    "num_batches": 794
  },
  "30M_seed42_dolma_para_K8_wd0.2_lr1e-3": {
    "validation_loss": 5.373087986366543,
    "perplexity": 215.52735900878906,
    "tokens_evaluated": 3478624,
    "num_batches": 794
  },
  "30M_seed42_dolma_para_K8_wd0.2_lr3e-3": {
    "validation_loss": 5.110289124874812,
    "perplexity": 165.71826171875,
    "tokens_evaluated": 3478624,
    "num_batches": 794
  }
}