{
  "30M_seed42_dolma_para_K1_wd0.1_lr3e-3": {
    "validation_loss": 7.921547716822173,
    "perplexity": 2756.03369140625,
    "tokens_evaluated": 3478624,
    "num_batches": 794
  },
  "30M_seed42_dolma_para_K1_wd0.2_lr3e-3": {
    "validation_loss": 7.924889680079412,
    "perplexity": 2765.259033203125,
    "tokens_evaluated": 3478624,
    "num_batches": 794
  },
  "30M_seed42_dolma_para_K2_wd0.1_lr3e-3": {
    "validation_loss": 7.665923446513083,
    "perplexity": 2134.363037109375,
    "tokens_evaluated": 3478624,
    "num_batches": 794
  },
  "30M_seed42_dolma_para_K2_wd0.2_lr3e-3": {
    "validation_loss": 7.686030994532384,
    "perplexity": 2177.713623046875,
    "tokens_evaluated": 3478624,
    "num_batches": 794
  },
  "30M_seed42_dolma_para_K4_wd0.1_lr3e-3": {
    "validation_loss": 7.3287693429234695,
    "perplexity": 1523.5054931640625,
    "tokens_evaluated": 3478624,
    "num_batches": 794
  },
  "30M_seed42_dolma_para_K4_wd0.2_lr3e-3": {
    "validation_loss": 7.3114778256420045,
    "perplexity": 1497.38818359375,
    "tokens_evaluated": 3478624,
    "num_batches": 794
  },
  "30M_seed42_dolma_para_K8_wd0.1_lr3e-3": {
    "validation_loss": 6.816563834927528,
    "perplexity": 912.8427124023438,
    "tokens_evaluated": 3478624,
    "num_batches": 794
  },
  "30M_seed42_dolma_para_K8_wd0.2_lr3e-3": {
    "validation_loss": 6.829670086898494,
    "perplexity": 924.885498046875,
    "tokens_evaluated": 3478624,
    "num_batches": 794
  }
}