{
  "370M_seed42_case4_dolma_epoch8_wd0.2_lr3e-3": {
    "validation_loss": 2.570159873929767,
    "perplexity": 13.067914009094238,
    "tokens_evaluated": 3478624,
    "num_batches": 794
  }
}