{
  "370M_seed42_case4_dolma_epoch2_wd0.2_lr3e-3": {
    "validation_loss": 2.635345343778812,
    "perplexity": 13.94813060760498,
    "tokens_evaluated": 3478624,
    "num_batches": 794
  }
}