{
  "370M_seed42_case4_dolma_epoch4_wd0.2_lr3e-3": {
    "validation_loss": 2.5945568254384446,
    "perplexity": 13.39065170288086,
    "tokens_evaluated": 3478624,
    "num_batches": 794
  }
}