{
  "370M_seed42_case4_dolma_epoch1_wd0.2_lr3e-3": {
    "validation_loss": 2.7293897222055556,
    "perplexity": 15.323532104492188,
    "tokens_evaluated": 3478624,
    "num_batches": 794
  }
}