{
  "60M_seed42_dolma_para_K1_wd0.2_lr1e-3": {
    "validation_loss": 4.442394300491327,
    "perplexity": 84.97815704345703,
    "tokens_evaluated": 3478624,
    "num_batches": 794
  }
}