{
  "60M_seed42_dolma_para_K1_wd0.2_lr3e-3": {
    "validation_loss": 4.405149094377906,
    "perplexity": 81.871337890625,
    "tokens_evaluated": 3478624,
    "num_batches": 794
  }
}