{
  "60M_seed42_dolma_para_K8_wd0.1_lr1e-3": {
    "validation_loss": 3.7368832809912993,
    "perplexity": 41.966983795166016,
    "tokens_evaluated": 3478624,
    "num_batches": 794
  }
}