{
  "60M_seed42_dolma_para_K4_wd0.1_lr3e-3": {
    "validation_loss": 3.8612907742546425,
    "perplexity": 47.52665328979492,
    "tokens_evaluated": 3478624,
    "num_batches": 794
  }
}