{
  "60M_seed42_dolma_para_K2_wd0.1_lr1e-3": {
    "validation_loss": 4.238890046164581,
    "perplexity": 69.33086395263672,
    "tokens_evaluated": 3478624,
    "num_batches": 794
  }
}