{
  "60M_seed42_dolma_para_K8_wd0.1_lr3e-3": {
    "validation_loss": 3.65462688156294,
    "perplexity": 38.65309524536133,
    "tokens_evaluated": 3478624,
    "num_batches": 794
  }
}