{
  "60M_seed42_dolma_para_K2_wd0.2_lr1e-3": {
    "validation_loss": 4.249922968570646,
    "perplexity": 70.0999984741211,
    "tokens_evaluated": 3478624,
    "num_batches": 794
  }
}