{
  "60M_seed42_dolma_para_K16_wd0.1_lr3e-3": {
    "validation_loss": 3.4915235320562905,
    "perplexity": 32.835933685302734,
    "tokens_evaluated": 3478624,
    "num_batches": 794
  }
}