{
  "60M_seed42_dolma_para_K8_wd0.2_lr1e-3": {
    "validation_loss": 3.7389732270373823,
    "perplexity": 42.05478286743164,
    "tokens_evaluated": 3478624,
    "num_batches": 794
  }
}