{
  "60M_seed42_dolma_para_K4_wd0.2_lr1e-3": {
    "validation_loss": 3.9693751065070693,
    "perplexity": 52.95143127441406,
    "tokens_evaluated": 3478624,
    "num_batches": 794
  }
}