{
  "14M_seed42_dolma_para_K8_wd0.1_lr3e-3": {
    "validation_loss": 4.841864076303276,
    "perplexity": 126.705322265625,
    "tokens_evaluated": 3478624,
    "num_batches": 794
  }
}