{
  "14M_seed42_dolma_para_K8_wd0.2_lr3e-3": {
    "validation_loss": 4.876380931499086,
    "perplexity": 131.15513610839844,
    "tokens_evaluated": 3478624,
    "num_batches": 794
  }
}