{
  "14M_seed42_dolma_para_K2_wd0.1_lr3e-3": {
    "validation_loss": 5.5413008868873606,
    "perplexity": 255.00949096679688,
    "tokens_evaluated": 3478624,
    "num_batches": 794
  }
}