{
  "14M_seed42_dolma_para_K2_wd0.2_lr3e-3": {
    "validation_loss": 5.589124672319024,
    "perplexity": 267.5013732910156,
    "tokens_evaluated": 3478624,
    "num_batches": 794
  }
}