{
  "14M_seed42_dolma_para_K4_wd0.1_lr3e-3": {
    "validation_loss": 5.216784776696413,
    "perplexity": 184.34056091308594,
    "tokens_evaluated": 3478624,
    "num_batches": 794
  }
}