{
  "370M_seed42_case4_dolma_epoch4_wd0.2_lr3e-3": {
    "validation_loss": 2.6504768000945065,
    "perplexity": 14.160787582397461,
    "tokens_evaluated": 3478624,
    "num_batches": 794
  }
}