{
  "370M_seed42_case4_dolma_epoch1_wd0.2_lr3e-3": {
    "validation_loss": 2.9141022022653007,
    "perplexity": 18.43225860595703,
    "tokens_evaluated": 3478624,
    "num_batches": 794
  }
}