{
  "60M_seed42_case4_dolma_epoch16_wd0.2_lr1e-3": {
    "validation_loss": 3.7426802755653394,
    "perplexity": 42.210975646972656,
    "tokens_evaluated": 3478624,
    "num_batches": 794
  },
  "60M_seed42_case4_dolma_epoch1_wd0.1_lr1e-3": {
    "validation_loss": 6.419092920759131,
    "perplexity": 613.446533203125,
    "tokens_evaluated": 3478624,
    "num_batches": 794
  },
  "60M_seed42_case4_dolma_epoch2_wd0.1_lr1e-3": {
    "validation_loss": 5.70345047582257,
    "perplexity": 299.9004821777344,
    "tokens_evaluated": 3478624,
    "num_batches": 794
  },
  "60M_seed42_case4_dolma_epoch32_wd0.4_lr1e-3": {
    "validation_loss": 3.6685263462577757,
    "perplexity": 39.19410705566406,
    "tokens_evaluated": 3478624,
    "num_batches": 794
  },
  "60M_seed42_case4_dolma_epoch4_wd0.1_lr1e-3": {
    "validation_loss": 4.843875838162544,
    "perplexity": 126.96048736572266,
    "tokens_evaluated": 3478624,
    "num_batches": 794
  },
  "60M_seed42_case4_dolma_epoch64_wd0.4_lr1e-3": {
    "validation_loss": 3.761007081829895,
    "perplexity": 42.99169921875,
    "tokens_evaluated": 3478624,
    "num_batches": 794
  },
  "60M_seed42_case4_dolma_epoch64_wd0.8_lr1e-3": {
    "validation_loss": 3.6013629668426144,
    "perplexity": 36.64815139770508,
    "tokens_evaluated": 3478624,
    "num_batches": 794
  },
  "60M_seed42_case4_dolma_epoch8_wd0.1_lr1e-3": {
    "validation_loss": 4.098364303529773,
    "perplexity": 60.24167251586914,
    "tokens_evaluated": 3478624,
    "num_batches": 794
  }
}