{
  "370M_seed42_case4_dolma_epoch1_wd0.1_lr1e-3": {
    "validation_loss": 3.7745532617099857,
    "perplexity": 43.57803726196289,
    "tokens_evaluated": 13279917,
    "num_batches": 3052
  },
  "370M_seed42_case4_dolma_epoch1_wd0.1_lr1e-4": {
    "validation_loss": 5.0924201037097205,
    "perplexity": 162.78334045410156,
    "tokens_evaluated": 13279917,
    "num_batches": 3052
  },
  "370M_seed42_case4_dolma_epoch1_wd0.1_lr3e-3": {
    "validation_loss": 3.7504512422383858,
    "perplexity": 42.54027557373047,
    "tokens_evaluated": 13279917,
    "num_batches": 3052
  },
  "370M_seed42_case4_dolma_epoch1_wd0.1_lr3e-4": {
    "validation_loss": 4.135620282967007,
    "perplexity": 62.52835464477539,
    "tokens_evaluated": 13279917,
    "num_batches": 3052
  },
  "370M_seed42_case4_dolma_epoch1_wd0.2_lr1e-3": {
    "validation_loss": 3.780304216048711,
    "perplexity": 43.82937240600586,
    "tokens_evaluated": 13279917,
    "num_batches": 3052
  },
  "370M_seed42_case4_dolma_epoch1_wd0.2_lr1e-4": {
    "validation_loss": 5.097816373111527,
    "perplexity": 163.66415405273438,
    "tokens_evaluated": 13279917,
    "num_batches": 3052
  },
  "370M_seed42_case4_dolma_epoch1_wd0.2_lr3e-3": {
    "validation_loss": 3.6722824232999667,
    "perplexity": 39.34159851074219,
    "tokens_evaluated": 13279917,
    "num_batches": 3052
  },
  "370M_seed42_case4_dolma_epoch1_wd0.2_lr3e-4": {
    "validation_loss": 4.152308047207057,
    "perplexity": 63.58057403564453,
    "tokens_evaluated": 13279917,
    "num_batches": 3052
  },
  "370M_seed42_case4_dolma_epoch1_wd0.4_lr1e-3": {
    "validation_loss": 3.7487337820310738,
    "perplexity": 42.4672737121582,
    "tokens_evaluated": 13279917,
    "num_batches": 3052
  },
  "370M_seed42_case4_dolma_epoch1_wd0.4_lr1e-4": {
    "validation_loss": 5.0949956995124905,
    "perplexity": 163.20310974121094,
    "tokens_evaluated": 13279917,
    "num_batches": 3052
  },
  "370M_seed42_case4_dolma_epoch1_wd0.4_lr3e-3": {
    "validation_loss": 3.6831687257239163,
    "perplexity": 39.772220611572266,
    "tokens_evaluated": 13279917,
    "num_batches": 3052
  },
  "370M_seed42_case4_dolma_epoch1_wd0.4_lr3e-4": {
    "validation_loss": 4.171046234594989,
    "perplexity": 64.78319549560547,
    "tokens_evaluated": 13279917,
    "num_batches": 3052
  },
  "370M_seed42_case4_dolma_epoch1_wd0.8_lr1e-3": {
    "validation_loss": 3.774508306076598,
    "perplexity": 43.576072692871094,
    "tokens_evaluated": 13279917,
    "num_batches": 3052
  },
  "370M_seed42_case4_dolma_epoch1_wd0.8_lr1e-4": {
    "validation_loss": 5.102805109827388,
    "perplexity": 164.48265075683594,
    "tokens_evaluated": 13279917,
    "num_batches": 3052
  },
  "370M_seed42_case4_dolma_epoch1_wd0.8_lr3e-3": {
    "validation_loss": 3.7881431940371115,
    "perplexity": 44.17430114746094,
    "tokens_evaluated": 13279917,
    "num_batches": 3052
  },
  "370M_seed42_case4_dolma_epoch1_wd0.8_lr3e-4": {
    "validation_loss": 4.20072136844207,
    "perplexity": 66.73444366455078,
    "tokens_evaluated": 13279917,
    "num_batches": 3052
  },
  "370M_seed42_case4_dolma_epoch1_wd1.6_lr1e-3": {
    "validation_loss": 3.947617841380334,
    "perplexity": 51.811790466308594,
    "tokens_evaluated": 13279917,
    "num_batches": 3052
  },
  "370M_seed42_case4_dolma_epoch1_wd1.6_lr1e-4": {
    "validation_loss": 5.114528458947076,
    "perplexity": 166.4223175048828,
    "tokens_evaluated": 13279917,
    "num_batches": 3052
  },
  "370M_seed42_case4_dolma_epoch1_wd1.6_lr3e-3": {
    "validation_loss": 4.0733521087898295,
    "perplexity": 58.75359344482422,
    "tokens_evaluated": 13279917,
    "num_batches": 3052
  },
  "370M_seed42_case4_dolma_epoch1_wd1.6_lr3e-4": {
    "validation_loss": 4.1728850538393685,
    "perplexity": 64.90242004394531,
    "tokens_evaluated": 13279917,
    "num_batches": 3052
  },
  "370M_seed42_case4_dolma_epoch2_wd0.1_lr1e-3": {
    "validation_loss": 3.2610152548334357,
    "perplexity": 26.07599639892578,
    "tokens_evaluated": 13279917,
    "num_batches": 3052
  },
  "370M_seed42_case4_dolma_epoch2_wd0.1_lr1e-4": {
    "validation_loss": 4.356025853359679,
    "perplexity": 77.94673156738281,
    "tokens_evaluated": 13279917,
    "num_batches": 3052
  },
  "370M_seed42_case4_dolma_epoch2_wd0.1_lr3e-3": {
    "validation_loss": 3.185819572075686,
    "perplexity": 24.187105178833008,
    "tokens_evaluated": 13279917,
    "num_batches": 3052
  },
  "370M_seed42_case4_dolma_epoch2_wd0.1_lr3e-4": {
    "validation_loss": 3.5835245214837226,
    "perplexity": 36.00019836425781,
    "tokens_evaluated": 13279917,
    "num_batches": 3052
  },
  "370M_seed42_case4_dolma_epoch2_wd0.2_lr1e-3": {
    "validation_loss": 3.2231369314798806,
    "perplexity": 25.106754302978516,
    "tokens_evaluated": 13279917,
    "num_batches": 3052
  },
  "370M_seed42_case4_dolma_epoch2_wd0.2_lr1e-4": {
    "validation_loss": 4.355657628754999,
    "perplexity": 77.91804504394531,
    "tokens_evaluated": 13279917,
    "num_batches": 3052
  },
  "370M_seed42_case4_dolma_epoch2_wd0.2_lr3e-3": {
    "validation_loss": 3.1607069012782785,
    "perplexity": 23.58726692199707,
    "tokens_evaluated": 13279917,
    "num_batches": 3052
  },
  "370M_seed42_case4_dolma_epoch2_wd0.2_lr3e-4": {
    "validation_loss": 3.585432837436738,
    "perplexity": 36.06896209716797,
    "tokens_evaluated": 13279917,
    "num_batches": 3052
  },
  "370M_seed42_case4_dolma_epoch2_wd0.4_lr1e-3": {
    "validation_loss": 3.215508830327524,
    "perplexity": 24.915969848632812,
    "tokens_evaluated": 13279917,
    "num_batches": 3052
  },
  "370M_seed42_case4_dolma_epoch2_wd0.4_lr1e-4": {
    "validation_loss": 4.358480061170269,
    "perplexity": 78.13827514648438,
    "tokens_evaluated": 13279917,
    "num_batches": 3052
  },
  "370M_seed42_case4_dolma_epoch2_wd0.4_lr3e-3": {
    "validation_loss": 3.1868937088082627,
    "perplexity": 24.213096618652344,
    "tokens_evaluated": 13279917,
    "num_batches": 3052
  },
  "370M_seed42_case4_dolma_epoch2_wd0.4_lr3e-4": {
    "validation_loss": 3.5782013284788796,
    "perplexity": 35.80907440185547,
    "tokens_evaluated": 13279917,
    "num_batches": 3052
  },
  "370M_seed42_case4_dolma_epoch2_wd0.8_lr1e-3": {
    "validation_loss": 3.2386432422879836,
    "perplexity": 25.499099731445312,
    "tokens_evaluated": 13279917,
    "num_batches": 3052
  },
  "370M_seed42_case4_dolma_epoch2_wd0.8_lr1e-4": {
    "validation_loss": 4.365193901176732,
    "perplexity": 78.6646499633789,
    "tokens_evaluated": 13279917,
    "num_batches": 3052
  },
  "370M_seed42_case4_dolma_epoch2_wd0.8_lr3e-3": {
    "validation_loss": 3.2659137962098908,
    "perplexity": 26.204042434692383,
    "tokens_evaluated": 13279917,
    "num_batches": 3052
  },
  "370M_seed42_case4_dolma_epoch2_wd0.8_lr3e-4": {
    "validation_loss": 3.585225614588758,
    "perplexity": 36.061492919921875,
    "tokens_evaluated": 13279917,
    "num_batches": 3052
  },
  "370M_seed42_case4_dolma_epoch2_wd1.6_lr1e-3": {
    "validation_loss": 3.3559994275088645,
    "perplexity": 28.67424964904785,
    "tokens_evaluated": 13279917,
    "num_batches": 3052
  },
  "370M_seed42_case4_dolma_epoch2_wd1.6_lr1e-4": {
    "validation_loss": 4.381299115550907,
    "perplexity": 79.94181060791016,
    "tokens_evaluated": 13279917,
    "num_batches": 3052
  },
  "370M_seed42_case4_dolma_epoch2_wd1.6_lr3e-3": {
    "validation_loss": 3.3845073252516844,
    "perplexity": 29.503456115722656,
    "tokens_evaluated": 13279917,
    "num_batches": 3052
  },
  "370M_seed42_case4_dolma_epoch2_wd1.6_lr3e-4": {
    "validation_loss": 3.603502713409984,
    "perplexity": 36.726654052734375,
    "tokens_evaluated": 13279917,
    "num_batches": 3052
  },
  "370M_seed42_case4_dolma_epoch4_wd0.1_lr1e-3": {
    "validation_loss": 2.978214281602476,
    "perplexity": 19.652690887451172,
    "tokens_evaluated": 13279917,
    "num_batches": 3052
  },