{
  "370M_seed42_case4_dolma_epoch1_wd0.2_lr3e-3": {
    "validation_loss": 2.6501298687711072,
    "perplexity": 14.155876159667969,
    "tokens_evaluated": 3478624,
    "num_batches": 794
  }
}