{
  "30M_seed42_case4_dolma_epoch16_wd0.1_lr1e-4": {
    "validation_loss": 4.476729486907043,
    "perplexity": 87.94656372070312,
    "tokens_evaluated": 13279917,
    "num_batches": 1526
  },
  "30M_seed42_case4_dolma_epoch16_wd0.1_lr3e-3": {
    "validation_loss": 3.7004977679300914,
    "perplexity": 40.467445373535156,
    "tokens_evaluated": 13279917,
    "num_batches": 1526
  },
  "30M_seed42_case4_dolma_epoch16_wd0.1_lr3e-4": {
    "validation_loss": 4.042709331168777,
    "perplexity": 56.98051452636719,
    "tokens_evaluated": 13279917,
    "num_batches": 1526
  },
  "30M_seed42_case4_dolma_epoch16_wd0.2_lr1e-3": {
    "validation_loss": 3.785480667891752,
    "perplexity": 44.056846618652344,
    "tokens_evaluated": 13279917,
    "num_batches": 1526
  },
  "30M_seed42_case4_dolma_epoch16_wd0.2_lr1e-4": {
    "validation_loss": 4.481941541790368,
    "perplexity": 88.40616607666016,
    "tokens_evaluated": 13279917,
    "num_batches": 1526
  },
  "30M_seed42_case4_dolma_epoch16_wd0.2_lr3e-3": {
    "validation_loss": 3.7050367297423388,
    "perplexity": 40.65153503417969,
    "tokens_evaluated": 13279917,
    "num_batches": 1526
  },
  "30M_seed42_case4_dolma_epoch16_wd0.2_lr3e-4": {
    "validation_loss": 4.047782799936739,
    "perplexity": 57.27033996582031,
    "tokens_evaluated": 13279917,
    "num_batches": 1526
  },
  "30M_seed42_case4_dolma_epoch16_wd0.4_lr1e-3": {
    "validation_loss": 3.79168957889277,
    "perplexity": 44.331241607666016,
    "tokens_evaluated": 13279917,
    "num_batches": 1526
  },
  "30M_seed42_case4_dolma_epoch16_wd0.4_lr1e-4": {
    "validation_loss": 4.494894028116855,
    "perplexity": 89.55867767333984,
    "tokens_evaluated": 13279917,
    "num_batches": 1526
  },
  "30M_seed42_case4_dolma_epoch16_wd0.4_lr3e-3": {
    "validation_loss": 3.7461621252449753,
    "perplexity": 42.35820770263672,
    "tokens_evaluated": 13279917,
    "num_batches": 1526
  },
  "30M_seed42_case4_dolma_epoch16_wd0.8_lr1e-3": {
    "validation_loss": 3.864519563035837,
    "perplexity": 47.680362701416016,
    "tokens_evaluated": 13279917,
    "num_batches": 1526
  },
  "30M_seed42_case4_dolma_epoch16_wd0.8_lr1e-4": {
    "validation_loss": 4.531991583768817,
    "perplexity": 92.94347381591797,
    "tokens_evaluated": 13279917,
    "num_batches": 1526
  },
  "30M_seed42_case4_dolma_epoch16_wd0.8_lr3e-3": {
    "validation_loss": 3.8478656298015994,
    "perplexity": 46.89286804199219,
    "tokens_evaluated": 13279917,
    "num_batches": 1526
  },
  "30M_seed42_case4_dolma_epoch16_wd0.8_lr3e-4": {
    "validation_loss": 4.115235932803411,
    "perplexity": 61.266658782958984,
    "tokens_evaluated": 13279917,
    "num_batches": 1526
  },
  "30M_seed42_case4_dolma_epoch16_wd1.6_lr1e-3": {
    "validation_loss": 4.101569432092813,
    "perplexity": 60.43507385253906,
    "tokens_evaluated": 13279917,
    "num_batches": 1526
  },
  "30M_seed42_case4_dolma_epoch16_wd1.6_lr1e-4": {
    "validation_loss": 4.657600460468216,
    "perplexity": 105.38290405273438,
    "tokens_evaluated": 13279917,
    "num_batches": 1526
  },
  "30M_seed42_case4_dolma_epoch16_wd1.6_lr3e-3": {
    "validation_loss": 4.115130780558413,
    "perplexity": 61.260231018066406,
    "tokens_evaluated": 13279917,
    "num_batches": 1526
  },
  "30M_seed42_case4_dolma_epoch16_wd1.6_lr3e-4": {
    "validation_loss": 4.315055301173945,
    "perplexity": 74.81776428222656,
    "tokens_evaluated": 13279917,
    "num_batches": 1526
  },
  "30M_seed42_case4_dolma_epoch1_wd0.1_lr1e-3": {
    "validation_loss": 5.157631301284206,
    "perplexity": 173.75241088867188,
    "tokens_evaluated": 13279917,
    "num_batches": 1526
  },
  "30M_seed42_case4_dolma_epoch1_wd0.1_lr1e-4": {
    "validation_loss": 6.838903828530493,
    "perplexity": 933.4653930664062,
    "tokens_evaluated": 13279917,
    "num_batches": 1526
  },
  "30M_seed42_case4_dolma_epoch1_wd0.1_lr3e-3": {
    "validation_loss": 4.9317311640136055,
    "perplexity": 138.61929321289062,
    "tokens_evaluated": 13279917,
    "num_batches": 1526
  },
  "30M_seed42_case4_dolma_epoch1_wd0.1_lr3e-4": {
    "validation_loss": 5.91270364868962,
    "perplexity": 369.7043151855469,
    "tokens_evaluated": 13279917,
    "num_batches": 1526
  },
  "30M_seed42_case4_dolma_epoch1_wd0.2_lr1e-3": {
    "validation_loss": 5.173627835191619,
    "perplexity": 176.55418395996094,
    "tokens_evaluated": 13279917,
    "num_batches": 1526
  },
  "30M_seed42_case4_dolma_epoch1_wd0.2_lr1e-4": {
    "validation_loss": 6.844820662532779,
    "perplexity": 939.0046997070312,
    "tokens_evaluated": 13279917,
    "num_batches": 1526
  },
  "30M_seed42_case4_dolma_epoch1_wd0.2_lr3e-3": {
    "validation_loss": 4.9418965567841795,
    "perplexity": 140.0355682373047,
    "tokens_evaluated": 13279917,
    "num_batches": 1526
  },
  "30M_seed42_case4_dolma_epoch1_wd0.4_lr3e-3": {
    "validation_loss": 4.95706216854438,
    "perplexity": 142.17550659179688,
    "tokens_evaluated": 13279917,
    "num_batches": 1526
  },
  "30M_seed42_case4_dolma_epoch1_wd0.4_lr3e-4": {
    "validation_loss": 5.931068240786774,
    "perplexity": 376.5566101074219,
    "tokens_evaluated": 13279917,
    "num_batches": 1526
  },
  "30M_seed42_case4_dolma_epoch1_wd0.8_lr1e-3": {
    "validation_loss": 5.2179123600461885,
    "perplexity": 184.54847717285156,
    "tokens_evaluated": 13279917,
    "num_batches": 1526
  },
  "30M_seed42_case4_dolma_epoch1_wd0.8_lr1e-4": {
    "validation_loss": 6.87508969591428,
    "perplexity": 967.8621215820312,
    "tokens_evaluated": 13279917,
    "num_batches": 1526
  },
  "30M_seed42_case4_dolma_epoch1_wd0.8_lr3e-3": {
    "validation_loss": 4.97697287346739,
    "perplexity": 145.03469848632812,
    "tokens_evaluated": 13279917,
    "num_batches": 1526
  },
  "30M_seed42_case4_dolma_epoch1_wd0.8_lr3e-4": {
    "validation_loss": 5.9533576834272806,
    "perplexity": 385.0440368652344,
    "tokens_evaluated": 13279917,
    "num_batches": 1526
  },
  "30M_seed42_case4_dolma_epoch1_wd1.6_lr1e-3": {
    "validation_loss": 5.3599264648341975,
    "perplexity": 212.7093505859375,
    "tokens_evaluated": 13279917,
    "num_batches": 1526
  },
  "30M_seed42_case4_dolma_epoch1_wd1.6_lr1e-4": {
    "validation_loss": 6.918342051437755,
    "perplexity": 1010.64306640625,
    "tokens_evaluated": 13279917,
    "num_batches": 1526
  },
  "30M_seed42_case4_dolma_epoch1_wd1.6_lr3e-3": {
    "validation_loss": 5.269117347428405,
    "perplexity": 194.2444305419922,
    "tokens_evaluated": 13279917,
    "num_batches": 1526
  },
  "30M_seed42_case4_dolma_epoch32_wd0.1_lr1e-3": {
    "validation_loss": 3.6941249027161183,
    "perplexity": 40.21036911010742,
    "tokens_evaluated": 13279917,
    "num_batches": 1526
  },
  "30M_seed42_case4_dolma_epoch32_wd0.1_lr1e-4": {
    "validation_loss": 4.20578025958883,
    "perplexity": 67.0728988647461,
    "tokens_evaluated": 13279917,
    "num_batches": 1526
  },
  "30M_seed42_case4_dolma_epoch32_wd0.1_lr3e-3": {
    "validation_loss": 3.6463284976638737,
    "perplexity": 38.33366394042969,
    "tokens_evaluated": 13279917,
    "num_batches": 1526
  },
  "30M_seed42_case4_dolma_epoch32_wd0.1_lr3e-4": {
    "validation_loss": 3.8811940660551922,
    "perplexity": 48.48207473754883,
    "tokens_evaluated": 13279917,
    "num_batches": 1526
  },
  "30M_seed42_case4_dolma_epoch32_wd0.2_lr1e-3": {
    "validation_loss": 3.7028243283151143,
    "perplexity": 40.561702728271484,
    "tokens_evaluated": 13279917,
    "num_batches": 1526
  },
  "30M_seed42_case4_dolma_epoch32_wd0.2_lr1e-4": {
    "validation_loss": 4.207153043915273,
    "perplexity": 67.1650390625,
    "tokens_evaluated": 13279917,
    "num_batches": 1526
  },
  "30M_seed42_case4_dolma_epoch32_wd0.2_lr3e-3": {
    "validation_loss": 3.667732497611572,
    "perplexity": 39.163002014160156,
    "tokens_evaluated": 13279917,
    "num_batches": 1526
  },