{
  "370M_seed42_case4_dolma_epoch1_wd0.2_lr3e-3": {
    "validation_loss": 2.7293897222055556,
    "perplexity": 15.323532104492188,
    "tokens_evaluated": 3478624,
    "num_batches": 794
  },
  "370M_seed42_case4_dolma_epoch2_wd0.2_lr3e-3": {
    "validation_loss": 2.635345343778812,
    "perplexity": 13.94813060760498,
    "tokens_evaluated": 3478624,
    "num_batches": 794
  },
  "370M_seed42_case4_dolma_epoch4_wd0.2_lr3e-3": {
    "validation_loss": 2.5945568254384446,
    "perplexity": 13.39065170288086,
    "tokens_evaluated": 3478624,
    "num_batches": 794
  },
  "370M_seed42_case4_dolma_epoch8_wd0.2_lr3e-3": {
    "validation_loss": 2.570159873929767,
    "perplexity": 13.067914009094238,
    "tokens_evaluated": 3478624,
    "num_batches": 794
  }
}