{
  "370M_seed42_case4_dolma_epoch1_wd0.2_lr3e-3": {
    "validation_loss": 2.587746791188125,
    "perplexity": 13.299771308898926,
    "tokens_evaluated": 3478624,
    "num_batches": 794
  }
}