{
  "30M_seed42_case4_dolma_epoch1_wd0.1_lr1e-3": {
    "validation_loss": 4.436099371776006,
    "perplexity": 84.4449234008789,
    "tokens_evaluated": 13279917,
    "num_batches": 1526
  },
  "30M_seed42_case4_dolma_epoch1_wd0.1_lr1e-4": {
    "validation_loss": 6.13837897052851,
    "perplexity": 463.302001953125,
    "tokens_evaluated": 13279917,
    "num_batches": 1526
  },
  "30M_seed42_case4_dolma_epoch1_wd0.1_lr3e-3": {
    "validation_loss": 4.186622725112264,
    "perplexity": 65.80018615722656,
    "tokens_evaluated": 13279917,
    "num_batches": 1526
  },
  "30M_seed42_case4_dolma_epoch1_wd0.1_lr3e-4": {
    "validation_loss": 5.324564561987544,
    "perplexity": 205.31890869140625,
    "tokens_evaluated": 13279917,
    "num_batches": 1526
  },
  "30M_seed42_case4_dolma_epoch1_wd0.2_lr1e-3": {
    "validation_loss": 4.43688071306458,
    "perplexity": 84.51090240478516,
    "tokens_evaluated": 13279917,
    "num_batches": 1526
  },
  "30M_seed42_case4_dolma_epoch1_wd0.2_lr1e-4": {
    "validation_loss": 6.141885500189167,
    "perplexity": 464.92926025390625,
    "tokens_evaluated": 13279917,
    "num_batches": 1526
  },
  "30M_seed42_case4_dolma_epoch1_wd0.2_lr3e-3": {
    "validation_loss": 4.133721954293959,
    "perplexity": 62.40977096557617,
    "tokens_evaluated": 13279917,
    "num_batches": 1526
  },
  "30M_seed42_case4_dolma_epoch1_wd0.2_lr3e-4": {
    "validation_loss": 5.329106687793822,
    "perplexity": 206.253662109375,
    "tokens_evaluated": 13279917,
    "num_batches": 1526
  },
  "30M_seed42_case4_dolma_epoch1_wd0.4_lr1e-3": {
    "validation_loss": 4.46939230792244,
    "perplexity": 87.30364990234375,
    "tokens_evaluated": 13279917,
    "num_batches": 1526
  },
  "30M_seed42_case4_dolma_epoch1_wd0.4_lr1e-4": {
    "validation_loss": 6.151327199221789,
    "perplexity": 469.33984375,
    "tokens_evaluated": 13279917,
    "num_batches": 1526
  },
  "30M_seed42_case4_dolma_epoch1_wd0.4_lr3e-3": {
    "validation_loss": 4.22327374182878,
    "perplexity": 68.25657653808594,
    "tokens_evaluated": 13279917,
    "num_batches": 1526
  },
  "30M_seed42_case4_dolma_epoch1_wd0.4_lr3e-4": {
    "validation_loss": 5.346508219628509,
    "perplexity": 209.8741455078125,
    "tokens_evaluated": 13279917,
    "num_batches": 1526
  },
  "30M_seed42_case4_dolma_epoch1_wd0.8_lr1e-3": {
    "validation_loss": 4.536408561205499,
    "perplexity": 93.35490417480469,
    "tokens_evaluated": 13279917,
    "num_batches": 1526
  },
  "30M_seed42_case4_dolma_epoch1_wd0.8_lr1e-4": {
    "validation_loss": 6.169847172355256,
    "perplexity": 478.1129455566406,
    "tokens_evaluated": 13279917,
    "num_batches": 1526
  },
  "30M_seed42_case4_dolma_epoch1_wd0.8_lr3e-3": {
    "validation_loss": 4.33112678811888,
    "perplexity": 76.02989959716797,
    "tokens_evaluated": 13279917,
    "num_batches": 1526
  },
  "30M_seed42_case4_dolma_epoch1_wd0.8_lr3e-4": {
    "validation_loss": 5.380043389646068,
    "perplexity": 217.03172302246094,
    "tokens_evaluated": 13279917,
    "num_batches": 1526
  },
  "30M_seed42_case4_dolma_epoch1_wd1.6_lr1e-3": {
    "validation_loss": 4.738552676727596,
    "perplexity": 114.26868438720703,
    "tokens_evaluated": 13279917,
    "num_batches": 1526
  },
  "30M_seed42_case4_dolma_epoch1_wd1.6_lr1e-4": {
    "validation_loss": 6.212288797316914,
    "perplexity": 498.84173583984375,
    "tokens_evaluated": 13279917,
    "num_batches": 1526
  },
  "30M_seed42_case4_dolma_epoch1_wd1.6_lr3e-3": {
    "validation_loss": 4.507357037816012,
    "perplexity": 90.68183898925781,
    "tokens_evaluated": 13279917,
    "num_batches": 1526
  },
  "30M_seed42_case4_dolma_epoch1_wd1.6_lr3e-4": {
    "validation_loss": 5.463722329578683,
    "perplexity": 235.97413635253906,
    "tokens_evaluated": 13279917,
    "num_batches": 1526
  },
  "30M_seed42_case4_dolma_epoch4_wd0.1_lr1e-3": {
    "validation_loss": 4.044208404420468,
    "perplexity": 57.066001892089844,
    "tokens_evaluated": 13279917,
    "num_batches": 1526
  },
  "30M_seed42_case4_dolma_epoch4_wd0.1_lr3e-3": {
    "validation_loss": 3.885791954884712,
    "perplexity": 48.705501556396484,
    "tokens_evaluated": 13279917,
    "num_batches": 1526
  },
  "30M_seed42_case4_dolma_epoch4_wd0.1_lr3e-4": {
    "validation_loss": 4.50043364021437,
    "perplexity": 90.05615997314453,
    "tokens_evaluated": 13279917,
    "num_batches": 1526
  },
  "30M_seed42_case4_dolma_epoch4_wd0.2_lr3e-4": {
    "validation_loss": 4.513873673489215,
    "perplexity": 91.27469635009766,
    "tokens_evaluated": 13279917,
    "num_batches": 1526
  }
}