{
  "60M_seed42_case4_dolma_epoch16_wd0.2_lr1e-3": {
    "validation_loss": 3.5011256694491037,
    "perplexity": 33.152748107910156,
    "tokens_evaluated": 3478624,
    "num_batches": 794
  },
  "60M_seed42_case4_dolma_epoch1_wd0.1_lr1e-3": {
    "validation_loss": 5.706376792287788,
    "perplexity": 300.7793884277344,
    "tokens_evaluated": 3478624,
    "num_batches": 794
  },
  "60M_seed42_case4_dolma_epoch2_wd0.1_lr1e-3": {
    "validation_loss": 4.916371003386168,
    "perplexity": 136.50631713867188,
    "tokens_evaluated": 3478624,
    "num_batches": 794
  },
  "60M_seed42_case4_dolma_epoch32_wd0.4_lr1e-3": {
    "validation_loss": 3.4115237759650303,
    "perplexity": 30.311397552490234,
    "tokens_evaluated": 3478624,
    "num_batches": 794
  },
  "60M_seed42_case4_dolma_epoch4_wd0.1_lr1e-3": {
    "validation_loss": 4.072831075799701,
    "perplexity": 58.72298049926758,
    "tokens_evaluated": 3478624,
    "num_batches": 794
  },
  "60M_seed42_case4_dolma_epoch64_wd0.4_lr1e-3": {
    "validation_loss": 3.3788673934761766,
    "perplexity": 29.3375244140625,
    "tokens_evaluated": 3478624,
    "num_batches": 794
  },
  "60M_seed42_case4_dolma_epoch64_wd0.8_lr1e-3": {
    "completed": false,
    "last_step": 2867,
    "min_validation_loss": 3.681,
    "num_evals": 14,
    "total_steps": 18311,
    "validation_loss": 3.681
  },
  "60M_seed42_case4_dolma_epoch8_wd0.1_lr1e-3": {
    "validation_loss": 3.677906826884329,
    "perplexity": 39.56349182128906,
    "tokens_evaluated": 3478624,
    "num_batches": 794
  }
}