{
  "14M_seed42_dolma_para_K8_wd0.1_lr3e-3": {
    "validation_loss": 6.235093031531648,
    "perplexity": 510.34814453125,
    "tokens_evaluated": 3478624,
    "num_batches": 794
  }
}