{
  "14M_seed42_dolma_para_K4_wd0.1_lr3e-3": {
    "validation_loss": 6.762951928311848,
    "perplexity": 865.1923217773438,
    "tokens_evaluated": 3478624,
    "num_batches": 794
  }
}