{
  "14M_seed42_dolma_para_K1_wd0.2_lr3e-3": {
    "validation_loss": 7.353171538583755,
    "perplexity": 1561.1396484375,
    "tokens_evaluated": 3478624,
    "num_batches": 794
  }
}