{
  "14M_seed42_dolma_para_K2_wd0.1_lr3e-3": {
    "validation_loss": 7.077678103058629,
    "perplexity": 1185.2135009765625,
    "tokens_evaluated": 3478624,
    "num_batches": 794
  }
}