{
  "14M_seed42_dolma_para_K2_wd0.2_lr3e-3": {
    "validation_loss": 7.081363858805279,
    "perplexity": 1189.589599609375,
    "tokens_evaluated": 3478624,
    "num_batches": 794
  }
}