{
  "14M_seed42_dolma_para_K8_wd0.2_lr3e-3": {
    "validation_loss": 6.243698598204483,
    "perplexity": 514.7588500976562,
    "tokens_evaluated": 3478624,
    "num_batches": 794
  }
}