{
  "30M_seed42_dolma_para_K2_wd0.2_lr1e-3": {
    "validation_loss": 5.400577948613581,
    "perplexity": 221.534423828125,
    "tokens_evaluated": 3478624,
    "num_batches": 794
  }
}