{
  "30M_seed42_dolma_para_K8_wd0.2_lr1e-3": {
    "validation_loss": 4.617219473175672,
    "perplexity": 101.21221160888672,
    "tokens_evaluated": 3478624,
    "num_batches": 794
  }
}