{
  "30M_seed42_dolma_para_K4_wd0.1_lr3e-3": {
    "validation_loss": 4.696931008670517,
    "perplexity": 109.6102523803711,
    "tokens_evaluated": 3478624,
    "num_batches": 794
  }
}