{
  "30M_seed42_dolma_para_K2_wd0.2_lr3e-3": {
    "validation_loss": 5.127252428420691,
    "perplexity": 168.5533905029297,
    "tokens_evaluated": 3478624,
    "num_batches": 794
  }
}