{
  "30M_seed42_dolma_para_K8_wd0.2_lr3e-3": {
    "validation_loss": 4.321064776674717,
    "perplexity": 75.26874542236328,
    "tokens_evaluated": 3478624,
    "num_batches": 794
  }
}