{
  "30M_seed42_dolma_para_K4_wd0.2_lr1e-3": {
    "validation_loss": 5.100518192418045,
    "perplexity": 164.10693359375,
    "tokens_evaluated": 3478624,
    "num_batches": 794
  }
}