{
  "30M_seed42_dolma_para_K1_wd0.1_lr3e-3": {
    "validation_loss": 5.387950770711755,
    "perplexity": 218.75466918945312,
    "tokens_evaluated": 3478624,
    "num_batches": 794
  }
}