{
  "30M_seed42_dolma_para_K2_wd0.1_lr3e-3": {
    "validation_loss": 5.157547617488939,
    "perplexity": 173.7378387451172,
    "tokens_evaluated": 3478624,
    "num_batches": 794
  }
}