{
  "30M_seed42_dolma_para_K4_wd0.1_lr1e-3": {
    "validation_loss": 5.038214767778757,
    "perplexity": 154.19448852539062,
    "tokens_evaluated": 3478624,
    "num_batches": 794
  }
}