{
  "30M_seed42_dolma_para_K1_wd0.1_lr1e-3": {
    "validation_loss": 5.591042589053239,
    "perplexity": 268.014892578125,
    "tokens_evaluated": 3478624,
    "num_batches": 794
  }
}