{
  "30M_seed42_case2_dclm_synthetic_wd0.1_lr1e-2": {
    "validation_loss": 4.632439625979631,
    "perplexity": 102.76446533203125,
    "tokens_evaluated": 50002423,
    "num_batches": 12445
  }
}