{
  "30M_seed42_case2_dclm_synthetic_wd1.6_lr6e-3": {
    "validation_loss": 4.90683754140079,
    "perplexity": 135.21112060546875,
    "tokens_evaluated": 50002423,
    "num_batches": 12445
  }
}