{
  "30M_seed42_case2_dclm_synthetic_wd0.4_lr3e-3": {
    "validation_loss": 4.803876071504442,
    "perplexity": 121.9822998046875,
    "tokens_evaluated": 50002423,
    "num_batches": 12445
  }
}