{
  "30M_seed42_case2_dclm_synthetic_wd0.4_lr1e-3": {
    "validation_loss": 4.914039003653281,
    "perplexity": 136.18838500976562,
    "tokens_evaluated": 50002423,
    "num_batches": 12445
  }
}