{
  "30M_seed42_case2_dclm_synthetic_wd1.6_lr3e-3": {
    "validation_loss": 4.974801843451299,
    "perplexity": 144.7201690673828,
    "tokens_evaluated": 50002423,
    "num_batches": 12445
  }
}