{
  "30M_seed42_case2_dclm_synthetic_wd0.8_lr3e-3": {
    "validation_loss": 4.8090665272601125,
    "perplexity": 122.61707305908203,
    "tokens_evaluated": 50002423,
    "num_batches": 12445
  }
}