{
  "30M_seed42_case2_dclm_synthetic_wd0.1_lr1e-3": {
    "validation_loss": 4.894418574654583,
    "perplexity": 133.5423583984375,
    "tokens_evaluated": 50002423,
    "num_batches": 12445
  }
}