{
  "30M_seed42_case2_dclm_synthetic_wd0.8_lr1e-3": {
    "validation_loss": 4.971890297572156,
    "perplexity": 144.29942321777344,
    "tokens_evaluated": 50002423,
    "num_batches": 12445
  }
}