{
  "30M_seed42_case2_dclm_synthetic_wd0.4_lr1e-2": {
    "validation_loss": 4.5210715033964295,
    "perplexity": 91.93404388427734,
    "tokens_evaluated": 50002423,
    "num_batches": 12445
  }
}