{
  "60M_seed42_dolma_para_K2_wd0.1_lr3e-3": {
    "validation_loss": 5.250242968426821,
    "perplexity": 190.61260986328125,
    "tokens_evaluated": 3478624,
    "num_batches": 794
  }
}