{
  "60M_seed42_dolma_para_K8_wd0.1_lr1e-3": {
    "validation_loss": 4.178659845183891,
    "perplexity": 65.27831268310547,
    "tokens_evaluated": 3478624,
    "num_batches": 794
  }
}