{
  "60M_seed42_dolma_para_K4_wd0.2_lr1e-3": {
    "validation_loss": 4.803509888668331,
    "perplexity": 121.93763732910156,
    "tokens_evaluated": 3478624,
    "num_batches": 794
  }
}