{
  "60M_seed42_dolma_para_K4_wd0.2_lr3e-3": {
    "validation_loss": 4.645365757338493,
    "perplexity": 104.10143280029297,
    "tokens_evaluated": 3478624,
    "num_batches": 794
  }
}