{
  "60M_seed42_dolma_para_K1_wd0.1_lr1e-3": {
    "validation_loss": 5.393569339345591,
    "perplexity": 219.9872283935547,
    "tokens_evaluated": 3478624,
    "num_batches": 794
  }
}