{
  "60M_seed42_dolma_para_K1_wd0.2_lr1e-3": {
    "validation_loss": 5.409451992674245,
    "perplexity": 223.50906372070312,
    "tokens_evaluated": 3478624,
    "num_batches": 794
  }
}