{
  "60M_seed42_dolma_para_K1_wd0.2_lr3e-3": {
    "validation_loss": 5.501099871123162,
    "perplexity": 244.9612579345703,
    "tokens_evaluated": 3478624,
    "num_batches": 794
  }
}