{
  "60M_seed42_dolma_para_K8_wd0.2_lr1e-3": {
    "validation_loss": 4.192626715344648,
    "perplexity": 66.19645690917969,
    "tokens_evaluated": 3478624,
    "num_batches": 794
  }
}