{
  "60M_seed42_dolma_para_K4_wd0.1_lr1e-3": {
    "validation_loss": 4.709867485821419,
    "perplexity": 111.03744506835938,
    "tokens_evaluated": 3478624,
    "num_batches": 794
  }
}