{
  "60M_seed42_dolma_para_K1_wd0.1_lr3e-3": {
    "validation_loss": 5.4356637017223575,
    "perplexity": 229.44508361816406,
    "tokens_evaluated": 3478624,
    "num_batches": 794
  }
}