{
  "60M_seed42_dolma_para_K2_wd0.2_lr3e-3": {
    "validation_loss": 5.11502603224903,
    "perplexity": 166.50511169433594,
    "tokens_evaluated": 3478624,
    "num_batches": 794
  }
}