{
  "370M_seed42_case4_dolma_epoch16_wd0.4_lr3e-3": {
    "validation_loss": 2.676275976094126,
    "perplexity": 14.530879020690918,
    "tokens_evaluated": 3478624,
    "num_batches": 794
  },
  "370M_seed42_case4_dolma_epoch16_wd0.8_lr3e-3": {
    "validation_loss": 2.7785771662325662,
    "perplexity": 16.096101760864258,
    "tokens_evaluated": 3478624,
    "num_batches": 794
  },
  "370M_seed42_case4_dolma_epoch1_wd0.2_lr3e-3": {
    "validation_loss": 3.1975862961224597,
    "perplexity": 24.473386764526367,
    "tokens_evaluated": 3478624,
    "num_batches": 794
  },
  "370M_seed42_case4_dolma_epoch2_wd0.2_lr3e-3": {
    "validation_loss": 2.9057280668296057,
    "perplexity": 18.278547286987305,
    "tokens_evaluated": 3478624,
    "num_batches": 794
  },
  "370M_seed42_case4_dolma_epoch32_wd0.4_lr3e-3": {
    "validation_loss": 2.66015848427907,
    "perplexity": 14.298553466796875,
    "tokens_evaluated": 3478624,
    "num_batches": 794
  },
  "370M_seed42_case4_dolma_epoch32_wd0.8_lr3e-3": {
    "validation_loss": 2.7695191749270194,
    "perplexity": 15.950961112976074,
    "tokens_evaluated": 3478624,
    "num_batches": 794
  },
  "370M_seed42_case4_dolma_epoch4_wd0.2_lr3e-3": {
    "validation_loss": 2.7548317824012116,
    "perplexity": 15.71839714050293,
    "tokens_evaluated": 3478624,
    "num_batches": 794
  },
  "370M_seed42_case4_dolma_epoch8_wd0.2_lr3e-3": {
    "validation_loss": 2.670371916109275,
    "perplexity": 14.445342063903809,
    "tokens_evaluated": 3478624,
    "num_batches": 794
  }
}