{
  "190M_seed42_case4_dolma_epoch1_wd0.1_lr3e-3": {
    "validation_loss": 3.044654802502425,
    "perplexity": 21.00278091430664,
    "tokens_evaluated": 3478624,
    "num_batches": 794
  },
  "190M_seed42_case4_dolma_epoch2_wd0.1_lr3e-3": {
    "validation_loss": 2.874074114823423,
    "perplexity": 17.709022521972656,
    "tokens_evaluated": 3478624,
    "num_batches": 794
  },
  "190M_seed42_case4_dolma_epoch4_wd0.1_lr3e-3": {
    "validation_loss": 2.799874667527764,
    "perplexity": 16.44258689880371,
    "tokens_evaluated": 3478624,
    "num_batches": 794
  },
  "190M_seed42_case4_dolma_epoch8_wd0.2_lr3e-3": {
    "validation_loss": 2.7695008628571713,
    "perplexity": 15.950672149658203,
    "tokens_evaluated": 3478624,
    "num_batches": 794
  }
}