{
  "14M_seed42_case4_dolma_epoch16_wd0.1_lr1e-3": {
    "validation_loss": 5.706962632261348,
    "perplexity": 300.95556640625,
    "tokens_evaluated": 3478624,
    "num_batches": 794
  },
  "14M_seed42_case4_dolma_epoch16_wd0.1_lr1e-4": {
    "validation_loss": 8.109095013214995,
    "perplexity": 3324.566650390625,
    "tokens_evaluated": 3478624,
    "num_batches": 794
  },
  "14M_seed42_case4_dolma_epoch16_wd0.1_lr3e-3": {
    "validation_loss": 5.408965284297757,
    "perplexity": 223.4002685546875,
    "tokens_evaluated": 3478624,
    "num_batches": 794
  },
  "14M_seed42_case4_dolma_epoch16_wd0.1_lr3e-4": {
    "validation_loss": 6.553864953897495,
    "perplexity": 701.9519653320312,
    "tokens_evaluated": 3478624,
    "num_batches": 794
  },
  "14M_seed42_case4_dolma_epoch16_wd0.2_lr1e-3": {
    "validation_loss": 5.719342306012984,
    "perplexity": 304.7044372558594,
    "tokens_evaluated": 3478624,
    "num_batches": 794
  },
  "14M_seed42_case4_dolma_epoch16_wd0.2_lr1e-4": {
    "validation_loss": 8.116738085310008,
    "perplexity": 3350.075927734375,
    "tokens_evaluated": 3478624,
    "num_batches": 794
  },
  "14M_seed42_case4_dolma_epoch16_wd0.2_lr3e-3": {
    "validation_loss": 5.433397729787631,
    "perplexity": 228.92576599121094,
    "tokens_evaluated": 3478624,
    "num_batches": 794
  },
  "14M_seed42_case4_dolma_epoch16_wd0.2_lr3e-4": {
    "validation_loss": 6.560349863872405,
    "perplexity": 706.5189208984375,
    "tokens_evaluated": 3478624,
    "num_batches": 794
  },
  "14M_seed42_case4_dolma_epoch16_wd0.4_lr1e-3": {
    "validation_loss": 5.7426796646214315,
    "perplexity": 311.8990478515625,
    "tokens_evaluated": 3478624,
    "num_batches": 794
  },
  "14M_seed42_case4_dolma_epoch16_wd0.4_lr1e-4": {
    "validation_loss": 8.132110033115374,
    "perplexity": 3401.968994140625,
    "tokens_evaluated": 3478624,
    "num_batches": 794
  },
  "14M_seed42_case4_dolma_epoch16_wd0.4_lr3e-3": {
    "validation_loss": 5.458498444673387,
    "perplexity": 234.74468994140625,
    "tokens_evaluated": 3478624,
    "num_batches": 794
  },
  "14M_seed42_case4_dolma_epoch16_wd0.4_lr3e-4": {
    "validation_loss": 6.579663027741671,
    "perplexity": 720.29638671875,
    "tokens_evaluated": 3478624,
    "num_batches": 794
  },
  "14M_seed42_case4_dolma_epoch16_wd0.8_lr1e-3": {
    "validation_loss": 5.802952017643708,
    "perplexity": 331.2759704589844,
    "tokens_evaluated": 3478624,
    "num_batches": 794
  },
  "14M_seed42_case4_dolma_epoch16_wd0.8_lr1e-4": {
    "validation_loss": 8.163151297760129,
    "perplexity": 3509.2294921875,
    "tokens_evaluated": 3478624,
    "num_batches": 794
  },
  "14M_seed42_case4_dolma_epoch16_wd0.8_lr3e-3": {
    "validation_loss": 5.523801891230017,
    "perplexity": 250.58590698242188,
    "tokens_evaluated": 3478624,
    "num_batches": 794
  },
  "14M_seed42_case4_dolma_epoch16_wd0.8_lr3e-4": {
    "validation_loss": 6.6198789714517865,
    "perplexity": 749.8541870117188,
    "tokens_evaluated": 3478624,
    "num_batches": 794
  },
  "14M_seed42_case4_dolma_epoch16_wd1.6_lr1e-3": {
    "validation_loss": 5.94198046596738,
    "perplexity": 380.6880798339844,
    "tokens_evaluated": 3478624,
    "num_batches": 794
  },
  "14M_seed42_case4_dolma_epoch16_wd1.6_lr1e-4": {
    "validation_loss": 8.225003012230689,
    "perplexity": 3733.133544921875,
    "tokens_evaluated": 3478624,
    "num_batches": 794
  },
  "14M_seed42_case4_dolma_epoch16_wd1.6_lr3e-3": {
    "validation_loss": 5.769313040417189,
    "perplexity": 320.31756591796875,
    "tokens_evaluated": 3478624,
    "num_batches": 794
  },
  "14M_seed42_case4_dolma_epoch16_wd1.6_lr3e-4": {
    "validation_loss": 6.71439424716003,
    "perplexity": 824.1842651367188,
    "tokens_evaluated": 3478624,
    "num_batches": 794
  },
  "14M_seed42_case4_dolma_epoch1_wd0.4_lr3e-3": {
    "validation_loss": 8.079990235683214,
    "perplexity": 3229.2021484375,
    "tokens_evaluated": 3478624,
    "num_batches": 794
  },
  "14M_seed42_case4_dolma_epoch1_wd0.8_lr1e-4": {
    "validation_loss": 11.144684363140964,
    "perplexity": 69195.0625,
    "tokens_evaluated": 3478624,
    "num_batches": 794
  },
  "14M_seed42_case4_dolma_epoch2_wd0.1_lr1e-3": {
    "validation_loss": 8.153106613515009,
    "perplexity": 3474.155517578125,
    "tokens_evaluated": 3478624,
    "num_batches": 794
  },
  "14M_seed42_case4_dolma_epoch2_wd0.2_lr1e-3": {
    "validation_loss": 8.159530819036448,
    "perplexity": 3496.545166015625,
    "tokens_evaluated": 3478624,
    "num_batches": 794
  },
  "14M_seed42_case4_dolma_epoch2_wd0.2_lr3e-3": {
    "validation_loss": 7.64075014812228,
    "perplexity": 2081.303955078125,
    "tokens_evaluated": 3478624,
    "num_batches": 794
  },
  "14M_seed42_case4_dolma_epoch2_wd0.4_lr1e-3": {
    "validation_loss": 8.172592548952636,
    "perplexity": 3542.514892578125,
    "tokens_evaluated": 3478624,
    "num_batches": 794
  },
  "14M_seed42_case4_dolma_epoch2_wd0.4_lr1e-4": {
    "validation_loss": 10.835852353017764,
    "perplexity": 50810.2109375,
    "tokens_evaluated": 3478624,
    "num_batches": 794
  },
  "14M_seed42_case4_dolma_epoch2_wd0.8_lr3e-3": {
    "validation_loss": 7.696677638406064,
    "perplexity": 2201.0234375,
    "tokens_evaluated": 3478624,
    "num_batches": 794
  },
  "14M_seed42_case4_dolma_epoch2_wd1.6_lr1e-3": {
    "validation_loss": 8.258625723540625,
    "perplexity": 3860.78564453125,
    "tokens_evaluated": 3478624,
    "num_batches": 794
  },
  "14M_seed42_case4_dolma_epoch32_wd0.1_lr1e-3": {
    "validation_loss": 5.2828908989751815,
    "perplexity": 196.93836975097656,
    "tokens_evaluated": 3478624,
    "num_batches": 794
  },
  "14M_seed42_case4_dolma_epoch32_wd0.1_lr1e-4": {
    "validation_loss": 6.940346577933231,
    "perplexity": 1033.12841796875,
    "tokens_evaluated": 3478624,
    "num_batches": 794
  },
  "14M_seed42_case4_dolma_epoch32_wd0.1_lr3e-3": {
    "validation_loss": 5.056562167028903,
    "perplexity": 157.0496368408203,
    "tokens_evaluated": 3478624,
    "num_batches": 794
  },
  "14M_seed42_case4_dolma_epoch32_wd0.1_lr3e-4": {
    "validation_loss": 5.9233115446597475,
    "perplexity": 373.6470642089844,
    "tokens_evaluated": 3478624,
    "num_batches": 794
  },
  "14M_seed42_case4_dolma_epoch32_wd0.2_lr1e-3": {
    "validation_loss": 5.305922873639297,
    "perplexity": 201.52691650390625,
    "tokens_evaluated": 3478624,
    "num_batches": 794
  },
  "14M_seed42_case4_dolma_epoch32_wd0.2_lr1e-4": {
    "validation_loss": 6.951890050828108,
    "perplexity": 1045.1231689453125,
    "tokens_evaluated": 3478624,
    "num_batches": 794
  },
  "14M_seed42_case4_dolma_epoch32_wd0.2_lr3e-3": {
    "validation_loss": 5.008265811676947,
    "perplexity": 149.64501953125,
    "tokens_evaluated": 3478624,
    "num_batches": 794
  },
  "14M_seed42_case4_dolma_epoch32_wd0.2_lr3e-4": {
    "validation_loss": 5.931246840595345,
    "perplexity": 376.623779296875,
    "tokens_evaluated": 3478624,
    "num_batches": 794
  },
  "14M_seed42_case4_dolma_epoch32_wd0.4_lr1e-3": {
    "validation_loss": 5.3176942281205335,
    "perplexity": 203.91314697265625,
    "tokens_evaluated": 3478624,
    "num_batches": 794
  },
  "14M_seed42_case4_dolma_epoch32_wd0.4_lr1e-4": {
    "validation_loss": 6.974396770731042,
    "perplexity": 1068.912109375,
    "tokens_evaluated": 3478624,
    "num_batches": 794
  },
  "14M_seed42_case4_dolma_epoch32_wd0.4_lr3e-3": {
    "validation_loss": 5.0480606882136625,
    "perplexity": 155.72021484375,
    "tokens_evaluated": 3478624,
    "num_batches": 794
  },
  "14M_seed42_case4_dolma_epoch32_wd0.4_lr3e-4": {
    "validation_loss": 5.94928626221442,
    "perplexity": 383.4796142578125,
    "tokens_evaluated": 3478624,
    "num_batches": 794
  },
  "14M_seed42_case4_dolma_epoch32_wd0.8_lr1e-3": {
    "validation_loss": 5.392027842593526,
    "perplexity": 219.64834594726562,
    "tokens_evaluated": 3478624,
    "num_batches": 794
  },