{
  "60M_seed42_case4_dolma_epoch16_wd0.2_lr1e-3": {
    "validation_loss": 3.1851914693827887,
    "perplexity": 24.17191505432129,
    "tokens_evaluated": 3478624,
    "num_batches": 794
  },
  "60M_seed42_case4_dolma_epoch1_wd0.1_lr1e-3": {
    "validation_loss": 3.6284199903040864,
    "perplexity": 37.65327453613281,
    "tokens_evaluated": 3478624,
    "num_batches": 794
  },
  "60M_seed42_case4_dolma_epoch32_wd0.4_lr1e-3": {
    "validation_loss": 3.1915508322795723,
    "perplexity": 24.326122283935547,
    "tokens_evaluated": 3478624,
    "num_batches": 794
  },
  "60M_seed42_case4_dolma_epoch4_wd0.1_lr1e-3": {
    "validation_loss": 3.300981816252656,
    "perplexity": 27.139270782470703,
    "tokens_evaluated": 3478624,
    "num_batches": 794
  },
  "60M_seed42_case4_dolma_epoch8_wd0.1_lr1e-3": {
    "validation_loss": 3.2250305572035045,
    "perplexity": 25.15434455871582,
    "tokens_evaluated": 3478624,
    "num_batches": 794
  }
}