{
  "60M_seed42_case4_dolma_epoch16_wd0.2_lr1e-3": {
    "validation_loss": 3.2443087979609313,
    "perplexity": 25.64397621154785,
    "tokens_evaluated": 3478624,
    "num_batches": 794
  },
  "60M_seed42_case4_dolma_epoch1_wd0.1_lr1e-3": {
    "validation_loss": 4.058087729479543,
    "perplexity": 57.86355972290039,
    "tokens_evaluated": 3478624,
    "num_batches": 794
  },
  "60M_seed42_case4_dolma_epoch32_wd0.4_lr1e-3": {
    "validation_loss": 3.232993466224619,
    "perplexity": 25.35544204711914,
    "tokens_evaluated": 3478624,
    "num_batches": 794
  },
  "60M_seed42_case4_dolma_epoch4_wd0.1_lr1e-3": {
    "validation_loss": 3.4269309853402503,
    "perplexity": 30.782024383544922,
    "tokens_evaluated": 3478624,
    "num_batches": 794
  },
  "60M_seed42_case4_dolma_epoch64_wd0.4_lr1e-3": {
    "validation_loss": 3.2115945279928866,
    "perplexity": 24.81863021850586,
    "tokens_evaluated": 3478624,
    "num_batches": 794
  },
  "60M_seed42_case4_dolma_epoch8_wd0.1_lr1e-3": {
    "validation_loss": 3.307466287442809,
    "perplexity": 27.315826416015625,
    "tokens_evaluated": 3478624,
    "num_batches": 794
  }
}