{
  "30M_seed42_case4_dolma_epoch4_wd0.1_lr3e-3": {
    "validation_loss": 3.6493486804831092,
    "perplexity": 38.449615478515625,
    "tokens_evaluated": 3478624,
    "num_batches": 794
  }
}