{
  "30M_seed42_case4_dolma_epoch1_wd0.1_lr3e-3": {
    "validation_loss": 3.8763510591844064,
    "perplexity": 48.24784469604492,
    "tokens_evaluated": 3478624,
    "num_batches": 794
  }
}