{
  "30M_seed42_case4_dolma_epoch8_wd0.1_lr3e-3": {
    "validation_loss": 3.599489412391345,
    "perplexity": 36.57955551147461,
    "tokens_evaluated": 3478624,
    "num_batches": 794
  }
}