{
  "30M_seed42_case4_dolma_epoch64_wd0.4_lr3e-4": {
    "validation_loss": 5.831146616579592,
    "perplexity": 340.74920654296875,
    "tokens_evaluated": 13279917,
    "num_batches": 1526
  }
}