{
  "30M_seed42_case4_dolma_epoch16_wd0.1_lr1e-4": {
    "validation_loss": 8.259123723368338,
    "perplexity": 3862.7080078125,
    "tokens_evaluated": 13279917,
    "num_batches": 1526
  }
}