{
  "30M_seed42_case4_dolma_epoch1_wd0.2_lr3e-3": {
    "validation_loss": 8.19953349453116,
    "perplexity": 3639.251953125,
    "tokens_evaluated": 13279917,
    "num_batches": 1526
  }
}