{
  "30M_seed42_case4_dolma_epoch4_wd0.2_lr1e-4": {
    "validation_loss": 10.308557145149608,
    "perplexity": 29988.1484375,
    "tokens_evaluated": 13279917,
    "num_batches": 1526
  }
}