{
  "30M_seed42_case4_dolma_epoch1_wd1.6_lr3e-4": {
    "validation_loss": 10.676465613834644,
    "perplexity": 43324.171875,
    "tokens_evaluated": 13279917,
    "num_batches": 1526
  }
}