{
  "30M_seed42_case4_dolma_epoch32_wd1.6_lr3e-4": {
    "validation_loss": 6.232078818950827,
    "perplexity": 508.8122253417969,
    "tokens_evaluated": 13279917,
    "num_batches": 1526
  }
}