{
  "30M_seed42_case4_dolma_epoch16_wd0.4_lr1e-4": {
    "validation_loss": 8.270347519573635,
    "perplexity": 3906.306640625,
    "tokens_evaluated": 13279917,
    "num_batches": 1526
  }
}