{
  "30M_seed42_case4_dolma_epoch2_wd0.4_lr3e-3": {
    "validation_loss": 8.012168727515862,
    "perplexity": 3017.45458984375,
    "tokens_evaluated": 13279917,
    "num_batches": 1526
  }
}