{
  "30M_seed42_case4_dolma_epoch4_wd0.1_lr3e-4": {
    "validation_loss": 8.906726548712145,
    "perplexity": 7381.4609375,
    "tokens_evaluated": 13279917,
    "num_batches": 1526
  }
}