{
  "30M_seed42_case4_dolma_epoch4_wd0.8_lr3e-4": {
    "validation_loss": 8.924280752487713,
    "perplexity": 7512.18115234375,
    "tokens_evaluated": 13279917,
    "num_batches": 1526
  }
}