{
  "30M_seed42_case4_dolma_epoch32_wd0.4_lr3e-3": {
    "validation_loss": 5.4661779167740425,
    "perplexity": 236.55433654785156,
    "tokens_evaluated": 13279917,
    "num_batches": 1526
  }
}