{
  "30M_seed42_case4_dolma_epoch8_wd0.4_lr3e-3": {
    "validation_loss": 6.7055526358605535,
    "perplexity": 816.9293212890625,
    "tokens_evaluated": 13279917,
    "num_batches": 1526
  }
}