{
  "30M_seed42_case4_dolma_epoch8_wd0.1_lr3e-4": {
    "validation_loss": 7.813184221761561,
    "perplexity": 2472.99267578125,
    "tokens_evaluated": 13279917,
    "num_batches": 1526
  }
}