{
  "30M_seed42_case4_dolma_epoch1_wd0.8_lr1e-4": {
    "validation_loss": 11.074991728758075,
    "perplexity": 64536.8828125,
    "tokens_evaluated": 13279917,
    "num_batches": 1526
  }
}