{
  "30M_seed42_case4_dolma_epoch2_wd0.2_lr3e-3": {
    "validation_loss": 8.009682565634163,
    "perplexity": 3009.961669921875,
    "tokens_evaluated": 13279917,
    "num_batches": 1526
  }
}