{
  "30M_seed42_case4_dolma_epoch4_wd1.6_lr3e-3": {
    "validation_loss": 7.6517612138855045,
    "perplexity": 2104.34814453125,
    "tokens_evaluated": 13279917,
    "num_batches": 1526
  }
}