{
  "30M_seed42_case4_dolma_epoch32_wd0.2_lr3e-3": {
    "validation_loss": 5.508973256281106,
    "perplexity": 246.8974609375,
    "tokens_evaluated": 13279917,
    "num_batches": 1526
  }
}