{
  "30M_seed42_case4_dolma_epoch4_wd1.6_lr1e-4": {
    "validation_loss": 10.316056865374469,
    "perplexity": 30213.89453125,
    "tokens_evaluated": 13279917,
    "num_batches": 1526
  }
}