{
  "30M_seed42_case4_dolma_epoch1_wd0.4_lr3e-3": {
    "validation_loss": 8.204076422991527,
    "perplexity": 3655.823974609375,
    "tokens_evaluated": 13279917,
    "num_batches": 1526
  }
}