{
  "30M_seed42_case4_dolma_epoch1_wd0.8_lr3e-3": {
    "validation_loss": 8.21421167582528,
    "perplexity": 3693.06298828125,
    "tokens_evaluated": 13279917,
    "num_batches": 1526
  }
}