{
  "30M_seed42_case4_dolma_epoch2_wd0.1_lr3e-4": {
    "validation_loss": 10.002674477105872,
    "perplexity": 22085.4453125,
    "tokens_evaluated": 13279917,
    "num_batches": 1526
  }
}