{
  "30M_seed42_case4_dolma_epoch32_wd0.8_lr1e-3": {
    "validation_loss": 5.627200668227538,
    "perplexity": 277.88311767578125,
    "tokens_evaluated": 13279917,
    "num_batches": 1526
  }
}