{
  "30M_seed42_case4_dolma_epoch1_wd0.1_lr1e-4": {
    "validation_loss": 11.074674276602218,
    "perplexity": 64516.390625,
    "tokens_evaluated": 13279917,
    "num_batches": 1526
  }
}