{
  "30M_seed42_case4_dolma_epoch4_wd1.6_lr1e-3": {
    "validation_loss": 7.687768337667556,
    "perplexity": 2181.5009765625,
    "tokens_evaluated": 13279917,
    "num_batches": 1526
  }
}