{
  "30M_seed42_case4_dolma_epoch8_wd0.1_lr1e-4": {
    "validation_loss": 9.426571817582238,
    "perplexity": 12413.896484375,
    "tokens_evaluated": 13279917,
    "num_batches": 1526
  }
}