{
  "30M_seed42_case4_dolma_epoch1_wd1.6_lr1e-3": {
    "validation_loss": 9.568802726997935,
    "perplexity": 14311.2734375,
    "tokens_evaluated": 13279917,
    "num_batches": 1526
  }
}