{
  "30M_seed42_case4_dolma_epoch1_wd0.2_lr1e-3": {
    "validation_loss": 9.54368669808775,
    "perplexity": 13956.3076171875,
    "tokens_evaluated": 13279917,
    "num_batches": 1526
  }
}