{
  "30M_seed42_case4_dolma_epoch16_wd0.8_lr3e-3": {
    "validation_loss": 6.007396258370111,
    "perplexity": 406.4237060546875,
    "tokens_evaluated": 13279917,
    "num_batches": 1526
  }
}