{
  "30M_seed42_case4_dolma_epoch64_wd0.4_lr1e-4": {
    "validation_loss": 6.367424658655858,
    "perplexity": 582.5555419921875,
    "tokens_evaluated": 13279917,
    "num_batches": 1526
  }
}