{
  "30M_seed42_case4_dolma_epoch4_wd0.4_lr3e-4": {
    "validation_loss": 8.91440635304093,
    "perplexity": 7438.3681640625,
    "tokens_evaluated": 13279917,
    "num_batches": 1526
  }
}