{
  "30M_seed42_case4_dolma_epoch8_wd1.6_lr3e-4": {
    "validation_loss": 7.872942335537093,
    "perplexity": 2625.279052734375,
    "tokens_evaluated": 13279917,
    "num_batches": 1526
  }
}