{
  "30M_seed42_case4_dolma_epoch32_wd0.1_lr3e-3": {
    "validation_loss": 5.505373624996701,
    "perplexity": 246.01031494140625,
    "tokens_evaluated": 13279917,
    "num_batches": 1526
  }
}