{
  "30M_seed42_case4_dolma_epoch64_wd0.2_lr1e-3": {
    "validation_loss": 5.757324826862505,
    "perplexity": 316.5004577636719,
    "tokens_evaluated": 13279917,
    "num_batches": 1526
  }
}