{
  "30M_seed42_case4_dolma_epoch64_wd0.2_lr3e-3": {
    "validation_loss": 5.891143090308024,
    "perplexity": 361.8187255859375,
    "tokens_evaluated": 13279917,
    "num_batches": 1526
  }
}