{
  "30M_seed42_case4_dolma_epoch16_wd0.4_lr1e-3": {
    "validation_loss": 6.073921249037762,
    "perplexity": 434.3806457519531,
    "tokens_evaluated": 13279917,
    "num_batches": 1526
  }
}