{
  "30M_seed42_case4_dolma_epoch32_wd0.4_lr1e-4": {
    "validation_loss": 7.162613038124716,
    "perplexity": 1290.2779541015625,
    "tokens_evaluated": 13279917,
    "num_batches": 1526
  }
}