{
  "30M_seed42_case4_dolma_epoch32_wd0.4_lr3e-4": {
    "validation_loss": 6.173224086727396,
    "perplexity": 479.7302551269531,
    "tokens_evaluated": 13279917,
    "num_batches": 1526
  }
}