{
  "30M_seed42_case4_dolma_epoch16_wd0.4_lr3e-3": {
    "validation_loss": 5.967459179414723,
    "perplexity": 390.51220703125,
    "tokens_evaluated": 13279917,
    "num_batches": 1526
  }
}