{
  "30M_seed42_case4_dolma_epoch32_wd0.2_lr1e-4": {
    "validation_loss": 7.151493297804379,
    "perplexity": 1276.009765625,
    "tokens_evaluated": 13279917,
    "num_batches": 1526
  }
}