{
  "30M_seed42_case4_dolma_epoch64_wd1.6_lr3e-3": {
    "validation_loss": 5.338745352771807,
    "perplexity": 208.251220703125,
    "tokens_evaluated": 13279917,
    "num_batches": 1526
  }
}