{
  "30M_seed42_case4_dolma_epoch64_wd1.6_lr1e-3": {
    "validation_loss": 5.575544579172516,
    "perplexity": 263.8931579589844,
    "tokens_evaluated": 13279917,
    "num_batches": 1526
  }
}