{
  "30M_seed42_case4_dolma_epoch1_wd0.2_lr1e-4": {
    "validation_loss": 11.074718455006863,
    "perplexity": 64519.22265625,
    "tokens_evaluated": 13279917,
    "num_batches": 1526
  }
}