{
  "30M_seed42_case4_dolma_epoch4_wd0.1_lr1e-3": {
    "validation_loss": 7.63656081650162,
    "perplexity": 2072.603759765625,
    "tokens_evaluated": 13279917,
    "num_batches": 1526
  }
}