{
  "30M_seed42_case4_dolma_epoch8_wd1.6_lr1e-4": {
    "validation_loss": 9.450818888836523,
    "perplexity": 12718.578125,
    "tokens_evaluated": 13279917,
    "num_batches": 1526
  }
}