{
  "30M_seed42_case4_dolma_epoch16_wd1.6_lr1e-4": {
    "validation_loss": 8.313965600774509,
    "perplexity": 4080.463134765625,
    "tokens_evaluated": 13279917,
    "num_batches": 1526
  }
}