{
  "30M_seed42_case4_dolma_epoch32_wd1.6_lr3e-3": {
    "validation_loss": 5.590982658720684,
    "perplexity": 267.998779296875,
    "tokens_evaluated": 13279917,
    "num_batches": 1526
  }
}