{
  "30M_seed42_case4_dolma_epoch2_wd0.4_lr1e-3": {
    "validation_loss": 8.407602638260324,
    "perplexity": 4481.00341796875,
    "tokens_evaluated": 13279917,
    "num_batches": 1526
  }
}