{
  "30M_seed42_case4_dolma_epoch16_wd0.2_lr1e-4": {
    "validation_loss": 8.262786876763565,
    "perplexity": 3876.88330078125,
    "tokens_evaluated": 13279917,
    "num_batches": 1526
  }
}