{
  "30M_seed42_case4_dolma_epoch4_wd0.2_lr3e-3": {
    "validation_loss": 7.563403185650087,
    "perplexity": 1926.39013671875,
    "tokens_evaluated": 13279917,
    "num_batches": 1526
  }
}