{
  "30M_seed42_case4_dolma_epoch32_wd0.4_lr1e-3": {
    "validation_loss": 5.604762346600369,
    "perplexity": 271.7174072265625,
    "tokens_evaluated": 13279917,
    "num_batches": 1526
  }
}