{
  "30M_seed42_case4_dolma_epoch4_wd0.2_lr3e-4": {
    "validation_loss": 8.909265303519499,
    "perplexity": 7400.2236328125,
    "tokens_evaluated": 13279917,
    "num_batches": 1526
  }
}