{
  "30M_seed42_case4_dolma_epoch32_wd0.1_lr3e-4": {
    "validation_loss": 6.159911624271165,
    "perplexity": 473.38623046875,
    "tokens_evaluated": 13279917,
    "num_batches": 1526
  }
}