{
  "30M_seed42_case4_dolma_epoch2_wd1.6_lr3e-3": {
    "validation_loss": 8.027770384731838,
    "perplexity": 3064.8994140625,
    "tokens_evaluated": 13279917,
    "num_batches": 1526
  }
}