{
  "30M_seed42_case4_dolma_epoch16_wd0.2_lr1e-3": {
    "validation_loss": 6.055808732681886,
    "perplexity": 426.58367919921875,
    "tokens_evaluated": 13279917,
    "num_batches": 1526
  }
}