{
  "30M_seed42_case4_dolma_epoch8_wd1.6_lr1e-3": {
    "validation_loss": 6.9024028734340455,
    "perplexity": 994.6619262695312,
    "tokens_evaluated": 13279917,
    "num_batches": 1526
  }
}