{
  "30M_seed42_case4_dolma_epoch8_wd0.4_lr1e-3": {
    "validation_loss": 6.818889273993227,
    "perplexity": 914.968017578125,
    "tokens_evaluated": 13279917,
    "num_batches": 1526
  }
}