{
  "30M_seed42_case4_dolma_epoch16_wd0.8_lr3e-4": {
    "validation_loss": 6.886604550376355,
    "perplexity": 979.0715942382812,
    "tokens_evaluated": 13279917,
    "num_batches": 1526
  }
}