{
  "30M_seed42_case4_dolma_epoch1_wd0.8_lr3e-4": {
    "validation_loss": 10.674055784761306,
    "perplexity": 43219.88671875,
    "tokens_evaluated": 13279917,
    "num_batches": 1526
  }
}