{
  "30M_seed42_case4_dolma_epoch128_wd6.4_lr3e-3": {
    "validation_loss": 7.205693041973323,
    "perplexity": 1347.0782470703125,
    "tokens_evaluated": 3478624,
    "num_batches": 794
  }
}