{
  "30M_seed42_case4_dolma_epoch8_wd0.2_lr1e-4": {
    "validation_loss": 9.428274978376418,
    "perplexity": 12435.0595703125,
    "tokens_evaluated": 13279917,
    "num_batches": 1526
  }
}