{
  "30M_seed42_case4_dolma_epoch2_wd0.8_lr1e-3": {
    "validation_loss": 8.420179833537599,
    "perplexity": 4537.71728515625,
    "tokens_evaluated": 13279917,
    "num_batches": 1526
  }
}