{
  "30M_seed42_case4_dolma_epoch4_wd0.4_lr1e-4": {
    "validation_loss": 10.30969334977536,
    "perplexity": 30022.228515625,
    "tokens_evaluated": 13279917,
    "num_batches": 1526
  }
}