{
  "30M_seed42_case4_dolma_epoch2_wd1.6_lr3e-4": {
    "validation_loss": 10.016900923501865,
    "perplexity": 22401.8984375,
    "tokens_evaluated": 13279917,
    "num_batches": 1526
  }
}