{
  "30M_seed42_case4_dolma_epoch64_wd0.4_lr1e-3": {
    "validation_loss": 5.684053649099896,
    "perplexity": 294.1392822265625,
    "tokens_evaluated": 13279917,
    "num_batches": 1526
  }
}