{
  "30M_seed42_case4_dolma_epoch4_wd0.1_lr1e-4": {
    "validation_loss": 10.307979841324968,
    "perplexity": 29970.822265625,
    "tokens_evaluated": 13279917,
    "num_batches": 1526
  }
}