{
  "30M_seed42_case4_dolma_epoch2_wd0.2_lr1e-3": {
    "validation_loss": 8.40116349359996,
    "perplexity": 4452.2421875,
    "tokens_evaluated": 13279917,
    "num_batches": 1526
  }
}