{
  "30M_seed42_case4_dolma_epoch16_wd0.8_lr1e-3": {
    "validation_loss": 6.101693088253818,
    "perplexity": 446.6133117675781,
    "tokens_evaluated": 13279917,
    "num_batches": 1526
  }
}