{
  "30M_seed42_case4_dolma_epoch32_wd0.1_lr1e-4": {
    "validation_loss": 7.146515974348004,
    "perplexity": 1269.6744384765625,
    "tokens_evaluated": 13279917,
    "num_batches": 1526
  }
}