{
  "30M_seed42_case4_dolma_epoch16_wd1.6_lr3e-4": {
    "validation_loss": 6.932012832945652,
    "perplexity": 1024.5543212890625,
    "tokens_evaluated": 13279917,
    "num_batches": 1526
  }
}