{
  "30M_seed42_case4_dolma_epoch64_wd0.2_lr3e-4": {
    "validation_loss": 5.826044792024467,
    "perplexity": 339.01507568359375,
    "tokens_evaluated": 13279917,
    "num_batches": 1526
  }
}