{
  "30M_seed42_case4_dolma_epoch2_wd0.8_lr1e-4": {
    "validation_loss": 10.823603252341957,
    "perplexity": 50191.6328125,
    "tokens_evaluated": 13279917,
    "num_batches": 1526
  }
}