{
  "30M_seed42_case4_dolma_epoch2_wd0.4_lr1e-4": {
    "validation_loss": 10.822956033117762,
    "perplexity": 50159.14453125,
    "tokens_evaluated": 13279917,
    "num_batches": 1526
  }
}