{
  "30M_seed42_case4_dolma_epoch128_wd3.2_lr3e-3": {
    "validation_loss": 6.022711513704957,
    "perplexity": 412.6960144042969,
    "tokens_evaluated": 3478624,
    "num_batches": 794
  }
}