{
  "30M_seed42_case4_dolma_epoch16_wd0.4_lr3e-4": {
    "validation_loss": 6.866071695657059,
    "perplexity": 959.1732177734375,
    "tokens_evaluated": 13279917,
    "num_batches": 1526
  }
}