{
  "30M_seed42_case4_dolma_epoch8_wd0.8_lr3e-3": {
    "validation_loss": 6.72046628277296,
    "perplexity": 829.2039184570312,
    "tokens_evaluated": 13279917,
    "num_batches": 1526
  }
}