{
  "30M_seed42_case4_dolma_epoch16_wd1.6_lr3e-3": {
    "validation_loss": 6.050606010279352,
    "perplexity": 424.3700256347656,
    "tokens_evaluated": 13279917,
    "num_batches": 1526
  }
}