{
  "30M_seed42_case4_dolma_epoch1_wd0.1_lr3e-3": {
    "validation_loss": 8.197135856534345,
    "perplexity": 3630.537353515625,
    "tokens_evaluated": 13279917,
    "num_batches": 1526
  }
}