{
  "30M_seed42_case4_dolma_epoch32_wd1.6_lr1e-3": {
    "validation_loss": 5.700540779673524,
    "perplexity": 299.02899169921875,
    "tokens_evaluated": 13279917,
    "num_batches": 1526
  }
}