{
  "30M_seed42_case4_dolma_epoch4_wd0.4_lr3e-3": {
    "validation_loss": 7.576215108456862,
    "perplexity": 1951.2301025390625,
    "tokens_evaluated": 13279917,
    "num_batches": 1526
  }
}