{
  "30M_seed42_case4_dolma_epoch32_wd0.2_lr3e-4": {
    "validation_loss": 6.164155246661651,
    "perplexity": 475.39947509765625,
    "tokens_evaluated": 13279917,
    "num_batches": 1526
  }
}