{
  "30M_seed42_case4_dolma_epoch16_wd0.8_lr1e-4": {
    "validation_loss": 8.284848112014274,
    "perplexity": 3963.363037109375,
    "tokens_evaluated": 13279917,
    "num_batches": 1526
  }
}