{
  "30M_seed42_case4_dolma_epoch64_wd0.2_lr1e-4": {
    "validation_loss": 6.354063839360898,
    "perplexity": 574.8240356445312,
    "tokens_evaluated": 13279917,
    "num_batches": 1526
  }
}