{
  "30M_seed42_case4_dolma_epoch16_wd0.1_lr3e-4": {
    "validation_loss": 6.853490119645985,
    "perplexity": 947.18115234375,
    "tokens_evaluated": 13279917,
    "num_batches": 1526
  }
}