{
  "30M_seed42_case4_dolma_epoch4_wd0.8_lr3e-3": {
    "validation_loss": 7.5668786969769375,
    "perplexity": 1933.0972900390625,
    "tokens_evaluated": 13279917,
    "num_batches": 1526
  }
}