{
  "30M_seed42_case4_dolma_epoch16_wd0.1_lr1e-3": {
    "validation_loss": 6.0718121553689395,
    "perplexity": 433.4654846191406,
    "tokens_evaluated": 13279917,
    "num_batches": 1526
  }
}