{
  "30M_seed42_case4_dolma_epoch4_wd0.8_lr1e-4": {
    "validation_loss": 10.311831355390106,
    "perplexity": 30086.48828125,
    "tokens_evaluated": 13279917,
    "num_batches": 1526
  }
}