{
  "30M_seed42_case4_dolma_epoch16_wd0.2_lr3e-3": {
    "validation_loss": 5.94927766010381,
    "perplexity": 383.476318359375,
    "tokens_evaluated": 13279917,
    "num_batches": 1526
  }
}