{
  "30M_seed42_case4_dolma_epoch2_wd1.6_lr1e-3": {
    "validation_loss": 8.446135991327873,
    "perplexity": 4657.041015625,
    "tokens_evaluated": 13279917,
    "num_batches": 1526
  }
}