{
  "30M_seed42_case4_dolma_epoch8_wd0.2_lr3e-3": {
    "validation_loss": 6.680097715804506,
    "perplexity": 796.3968505859375,
    "tokens_evaluated": 13279917,
    "num_batches": 1526
  }
}