{
  "30M_seed42_case4_dolma_epoch8_wd0.2_lr1e-3": {
    "validation_loss": 6.803768503939539,
    "perplexity": 901.2373046875,
    "tokens_evaluated": 13279917,
    "num_batches": 1526
  }
}