{
  "30M_seed42_case4_dolma_epoch4_wd0.8_lr1e-3": {
    "validation_loss": 7.6612104247750095,
    "perplexity": 2124.327392578125,
    "tokens_evaluated": 13279917,
    "num_batches": 1526
  }
}