{
  "30M_seed42_case4_dolma_epoch64_wd0.8_lr3e-4": {
    "validation_loss": 5.8398438706003395,
    "perplexity": 343.7256164550781,
    "tokens_evaluated": 13279917,
    "num_batches": 1526
  }
}