{
  "30M_seed42_case4_dolma_epoch64_wd0.1_lr3e-4": {
    "validation_loss": 5.824079315637736,
    "perplexity": 338.34954833984375,
    "tokens_evaluated": 13279917,
    "num_batches": 1526
  }
}