{
  "30M_seed42_case4_dolma_epoch2_wd0.1_lr1e-3": {
    "validation_loss": 8.398080276205322,
    "perplexity": 4438.5361328125,
    "tokens_evaluated": 13279917,
    "num_batches": 1526
  }
}