{
  "30M_seed42_case4_dolma_epoch4_wd0.1_lr3e-3": {
    "validation_loss": 7.564195990221551,
    "perplexity": 1927.9183349609375,
    "tokens_evaluated": 13279917,
    "num_batches": 1526
  }
}