{
  "30M_seed42_case4_dolma_epoch1_wd0.4_lr1e-4": {
    "validation_loss": 11.074820459362387,
    "perplexity": 64525.8046875,
    "tokens_evaluated": 13279917,
    "num_batches": 1526
  }
}