{
  "30M_seed42_case4_dolma_epoch1_wd0.4_lr3e-4": {
    "validation_loss": 10.672872854563492,
    "perplexity": 43168.76953125,
    "tokens_evaluated": 13279917,
    "num_batches": 1526
  }
}