{
  "30M_seed42_case4_dolma_epoch4_wd0.2_lr1e-3": {
    "validation_loss": 7.640810371546373,
    "perplexity": 2081.43017578125,
    "tokens_evaluated": 13279917,
    "num_batches": 1526
  }
}