{
  "30M_seed42_case4_dolma_epoch32_wd0.2_lr1e-3": {
    "validation_loss": 5.5976500778364,
    "perplexity": 269.7916564941406,
    "tokens_evaluated": 13279917,
    "num_batches": 1526
  }
}