{
  "30M_seed42_case4_dolma_epoch16_wd1.6_lr1e-3": {
    "validation_loss": 6.173949544907147,
    "perplexity": 480.07855224609375,
    "tokens_evaluated": 13279917,
    "num_batches": 1526
  }
}