{
  "30M_seed42_case4_dolma_epoch4_wd1.6_lr3e-4": {
    "validation_loss": 8.944339479987901,
    "perplexity": 7664.38671875,
    "tokens_evaluated": 13279917,
    "num_batches": 1526
  }
}