{
  "30M_seed42_case4_dolma_epoch2_wd0.1_lr3e-3": {
    "validation_loss": 8.009148808238974,
    "perplexity": 3008.354736328125,
    "tokens_evaluated": 13279917,
    "num_batches": 1526
  }
}