{
  "30M_seed42_case4_dolma_epoch64_wd0.8_lr3e-3": {
    "validation_loss": 5.43140414707423,
    "perplexity": 228.46981811523438,
    "tokens_evaluated": 13279917,
    "num_batches": 1526
  }
}