{
  "30M_seed42_case4_dolma_epoch64_wd0.8_lr1e-4": {
    "validation_loss": 6.378837200569712,
    "perplexity": 589.2420654296875,
    "tokens_evaluated": 13279917,
    "num_batches": 1526
  }
}