{
  "30M_seed42_case4_dolma_epoch4_wd0.4_lr1e-3": {
    "validation_loss": 7.638704984205426,
    "perplexity": 2077.0517578125,
    "tokens_evaluated": 13279917,
    "num_batches": 1526
  }
}