{
  "370M_seed42_case4_dolma_epoch1_wd0.8_lr1e-3": {
    "validation_loss": 3.774508306076598,
    "perplexity": 43.576072692871094,
    "tokens_evaluated": 13279917,
    "num_batches": 3052
  }
}