{
  "370M_seed42_case4_dolma_epoch1_wd0.1_lr3e-3": {
    "validation_loss": 3.7504512422383858,
    "perplexity": 42.54027557373047,
    "tokens_evaluated": 13279917,
    "num_batches": 3052
  }
}