{
  "370M_seed42_case4_dolma_epoch2_wd0.8_lr1e-4": {
    "validation_loss": 4.365193901176732,
    "perplexity": 78.6646499633789,
    "tokens_evaluated": 13279917,
    "num_batches": 3052
  }
}