{
  "370M_seed42_case4_dolma_epoch1_wd0.1_lr1e-4": {
    "validation_loss": 5.0924201037097205,
    "perplexity": 162.78334045410156,
    "tokens_evaluated": 13279917,
    "num_batches": 3052
  }
}