{
  "370M_seed42_case4_dolma_epoch4_wd0.8_lr3e-3": {
    "validation_loss": 2.995541626726555,
    "perplexity": 19.996187210083008,
    "tokens_evaluated": 13279917,
    "num_batches": 3052
  }
}