{
  "370M_seed42_case4_dolma_epoch4_wd1.6_lr3e-3": {
    "validation_loss": 3.2400503082720875,
    "perplexity": 25.535005569458008,
    "tokens_evaluated": 13279917,
    "num_batches": 3052
  }
}