{
  "370M_seed42_case4_dolma_epoch4_wd1.6_lr1e-4": {
    "validation_loss": 3.8454424206537245,
    "perplexity": 46.779380798339844,
    "tokens_evaluated": 13279917,
    "num_batches": 3052
  }
}