{
  "370M_seed42_case4_dolma_epoch8_wd1.6_lr1e-4": {
    "validation_loss": 3.454909805293746,
    "perplexity": 31.655433654785156,
    "tokens_evaluated": 13279917,
    "num_batches": 3052
  }
}