{
  "370M_seed42_case4_dolma_epoch2_wd1.6_lr1e-4": {
    "validation_loss": 4.381299115550907,
    "perplexity": 79.94181060791016,
    "tokens_evaluated": 13279917,
    "num_batches": 3052
  }
}