{
  "370M_seed42_case4_dolma_epoch2_wd0.4_lr1e-4": {
    "validation_loss": 4.358480061170269,
    "perplexity": 78.13827514648438,
    "tokens_evaluated": 13279917,
    "num_batches": 3052
  }
}