{
  "370M_seed42_case4_dolma_epoch2_wd0.4_lr3e-4": {
    "validation_loss": 3.5782013284788796,
    "perplexity": 35.80907440185547,
    "tokens_evaluated": 13279917,
    "num_batches": 3052
  }
}