{
  "370M_seed42_case4_dolma_epoch4_wd0.8_lr3e-4": {
    "validation_loss": 3.2239467844168495,
    "perplexity": 25.12709617614746,
    "tokens_evaluated": 13279917,
    "num_batches": 3052
  }
}