{
  "370M_seed42_case4_dolma_epoch8_wd0.2_lr1e-3": {
    "validation_loss": 2.857130037041803,
    "perplexity": 17.41148567199707,
    "tokens_evaluated": 13279917,
    "num_batches": 3052
  }
}