{
  "370M_seed42_case4_dolma_epoch2_wd0.2_lr1e-3": {
    "validation_loss": 3.2231369314798806,
    "perplexity": 25.106754302978516,
    "tokens_evaluated": 13279917,
    "num_batches": 3052
  }
}