{
  "370M_seed42_case4_dolma_epoch8_wd1.6_lr1e-3": {
    "validation_loss": 2.939224831544578,
    "perplexity": 18.901185989379883,
    "tokens_evaluated": 13279917,
    "num_batches": 3052
  }
}