{
  "370M_seed42_case4_dolma_epoch8_wd1.6_lr3e-4": {
    "validation_loss": 3.032976518892241,
    "perplexity": 20.75893211364746,
    "tokens_evaluated": 13279917,
    "num_batches": 3052
  }
}