{
  "370M_seed42_case4_dolma_epoch8_wd0.4_lr1e-3": {
    "validation_loss": 2.8421589665075007,
    "perplexity": 17.152759552001953,
    "tokens_evaluated": 13279917,
    "num_batches": 3052
  }
}