{
  "370M_seed42_case4_dolma_epoch8_wd0.8_lr1e-3": {
    "validation_loss": 2.8435586646932967,
    "perplexity": 17.176780700683594,
    "tokens_evaluated": 13279917,
    "num_batches": 3052
  }
}