{
  "370M_seed42_case4_dolma_epoch2_wd0.2_lr1e-4": {
    "validation_loss": 4.355657628754999,
    "perplexity": 77.91804504394531,
    "tokens_evaluated": 13279917,
    "num_batches": 3052
  }
}