{
  "370M_seed42_case4_dolma_epoch4_wd0.2_lr3e-3": {
    "validation_loss": 2.9488480853342423,
    "perplexity": 19.083955764770508,
    "tokens_evaluated": 13279917,
    "num_batches": 3052
  }
}