{
  "370M_seed42_case4_dolma_epoch4_wd0.8_lr1e-3": {
    "validation_loss": 2.9690314722303195,
    "perplexity": 19.473052978515625,
    "tokens_evaluated": 13279917,
    "num_batches": 3052
  }
}