{
  "370M_seed42_case4_dolma_epoch2_wd0.8_lr1e-3": {
    "validation_loss": 3.2386432422879836,
    "perplexity": 25.499099731445312,
    "tokens_evaluated": 13279917,
    "num_batches": 3052
  }
}