{
  "370M_seed42_case4_dolma_epoch1_wd0.2_lr1e-3": {
    "validation_loss": 3.780304216048711,
    "perplexity": 43.82937240600586,
    "tokens_evaluated": 13279917,
    "num_batches": 3052
  }
}