{
  "370M_seed42_case4_dolma_epoch1_wd1.6_lr3e-4": {
    "validation_loss": 4.1728850538393685,
    "perplexity": 64.90242004394531,
    "tokens_evaluated": 13279917,
    "num_batches": 3052
  }
}