{
  "370M_seed42_case4_dolma_epoch1_wd0.4_lr1e-4": {
    "validation_loss": 5.0949956995124905,
    "perplexity": 163.20310974121094,
    "tokens_evaluated": 13279917,
    "num_batches": 3052
  }
}