{
  "370M_seed42_case4_dolma_epoch4_wd0.2_lr1e-4": {
    "validation_loss": 3.8302143263907213,
    "perplexity": 46.072410583496094,
    "tokens_evaluated": 13279917,
    "num_batches": 3052
  }
}