{
  "370M_seed42_case4_dolma_epoch1_wd0.2_lr3e-4": {
    "validation_loss": 4.152308047207057,
    "perplexity": 63.58057403564453,
    "tokens_evaluated": 13279917,
    "num_batches": 3052
  }
}