{
  "370M_seed42_case4_dolma_epoch4_wd0.2_lr3e-4": {
    "validation_loss": 3.2417550680318987,
    "perplexity": 25.57857322692871,
    "tokens_evaluated": 13279917,
    "num_batches": 3052
  }
}