{
  "370M_seed42_case4_dolma_epoch32_wd0.8_lr3e-3": {
    "validation_loss": 2.8238191749630093,
    "perplexity": 16.841047286987305,
    "tokens_evaluated": 3478624,
    "num_batches": 794
  }
}