{
  "370M_seed42_case4_dolma_epoch2_wd0.1_lr1e-4": {
    "validation_loss": 4.356025853359679,
    "perplexity": 77.94673156738281,
    "tokens_evaluated": 13279917,
    "num_batches": 3052
  }
}