{
  "370M_seed42_case4_dolma_epoch2_wd0.8_lr3e-4": {
    "validation_loss": 3.585225614588758,
    "perplexity": 36.061492919921875,
    "tokens_evaluated": 13279917,
    "num_batches": 3052
  }
}