{
  "370M_seed42_case4_dolma_epoch4_wd0.1_lr1e-4": {
    "validation_loss": 3.8313678236712034,
    "perplexity": 46.12558364868164,
    "tokens_evaluated": 13279917,
    "num_batches": 3052
  }
}