{
  "370M_seed42_case4_dolma_epoch1_wd0.2_lr1e-4": {
    "validation_loss": 5.097816373111527,
    "perplexity": 163.66415405273438,
    "tokens_evaluated": 13279917,
    "num_batches": 3052
  }
}