{
  "370M_seed42_case4_dolma_epoch4_wd0.2_lr1e-3": {
    "validation_loss": 2.9648775960257026,
    "perplexity": 19.392330169677734,
    "tokens_evaluated": 13279917,
    "num_batches": 3052
  }
}