{
  "370M_seed42_case4_dolma_epoch2_wd0.4_lr3e-3": {
    "validation_loss": 3.1868937088082627,
    "perplexity": 24.213096618652344,
    "tokens_evaluated": 13279917,
    "num_batches": 3052
  }
}