{
  "370M_seed42_case4_dolma_epoch4_wd0.1_lr1e-3": {
    "validation_loss": 2.978214281602476,
    "perplexity": 19.652690887451172,
    "tokens_evaluated": 13279917,
    "num_batches": 3052
  }
}