{
  "370M_seed42_case4_dolma_epoch1_wd0.4_lr3e-4": {
    "validation_loss": 4.171046234594989,
    "perplexity": 64.78319549560547,
    "tokens_evaluated": 13279917,
    "num_batches": 3052
  }
}