{
  "370M_seed42_case4_dolma_epoch1_wd0.2_lr3e-3": {
    "validation_loss": 3.6722824232999667,
    "perplexity": 39.34159851074219,
    "tokens_evaluated": 13279917,
    "num_batches": 3052
  }
}