{
  "370M_seed42_case4_dolma_epoch32_wd0.4_lr3e-3": {
    "validation_loss": 2.7460144133364586,
    "perplexity": 15.58041000366211,
    "tokens_evaluated": 3478624,
    "num_batches": 794
  }
}