{
  "370M_seed42_case4_dolma_epoch1_wd0.4_lr1e-3": {
    "validation_loss": 3.7487337820310738,
    "perplexity": 42.4672737121582,
    "tokens_evaluated": 13279917,
    "num_batches": 3052
  }
}