{
  "370M_seed42_case4_dolma_epoch4_wd0.1_lr3e-4": {
    "validation_loss": 3.245827024865612,
    "perplexity": 25.682939529418945,
    "tokens_evaluated": 13279917,
    "num_batches": 3052
  }
}