{
  "370M_seed42_case4_dolma_epoch8_wd0.4_lr3e-3": {
    "validation_loss": 2.818610698211704,
    "perplexity": 16.753559112548828,
    "tokens_evaluated": 13279917,
    "num_batches": 3052
  }
}