{
  "370M_seed42_case4_dolma_epoch8_wd0.1_lr1e-3": {
    "validation_loss": 2.868790840306742,
    "perplexity": 17.615705490112305,
    "tokens_evaluated": 13279917,
    "num_batches": 3052
  }
}