{
  "370M_seed42_case4_dolma_epoch1_wd0.1_lr1e-3": {
    "validation_loss": 3.7745532617099857,
    "perplexity": 43.57803726196289,
    "tokens_evaluated": 13279917,
    "num_batches": 3052
  }
}