{
  "370M_seed42_case4_dolma_epoch1_wd0.8_lr1e-4": {
    "validation_loss": 5.102805109827388,
    "perplexity": 164.48265075683594,
    "tokens_evaluated": 13279917,
    "num_batches": 3052
  }
}