{
  "370M_seed42_case4_dolma_epoch1_wd1.6_lr1e-4": {
    "validation_loss": 5.114528458947076,
    "perplexity": 166.4223175048828,
    "tokens_evaluated": 13279917,
    "num_batches": 3052
  }
}