{
  "370M_seed42_case4_dolma_epoch2_wd1.6_lr3e-4": {
    "validation_loss": 3.603502713409984,
    "perplexity": 36.726654052734375,
    "tokens_evaluated": 13279917,
    "num_batches": 3052
  }
}