{
  "370M_seed42_case4_dolma_epoch8_wd0.4_lr1e-4": {
    "validation_loss": 3.450941048606531,
    "perplexity": 31.53005027770996,
    "tokens_evaluated": 13279917,
    "num_batches": 3052
  }
}