{
  "370M_seed42_case4_dolma_epoch4_wd0.4_lr1e-3": {
    "validation_loss": 2.964047613880924,
    "perplexity": 19.37624168395996,
    "tokens_evaluated": 13279917,
    "num_batches": 3052
  }
}