{
  "370M_seed42_case4_dolma_epoch2_wd0.4_lr1e-3": {
    "validation_loss": 3.215508830327524,
    "perplexity": 24.915969848632812,
    "tokens_evaluated": 13279917,
    "num_batches": 3052
  }
}