{
  "370M_seed42_case4_dolma_epoch8_wd0.4_lr3e-4": {
    "validation_loss": 3.0193067983639934,
    "perplexity": 20.477094650268555,
    "tokens_evaluated": 13279917,
    "num_batches": 3052
  }
}