{
  "370M_seed42_case4_dolma_epoch8_wd0.8_lr3e-4": {
    "validation_loss": 3.006569641811288,
    "perplexity": 20.217926025390625,
    "tokens_evaluated": 13279917,
    "num_batches": 3052
  }
}