{
  "370M_seed42_case4_dolma_epoch2_wd0.1_lr3e-3": {
    "validation_loss": 3.185819572075686,
    "perplexity": 24.187105178833008,
    "tokens_evaluated": 13279917,
    "num_batches": 3052
  }
}