{
  "370M_seed42_case4_dolma_epoch8_wd0.2_lr1e-4": {
    "validation_loss": 3.45604856468878,
    "perplexity": 31.691499710083008,
    "tokens_evaluated": 13279917,
    "num_batches": 3052
  }
}