{
  "370M_seed42_case4_dolma_epoch16_wd0.8_lr3e-3": {
    "validation_loss": 2.8285530850274667,
    "perplexity": 16.920961380004883,
    "tokens_evaluated": 3478624,
    "num_batches": 794
  }
}