{
  "370M_seed42_case4_dolma_epoch1_wd0.4_lr3e-3": {
    "validation_loss": 3.6831687257239163,
    "perplexity": 39.772220611572266,
    "tokens_evaluated": 13279917,
    "num_batches": 3052
  }
}