{
  "370M_seed42_case4_dolma_epoch4_wd1.6_lr3e-4": {
    "validation_loss": 3.244279334556061,
    "perplexity": 25.643224716186523,
    "tokens_evaluated": 13279917,
    "num_batches": 3052
  }
}