{
  "370M_seed42_case4_dolma_epoch4_wd0.4_lr1e-4": {
    "validation_loss": 3.8302021415280567,
    "perplexity": 46.07184982299805,
    "tokens_evaluated": 13279917,
    "num_batches": 3052
  }
}