{
  "370M_seed42_case4_dolma_epoch4_wd0.4_lr3e-4": {
    "validation_loss": 3.2321993127631856,
    "perplexity": 25.33531951904297,
    "tokens_evaluated": 13279917,
    "num_batches": 3052
  }
}