{
  "370M_seed42_case4_dolma_epoch4_wd0.4_lr3e-3": {
    "validation_loss": 2.957065205999976,
    "perplexity": 19.241416931152344,
    "tokens_evaluated": 13279917,
    "num_batches": 3052
  }
}