{
  "370M_seed42_case4_dolma_epoch2_wd0.2_lr3e-3": {
    "validation_loss": 3.1607069012782785,
    "perplexity": 23.58726692199707,
    "tokens_evaluated": 13279917,
    "num_batches": 3052
  }
}