{
  "370M_seed42_case4_dolma_epoch8_wd0.1_lr3e-4": {
    "validation_loss": 3.0420621816298845,
    "perplexity": 20.948400497436523,
    "tokens_evaluated": 13279917,
    "num_batches": 3052
  }
}