{
  "370M_seed42_case4_dolma_epoch1_wd1.6_lr1e-3": {
    "validation_loss": 3.947617841380334,
    "perplexity": 51.811790466308594,
    "tokens_evaluated": 13279917,
    "num_batches": 3052
  }
}