{
  "370M_seed42_case4_dolma_epoch8_wd1.6_lr3e-3": {
    "validation_loss": 3.106011696635501,
    "perplexity": 22.331798553466797,
    "tokens_evaluated": 13279917,
    "num_batches": 3052
  }
}