{
  "30M_seed42_case4_dolma_epoch2_wd1.6_lr3e-4": {
    "validation_loss": 7.5667988217542135,
    "perplexity": 1932.9423828125,
    "tokens_evaluated": 13279917,
    "num_batches": 1526
  }
}