{
  "30M_seed42_case4_dolma_epoch1_wd0.2_lr1e-4": {
    "validation_loss": 10.06942896573403,
    "perplexity": 23610.08984375,
    "tokens_evaluated": 13279917,
    "num_batches": 1526
  }
}