{
  "30M_seed42_case4_dolma_epoch32_wd1.6_lr1e-4": {
    "validation_loss": 5.694947790159852,
    "perplexity": 297.3612365722656,
    "tokens_evaluated": 13279917,
    "num_batches": 1526
  }
}