{
  "30M_seed42_case4_dolma_epoch16_wd0.8_lr3e-4": {
    "validation_loss": 5.417835860779947,
    "perplexity": 225.39077758789062,
    "tokens_evaluated": 13279917,
    "num_batches": 1526
  }
}