{
  "30M_seed42_case4_dolma_epoch16_wd1.6_lr1e-4": {
    "validation_loss": 6.2072836195943,
    "perplexity": 496.35107421875,
    "tokens_evaluated": 13279917,
    "num_batches": 1526
  }
}