{
  "30M_seed42_case4_dolma_epoch64_wd0.2_lr3e-3": {
    "validation_loss": 4.211005026851001,
    "perplexity": 67.42427825927734,
    "tokens_evaluated": 13279917,
    "num_batches": 1526
  }
}