{
  "30M_seed42_case4_dolma_epoch32_wd0.4_lr1e-4": {
    "validation_loss": 5.613882182446175,
    "perplexity": 274.2066650390625,
    "tokens_evaluated": 13279917,
    "num_batches": 1526
  }
}