{
  "30M_seed42_case4_dolma_epoch4_wd0.8_lr1e-3": {
    "validation_loss": 5.900414651308509,
    "perplexity": 365.18878173828125,
    "tokens_evaluated": 13279917,
    "num_batches": 1526
  }
}