{
  "30M_seed42_case4_dolma_epoch64_wd0.2_lr3e-4": {
    "validation_loss": 4.46112553218106,
    "perplexity": 86.58489227294922,
    "tokens_evaluated": 13279917,
    "num_batches": 1526
  }
}