{
  "30M_seed42_case4_dolma_epoch8_wd0.4_lr1e-4": {
    "validation_loss": 6.845431933663676,
    "perplexity": 939.5789184570312,
    "tokens_evaluated": 13279917,
    "num_batches": 1526
  }
}