{
  "30M_seed42_case4_dolma_epoch1_wd0.8_lr3e-3": {
    "validation_loss": 7.297537619814025,
    "perplexity": 1476.65966796875,
    "tokens_evaluated": 13279917,
    "num_batches": 1526
  }
}