{
  "30M_seed42_case4_dolma_epoch2_wd0.8_lr3e-4": {
    "validation_loss": 7.529917183582078,
    "perplexity": 1862.9512939453125,
    "tokens_evaluated": 13279917,
    "num_batches": 1526
  }
}