{
  "30M_seed42_case4_dolma_epoch8_wd1.6_lr1e-3": {
    "validation_loss": 5.395677565493491,
    "perplexity": 220.4514617919922,
    "tokens_evaluated": 13279917,
    "num_batches": 1526
  }
}