{
  "30M_seed42_case4_dolma_epoch2_wd0.4_lr3e-4": {
    "validation_loss": 7.511285195014773,
    "perplexity": 1828.562255859375,
    "tokens_evaluated": 13279917,
    "num_batches": 1526
  }
}