{
  "30M_seed42_case4_dolma_epoch2_wd0.4_lr3e-3": {
    "validation_loss": 6.504210955288256,
    "perplexity": 667.9484252929688,
    "tokens_evaluated": 13279917,
    "num_batches": 1526
  }
}