{
  "30M_seed42_case4_dolma_epoch4_wd0.1_lr1e-4": {
    "validation_loss": 7.8884242551471235,
    "perplexity": 2666.23974609375,
    "tokens_evaluated": 13279917,
    "num_batches": 1526
  }
}