{
  "30M_seed42_case4_dolma_epoch16_wd0.1_lr1e-4": {
    "validation_loss": 6.13526365167665,
    "perplexity": 461.8607482910156,
    "tokens_evaluated": 13279917,
    "num_batches": 1526
  }
}