{
  "30M_seed42_case4_dolma_epoch2_wd0.8_lr3e-3": {
    "validation_loss": 6.527804419986092,
    "perplexity": 683.8949584960938,
    "tokens_evaluated": 13279917,
    "num_batches": 1526
  }
}