{
  "30M_seed42_case4_dolma_epoch8_wd0.4_lr3e-3": {
    "validation_loss": 5.068654566612808,
    "perplexity": 158.96031188964844,
    "tokens_evaluated": 13279917,
    "num_batches": 1526
  }
}