{
  "30M_seed42_case4_dolma_epoch2_wd0.4_lr1e-3": {
    "validation_loss": 6.60666051505513,
    "perplexity": 740.0075073242188,
    "tokens_evaluated": 13279917,
    "num_batches": 1526
  }
}