{
  "30M_seed42_case4_dolma_epoch16_wd0.4_lr1e-4": {
    "validation_loss": 6.1479059446640605,
    "perplexity": 467.7368469238281,
    "tokens_evaluated": 13279917,
    "num_batches": 1526
  }
}