{
  "30M_seed42_case4_dolma_epoch8_wd0.1_lr1e-3": {
    "validation_loss": 5.186995465758441,
    "perplexity": 178.93014526367188,
    "tokens_evaluated": 13279917,
    "num_batches": 1526
  }
}