{
  "30M_seed42_case4_dolma_epoch1_wd0.8_lr1e-3": {
    "validation_loss": 7.421314686336495,
    "perplexity": 1671.229248046875,
    "tokens_evaluated": 13279917,
    "num_batches": 1526
  }
}