{
  "30M_seed42_case4_dolma_epoch4_wd1.6_lr1e-4": {
    "validation_loss": 7.952190011893288,
    "perplexity": 2841.79150390625,
    "tokens_evaluated": 13279917,
    "num_batches": 1526
  }
}