{
  "30M_seed42_case4_dolma_epoch16_wd0.8_lr3e-3": {
    "validation_loss": 4.388584650363167,
    "perplexity": 80.52635955810547,
    "tokens_evaluated": 13279917,
    "num_batches": 1526
  }
}