{
  "30M_seed42_case4_dolma_epoch8_wd0.2_lr3e-3": {
    "validation_loss": 4.999963813132736,
    "perplexity": 148.40777587890625,
    "tokens_evaluated": 13279917,
    "num_batches": 1526
  }
}