{
  "30M_seed42_case4_dolma_epoch2_wd1.6_lr1e-3": {
    "validation_loss": 6.649386768951803,
    "perplexity": 772.3106689453125,
    "tokens_evaluated": 13279917,
    "num_batches": 1526
  }
}