{
  "30M_seed42_case4_dolma_epoch16_wd0.8_lr1e-4": {
    "validation_loss": 6.166950342564853,
    "perplexity": 476.72998046875,
    "tokens_evaluated": 13279917,
    "num_batches": 1526
  }
}