{
  "30M_seed42_case4_dolma_epoch2_wd0.1_lr3e-3": {
    "validation_loss": 6.502321916941033,
    "perplexity": 666.6876831054688,
    "tokens_evaluated": 13279917,
    "num_batches": 1526
  }
}