{
  "30M_seed42_case4_dolma_epoch64_wd0.2_lr1e-3": {
    "validation_loss": 4.4166851401384415,
    "perplexity": 82.8212890625,
    "tokens_evaluated": 13279917,
    "num_batches": 1526
  }
}