{
  "30M_seed42_case4_dolma_epoch32_wd0.8_lr3e-4": {
    "validation_loss": 4.804844156679052,
    "perplexity": 122.1004867553711,
    "tokens_evaluated": 13279917,
    "num_batches": 1526
  }
}