{
  "30M_seed42_case4_dolma_epoch4_wd0.2_lr3e-4": {
    "validation_loss": 6.588511809184665,
    "perplexity": 726.6986694335938,
    "tokens_evaluated": 13279917,
    "num_batches": 1526
  }
}