{
  "30M_seed42_case4_dolma_epoch16_wd0.2_lr3e-4": {
    "validation_loss": 5.370580944560638,
    "perplexity": 214.98777770996094,
    "tokens_evaluated": 13279917,
    "num_batches": 1526
  }
}