{
  "30M_seed42_case4_dolma_epoch2_wd0.4_lr1e-4": {
    "validation_loss": 9.071055714594262,
    "perplexity": 8699.80078125,
    "tokens_evaluated": 13279917,
    "num_batches": 1526
  }
}