{
  "30M_seed42_case4_dolma_epoch32_wd0.8_lr1e-3": {
    "validation_loss": 4.311766989297519,
    "perplexity": 74.57215118408203,
    "tokens_evaluated": 13279917,
    "num_batches": 1526
  }
}