{
  "30M_seed42_case4_dolma_epoch16_wd0.4_lr3e-3": {
    "validation_loss": 4.331088637083891,
    "perplexity": 76.0270004272461,
    "tokens_evaluated": 13279917,
    "num_batches": 1526
  }
}