{
  "30M_seed42_case4_dolma_epoch16_wd0.1_lr1e-3": {
    "validation_loss": 4.5307240566979115,
    "perplexity": 92.82574462890625,
    "tokens_evaluated": 13279917,
    "num_batches": 1526
  }
}