{
  "30M_seed42_case4_dolma_epoch16_wd0.1_lr3e-4": {
    "validation_loss": 5.364779664435567,
    "perplexity": 213.7440948486328,
    "tokens_evaluated": 13279917,
    "num_batches": 1526
  }
}