{
  "30M_seed42_case4_dolma_epoch1_wd0.8_lr3e-4": {
    "validation_loss": 8.561646361675773,
    "perplexity": 5227.28076171875,
    "tokens_evaluated": 13279917,
    "num_batches": 1526
  }
}