{
  "30M_seed42_case4_dolma_epoch2_wd1.6_lr3e-3": {
    "validation_loss": 6.617248713864444,
    "perplexity": 747.8844604492188,
    "tokens_evaluated": 13279917,
    "num_batches": 1526
  }
}