{
  "30M_seed42_case4_dolma_epoch1_wd0.1_lr1e-4": {
    "validation_loss": 10.068654314896367,
    "perplexity": 23591.791015625,
    "tokens_evaluated": 13279917,
    "num_batches": 1526
  }
}