{
  "30M_seed42_case4_dolma_epoch2_wd1.6_lr1e-4": {
    "validation_loss": 9.097250563105929,
    "perplexity": 8930.7080078125,
    "tokens_evaluated": 13279917,
    "num_batches": 1526
  }
}