{
  "30M_seed42_case4_dolma_epoch1_wd0.2_lr3e-3": {
    "validation_loss": 7.216118447202315,
    "perplexity": 1361.195068359375,
    "tokens_evaluated": 13279917,
    "num_batches": 1526
  }
}