{
  "30M_seed42_case4_dolma_epoch32_wd0.1_lr1e-4": {
    "validation_loss": 5.5989153624028205,
    "perplexity": 270.13330078125,
    "tokens_evaluated": 13279917,
    "num_batches": 1526
  }
}