{
  "30M_seed42_case4_dolma_epoch16_wd0.2_lr1e-3": {
    "validation_loss": 4.5373307364085695,
    "perplexity": 93.4410400390625,
    "tokens_evaluated": 13279917,
    "num_batches": 1526
  }
}