{
  "30M_seed42_case4_dolma_epoch32_wd0.4_lr3e-3": {
    "validation_loss": 4.168100474323724,
    "perplexity": 64.59263610839844,
    "tokens_evaluated": 13279917,
    "num_batches": 1526
  }
}