{
  "30M_seed42_case4_dolma_epoch4_wd0.1_lr3e-3": {
    "validation_loss": 5.699947832219956,
    "perplexity": 298.851806640625,
    "tokens_evaluated": 13279917,
    "num_batches": 1526
  }
}