{
  "30M_seed42_case4_dolma_epoch64_wd0.8_lr3e-3": {
    "validation_loss": 4.115230880090403,
    "perplexity": 61.2663688659668,
    "tokens_evaluated": 13279917,
    "num_batches": 1526
  }
}