{
  "30M_seed42_case4_dolma_epoch16_wd0.8_lr1e-3": {
    "validation_loss": 4.585467954784892,
    "perplexity": 98.04904174804688,
    "tokens_evaluated": 13279917,
    "num_batches": 1526
  }
}