{
  "30M_seed42_case4_dolma_epoch4_wd1.6_lr3e-4": {
    "validation_loss": 6.661996902020241,
    "perplexity": 782.1111450195312,
    "tokens_evaluated": 13279917,
    "num_batches": 1526
  }
}