{
  "30M_seed42_case4_dolma_epoch1_wd1.6_lr3e-3": {
    "validation_loss": 7.376541947334248,
    "perplexity": 1598.0543212890625,
    "tokens_evaluated": 13279917,
    "num_batches": 1526
  }
}