{
  "30M_seed42_case4_dolma_epoch4_wd0.8_lr1e-4": {
    "validation_loss": 7.917940938090953,
    "perplexity": 2746.111328125,
    "tokens_evaluated": 13279917,
    "num_batches": 1526
  }
}