{
  "30M_seed42_case4_dolma_epoch32_wd0.8_lr3e-3": {
    "validation_loss": 4.166516429455447,
    "perplexity": 64.49039459228516,
    "tokens_evaluated": 13279917,
    "num_batches": 1526
  }
}