{
  "30M_seed42_case4_dolma_epoch8_wd0.1_lr1e-4": {
    "validation_loss": 6.830484039931664,
    "perplexity": 925.6386108398438,
    "tokens_evaluated": 13279917,
    "num_batches": 1526
  }
}