{
  "30M_seed42_case4_dolma_epoch1_wd0.1_lr3e-3": {
    "validation_loss": 7.257593135335955,
    "perplexity": 1418.8375244140625,
    "tokens_evaluated": 13279917,
    "num_batches": 1526
  }
}