{
  "30M_seed42_case4_dolma_epoch64_wd1.6_lr3e-4": {
    "validation_loss": 4.587413203700275,
    "perplexity": 98.23998260498047,
    "tokens_evaluated": 13279917,
    "num_batches": 1526
  }
}