{
  "30M_seed42_case4_dolma_epoch32_wd1.6_lr3e-4": {
    "validation_loss": 4.9070505522608405,
    "perplexity": 135.2399444580078,
    "tokens_evaluated": 13279917,
    "num_batches": 1526
  }
}