{
  "30M_seed42_case4_dolma_epoch2_wd0.2_lr3e-3": {
    "validation_loss": 6.504236691841946,
    "perplexity": 667.9656372070312,
    "tokens_evaluated": 13279917,
    "num_batches": 1526
  }
}