{
  "30M_seed42_case4_dolma_epoch64_wd0.1_lr1e-3": {
    "validation_loss": 4.453224040896326,
    "perplexity": 85.9034652709961,
    "tokens_evaluated": 13279917,
    "num_batches": 1526
  }
}