{
  "30M_seed42_case4_dolma_epoch2_wd0.1_lr1e-4": {
    "validation_loss": 9.064413156429648,
    "perplexity": 8642.205078125,
    "tokens_evaluated": 13279917,
    "num_batches": 1526
  }
}