{
  "30M_seed42_case4_dolma_epoch32_wd0.2_lr3e-3": {
    "validation_loss": 4.194026890158298,
    "perplexity": 66.28919982910156,
    "tokens_evaluated": 13279917,
    "num_batches": 1526
  }
}