{
  "30M_seed42_case4_dolma_epoch64_wd0.2_lr1e-4": {
    "validation_loss": 4.980373632365088,
    "perplexity": 145.52877807617188,
    "tokens_evaluated": 13279917,
    "num_batches": 1526
  }
}