{
  "30M_seed42_case4_dolma_epoch4_wd0.2_lr1e-3": {
    "validation_loss": 5.836437563425189,
    "perplexity": 342.556884765625,
    "tokens_evaluated": 13279917,
    "num_batches": 1526
  }
}