{
  "30M_seed42_case4_dolma_epoch32_wd0.2_lr1e-3": {
    "validation_loss": 4.303342920195538,
    "perplexity": 73.94657135009766,
    "tokens_evaluated": 13279917,
    "num_batches": 1526
  }
}