{
  "30M_seed42_case4_dolma_epoch2_wd0.1_lr1e-3": {
    "validation_loss": 6.583165706435585,
    "perplexity": 722.8239135742188,
    "tokens_evaluated": 13279917,
    "num_batches": 1526
  }
}