{
  "30M_seed42_case4_dolma_epoch2_wd0.2_lr1e-4": {
    "validation_loss": 9.066556177989007,
    "perplexity": 8660.744140625,
    "tokens_evaluated": 13279917,
    "num_batches": 1526
  }
}