{
  "30M_seed42_case4_dolma_epoch1_wd0.4_lr3e-3": {
    "validation_loss": 7.262893644611893,
    "perplexity": 1426.3780517578125,
    "tokens_evaluated": 13279917,
    "num_batches": 1526
  }
}