{
  "30M_seed42_case4_dolma_epoch1_wd0.1_lr1e-3": {
    "validation_loss": 7.390597644460287,
    "perplexity": 1620.6746826171875,
    "tokens_evaluated": 13279917,
    "num_batches": 1526
  }
}