{
  "30M_seed42_case4_dolma_epoch8_wd0.4_lr1e-3": {
    "validation_loss": 5.2212889827714095,
    "perplexity": 185.17274475097656,
    "tokens_evaluated": 13279917,
    "num_batches": 1526
  }
}