{
  "30M_seed42_case4_dolma_epoch64_wd0.8_lr3e-4": {
    "validation_loss": 4.464639146302764,
    "perplexity": 86.8896713256836,
    "tokens_evaluated": 13279917,
    "num_batches": 1526
  }
}