{
  "30M_seed42_case4_dolma_epoch1_wd1.6_lr1e-3": {
    "validation_loss": 7.469956676698827,
    "perplexity": 1754.531005859375,
    "tokens_evaluated": 13279917,
    "num_batches": 1526
  }
}