{
  "30M_seed42_case4_dolma_epoch4_wd0.4_lr1e-4": {
    "validation_loss": 7.9008535491093905,
    "perplexity": 2699.585693359375,
    "tokens_evaluated": 13279917,
    "num_batches": 1526
  }
}