{
  "30M_seed42_case4_dolma_epoch4_wd0.4_lr3e-3": {
    "validation_loss": 5.762186791020018,
    "perplexity": 318.0431213378906,
    "tokens_evaluated": 13279917,
    "num_batches": 1526
  }
}