{
  "30M_seed42_case4_dolma_epoch32_wd0.2_lr1e-4": {
    "validation_loss": 5.601550861478935,
    "perplexity": 270.84619140625,
    "tokens_evaluated": 13279917,
    "num_batches": 1526
  }
}