{
  "30M_seed42_case4_dolma_epoch1_wd1.6_lr1e-4": {
    "validation_loss": 10.08048443298582,
    "perplexity": 23872.546875,
    "tokens_evaluated": 13279917,
    "num_batches": 1526
  }
}