{
  "30M_seed42_case4_dolma_epoch4_wd1.6_lr1e-3": {
    "validation_loss": 5.961556390057352,
    "perplexity": 388.2138977050781,
    "tokens_evaluated": 13279917,
    "num_batches": 1526
  }
}