{
  "30M_seed42_case4_dolma_epoch1_wd0.2_lr1e-3": {
    "validation_loss": 7.385225129501468,
    "perplexity": 1611.990966796875,
    "tokens_evaluated": 13279917,
    "num_batches": 1526
  }
}