{
  "30M_seed42_case4_dolma_epoch64_wd0.8_lr1e-3": {
    "validation_loss": 4.22245927228875,
    "perplexity": 68.20100402832031,
    "tokens_evaluated": 13279917,
    "num_batches": 1526
  }
}