{
  "30M_seed42_case4_dolma_epoch8_wd1.6_lr3e-4": {
    "validation_loss": 6.005230028231375,
    "perplexity": 405.5442199707031,
    "tokens_evaluated": 13279917,
    "num_batches": 1526
  }
}