{
  "30M_seed42_case4_dolma_epoch4_wd0.1_lr3e-4": {
    "validation_loss": 6.584066089451439,
    "perplexity": 723.4749145507812,
    "tokens_evaluated": 13279917,
    "num_batches": 1526
  }
}