{
  "30M_seed42_case4_dolma_epoch8_wd0.4_lr3e-4": {
    "validation_loss": 5.928614423327862,
    "perplexity": 375.6337585449219,
    "tokens_evaluated": 13279917,
    "num_batches": 1526
  }
}