{
  "30M_seed42_case4_dolma_epoch8_wd0.1_lr3e-4": {
    "validation_loss": 5.915093637095139,
    "perplexity": 370.58892822265625,
    "tokens_evaluated": 13279917,
    "num_batches": 1526
  }
}