{
  "30M_seed42_case4_dolma_epoch8_wd0.2_lr1e-4": {
    "validation_loss": 6.83549567359636,
    "perplexity": 930.2891845703125,
    "tokens_evaluated": 13279917,
    "num_batches": 1526
  }
}