{
  "30M_seed42_case4_dolma_epoch1_wd0.4_lr3e-4": {
    "validation_loss": 8.54917305741397,
    "perplexity": 5162.4853515625,
    "tokens_evaluated": 13279917,
    "num_batches": 1526
  }
}