{
  "30M_seed42_case4_dolma_epoch32_wd0.1_lr1e-3": {
    "validation_loss": 4.31455859198247,
    "perplexity": 74.78060150146484,
    "tokens_evaluated": 13279917,
    "num_batches": 1526
  }
}