{
  "30M_seed42_case4_dolma_epoch32_wd1.6_lr1e-3": {
    "validation_loss": 4.493224363258092,
    "perplexity": 89.40924835205078,
    "tokens_evaluated": 13279917,
    "num_batches": 1526
  }
}