{
  "30M_seed42_case4_dolma_epoch8_wd0.8_lr3e-3": {
    "validation_loss": 5.0878437910347065,
    "perplexity": 162.0401153564453,
    "tokens_evaluated": 13279917,
    "num_batches": 1526
  }
}