{
  "30M_seed42_case4_dolma_epoch32_wd0.2_lr3e-4": {
    "validation_loss": 4.727921731274987,
    "perplexity": 113.06037139892578,
    "tokens_evaluated": 13279917,
    "num_batches": 1526
  }
}