{
  "30M_seed42_case4_dolma_epoch64_wd0.1_lr3e-3": {
    "validation_loss": 4.286536514415433,
    "perplexity": 72.71420288085938,
    "tokens_evaluated": 13279917,
    "num_batches": 1526
  }
}