{
  "30M_seed42_case4_dolma_epoch2_wd0.2_lr1e-3": {
    "validation_loss": 6.58538217286639,
    "perplexity": 724.427734375,
    "tokens_evaluated": 13279917,
    "num_batches": 1526
  }
}