{
  "30M_seed42_case4_dolma_epoch64_wd1.6_lr1e-3": {
    "validation_loss": 4.35459311329139,
    "perplexity": 77.83515930175781,
    "tokens_evaluated": 13279917,
    "num_batches": 1526
  }
}