{
  "30M_seed42_case4_dolma_epoch64_wd0.1_lr3e-4": {
    "validation_loss": 4.4606226114102645,
    "perplexity": 86.54138946533203,
    "tokens_evaluated": 13279917,
    "num_batches": 1526
  }
}