{
  "30M_seed42_case4_dolma_epoch1_wd0.4_lr1e-4": {
    "validation_loss": 10.071169081560807,
    "perplexity": 23651.1953125,
    "tokens_evaluated": 13279917,
    "num_batches": 1526
  }
}