{
  "30M_seed42_case4_dolma_epoch64_wd0.1_lr1e-4": {
    "validation_loss": 4.974816639331923,
    "perplexity": 144.72230529785156,
    "tokens_evaluated": 13279917,
    "num_batches": 1526
  }
}