{
  "30M_seed42_case4_dolma_epoch4_wd0.2_lr3e-3": {
    "validation_loss": 5.682765515622552,
    "perplexity": 293.7607116699219,
    "tokens_evaluated": 13279917,
    "num_batches": 1526
  }
}