{
  "30M_seed42_case4_dolma_epoch32_wd0.8_lr1e-4": {
    "validation_loss": 5.6400641306189545,
    "perplexity": 281.4808044433594,
    "tokens_evaluated": 13279917,
    "num_batches": 1526
  }
}