{
  "30M_seed42_case4_dolma_epoch2_wd0.8_lr1e-3": {
    "validation_loss": 6.598985864184759,
    "perplexity": 734.3499145507812,
    "tokens_evaluated": 13279917,
    "num_batches": 1526
  }
}