{
  "30M_seed42_case4_dolma_epoch32_wd1.6_lr3e-3": {
    "validation_loss": 4.360537000303023,
    "perplexity": 78.2991714477539,
    "tokens_evaluated": 13279917,
    "num_batches": 1526
  }
}