{
  "30M_seed42_case4_dolma_epoch64_wd0.8_lr1e-4": {
    "validation_loss": 5.020648767529595,
    "perplexity": 151.5095977783203,
    "tokens_evaluated": 13279917,
    "num_batches": 1526
  }
}