{
  "30M_seed42_case4_dolma_epoch1_wd0.1_lr3e-4": {
    "validation_loss": 8.53963938495907,
    "perplexity": 5113.50048828125,
    "tokens_evaluated": 13279917,
    "num_batches": 1526
  }
}