{
  "30M_seed42_case4_dolma_epoch8_wd0.8_lr1e-4": {
    "validation_loss": 6.865903162565417,
    "perplexity": 959.0117797851562,
    "tokens_evaluated": 13279917,
    "num_batches": 1526
  }
}