{
  "30M_seed42_case4_dolma_epoch8_wd0.2_lr3e-4": {
    "validation_loss": 5.9184162226321,
    "perplexity": 371.8222961425781,
    "tokens_evaluated": 13279917,
    "num_batches": 1526
  }
}