{
  "30M_seed42_case4_dolma_epoch32_wd0.1_lr3e-4": {
    "validation_loss": 4.719848143085039,
    "perplexity": 112.1512222290039,
    "tokens_evaluated": 13279917,
    "num_batches": 1526
  }
}