{
  "30M_seed42_dolma_selfdistill_K16_wd0.4_lr1e-3": {
    "validation_loss": 3.9899370515849983,
    "perplexity": 54.05148696899414,
    "tokens_evaluated": 3478624,
    "num_batches": 794
  }
}