{
  "30M_seed42_dolma_selfdistill_K2_wd0.2_lr1e-3": {
    "validation_loss": 5.26784001310688,
    "perplexity": 193.9964599609375,
    "tokens_evaluated": 3478624,
    "num_batches": 794
  }
}