{
  "30M_seed42_dolma_selfdistill_K8_wd0.4_lr1e-3": {
    "validation_loss": 4.21515740207528,
    "perplexity": 67.70482635498047,
    "tokens_evaluated": 3478624,
    "num_batches": 794
  }
}