{
  "30M_seed42_dolma_selfdistill_K16_wd0.2_lr3e-3": {
    "validation_loss": 3.8616201187803756,
    "perplexity": 47.54231643676758,
    "tokens_evaluated": 3478624,
    "num_batches": 794
  }
}