{
  "30M_seed42_dolma_selfdistill_K1_wd0.1_lr3e-3": {
    "validation_loss": 5.724092252003998,
    "perplexity": 306.1553039550781,
    "tokens_evaluated": 3478624,
    "num_batches": 794
  }
}