{
  "30M_seed42_dolma_selfdistill_K4_wd0.4_lr1e-3": {
    "validation_loss": 4.571521007056351,
    "perplexity": 96.69104766845703,
    "tokens_evaluated": 3478624,
    "num_batches": 794
  }
}