{
  "30M_seed42_dolma_selfdistill_K8_wd0.2_lr1e-3": {
    "validation_loss": 4.182390159550717,
    "perplexity": 65.52227783203125,
    "tokens_evaluated": 3478624,
    "num_batches": 794
  }
}