{
  "30M_seed42_dolma_selfdistill_K2_wd0.1_lr1e-3": {
    "validation_loss": 5.248117253211597,
    "perplexity": 190.20785522460938,
    "tokens_evaluated": 3478624,
    "num_batches": 794
  }
}