{
  "30M_seed42_dolma_selfdistill_K4_wd0.2_lr3e-3": {
    "validation_loss": 4.313125395099987,
    "perplexity": 74.67352294921875,
    "tokens_evaluated": 3478624,
    "num_batches": 794
  }
}