{
  "30M_seed42_dolma_selfdistill_K1_wd0.2_lr1e-3": {
    "validation_loss": 5.891934186892666,
    "perplexity": 362.1050720214844,
    "tokens_evaluated": 3478624,
    "num_batches": 794
  }
}