{
  "30M_seed42_dolma_selfdistill_K1_wd0.2_lr3e-3": {
    "validation_loss": 5.741729084818384,
    "perplexity": 311.602783203125,
    "tokens_evaluated": 3478624,
    "num_batches": 794
  }
}