{
  "30M_seed42_dolma_selfdistill_K4_wd0.2_lr1e-3": {
    "validation_loss": 4.574580803009772,
    "perplexity": 96.98735809326172,
    "tokens_evaluated": 3478624,
    "num_batches": 794
  }
}