{
  "30M_seed42_dolma_selfdistill_K2_wd0.4_lr1e-3": {
    "validation_loss": 5.2921155943795055,
    "perplexity": 198.7635040283203,
    "tokens_evaluated": 3478624,
    "num_batches": 794
  }
}