{
  "30M_seed42_dolma_selfdistill_K8_wd0.1_lr1e-3": {
    "validation_loss": 4.168792748752362,
    "perplexity": 64.63736724853516,
    "tokens_evaluated": 3478624,
    "num_batches": 794
  }
}