{
  "30M_seed42_dolma_selfdistill_K16_wd0.4_lr3e-3": {
    "validation_loss": 3.889290805534409,
    "perplexity": 48.87621307373047,
    "tokens_evaluated": 3478624,
    "num_batches": 794
  }
}