{
  "30M_seed42_dolma_selfdistill_K1_wd0.1_lr1e-3": {
    "validation_loss": 5.883469983937412,
    "perplexity": 359.0530090332031,
    "tokens_evaluated": 3478624,
    "num_batches": 794
  }
}