{
  "30M_seed42_dolma_selfdistill_K1_wd0.4_lr3e-3": {
    "validation_loss": 5.721904939746605,
    "perplexity": 305.4862365722656,
    "tokens_evaluated": 3478624,
    "num_batches": 794
  }
}