{
  "30M_seed42_dolma_selfdistill_K1_wd0.4_lr1e-3": {
    "validation_loss": 5.919839744066413,
    "perplexity": 372.3520812988281,
    "tokens_evaluated": 3478624,
    "num_batches": 794
  }
}