{
  "30M_seed42_dolma_selfdistill_K4_wd0.1_lr1e-3": {
    "validation_loss": 4.571565755662184,
    "perplexity": 96.69538116455078,
    "tokens_evaluated": 3478624,
    "num_batches": 794
  }
}