{
  "60M_seed42_case4_dolma_epoch8_wd0.1_lr1e-3": {
    "validation_loss": 3.677906826884329,
    "perplexity": 39.56349182128906,
    "tokens_evaluated": 3478624,
    "num_batches": 794
  }
}