{
  "60M_seed42_case4_dolma_epoch4_wd0.1_lr1e-3": {
    "validation_loss": 4.072831075799701,
    "perplexity": 58.72298049926758,
    "tokens_evaluated": 3478624,
    "num_batches": 794
  }
}