{
  "60M_seed42_case4_dolma_epoch1_wd0.1_lr1e-3": {
    "validation_loss": 5.706376792287788,
    "perplexity": 300.7793884277344,
    "tokens_evaluated": 3478624,
    "num_batches": 794
  }
}