{
  "60M_seed42_case4_dolma_epoch2_wd0.1_lr1e-3": {
    "validation_loss": 4.916371003386168,
    "perplexity": 136.50631713867188,
    "tokens_evaluated": 3478624,
    "num_batches": 794
  }
}