{
  "60M_seed42_case4_dolma_epoch16_wd0.2_lr1e-3": {
    "validation_loss": 3.5011256694491037,
    "perplexity": 33.152748107910156,
    "tokens_evaluated": 3478624,
    "num_batches": 794
  }
}