{
  "30M_seed42_case4_dolma_epoch2_wd0.1_lr3e-3": {
    "validation_loss": 3.6549170865163974,
    "perplexity": 38.664310455322266,
    "tokens_evaluated": 3478624,
    "num_batches": 794
  }
}