{
  "30M_seed42_case4_dolma_epoch4_wd0.1_lr3e-3": {
    "validation_loss": 3.59255709598083,
    "perplexity": 36.32685089111328,
    "tokens_evaluated": 3478624,
    "num_batches": 794
  }
}