{
  "30M_seed42_case4_dolma_epoch1_wd0.1_lr3e-3": {
    "validation_loss": 3.7454061608803735,
    "perplexity": 42.326194763183594,
    "tokens_evaluated": 3478624,
    "num_batches": 794
  }
}