{
  "30M_seed42_case4_dolma_epoch16_wd0.1_lr3e-3": {
    "validation_loss": 3.545732401298718,
    "perplexity": 34.665069580078125,
    "tokens_evaluated": 3478624,
    "num_batches": 794
  }
}