{
  "190M_seed42_dolma_para_K16_wd0.1_lr3e-3": {
    "validation_loss": 2.9575228738255346,
    "perplexity": 19.250226974487305,
    "tokens_evaluated": 3478624,
    "num_batches": 794
  }
}