{
  "190M_seed42_dolma_para_K2_wd0.1_lr3e-3": {
    "validation_loss": 3.164904238935199,
    "perplexity": 23.686477661132812,
    "tokens_evaluated": 3478624,
    "num_batches": 794
  }
}