{
  "190M_seed42_dolma_para_K1_wd0.1_lr1e-3": {
    "validation_loss": 3.2707113108272234,
    "perplexity": 26.33006477355957,
    "tokens_evaluated": 3478624,
    "num_batches": 794
  }
}