{
  "190M_seed42_dolma_para_K2_wd0.1_lr1e-3": {
    "validation_loss": 3.1953715479918836,
    "perplexity": 24.419246673583984,
    "tokens_evaluated": 3478624,
    "num_batches": 794
  }
}