{
  "190M_seed42_dolma_para_K2_wd0.2_lr3e-3": {
    "validation_loss": 3.1644621242353455,
    "perplexity": 23.67600440979004,
    "tokens_evaluated": 3478624,
    "num_batches": 794
  }
}