{
  "190M_seed42_dolma_para_K8_wd0.2_lr3e-3": {
    "validation_loss": 3.0305400306820762,
    "perplexity": 20.708412170410156,
    "tokens_evaluated": 3478624,
    "num_batches": 794
  }
}