{
  "190M_seed42_dolma_para_K1_wd0.2_lr1e-3": {
    "validation_loss": 3.2633114339557285,
    "perplexity": 26.135940551757812,
    "tokens_evaluated": 3478624,
    "num_batches": 794
  }
}