{
  "30M_seed42_case4_dolma_epoch4_wd0.2_lr3e-3": {
    "validation_loss": 4.205166872216121,
    "perplexity": 67.03177642822266,
    "tokens_evaluated": 13279917,
    "num_batches": 1526
  }
}