{
  "30M_seed42_case4_dolma_epoch8_wd0.4_lr1e-3": {
    "validation_loss": 4.1421074926904895,
    "perplexity": 62.93531799316406,
    "tokens_evaluated": 13279917,
    "num_batches": 1526
  }
}