{
  "30M_seed42_case4_dolma_epoch8_wd0.1_lr1e-4": {
    "validation_loss": 5.584903687415742,
    "perplexity": 266.3746337890625,
    "tokens_evaluated": 13279917,
    "num_batches": 1526
  }
}