{
  "30M_seed42_case4_dolma_epoch16_wd1.6_lr1e-4": {
    "validation_loss": 5.099926904001805,
    "perplexity": 164.00991821289062,
    "tokens_evaluated": 13279917,
    "num_batches": 1526
  }
}