{
  "30M_seed42_case4_dolma_epoch4_wd0.4_lr3e-4": {
    "validation_loss": 5.351064622603039,
    "perplexity": 210.8326416015625,
    "tokens_evaluated": 13279917,
    "num_batches": 1526
  }
}