{
  "30M_seed42_case4_dolma_epoch16_wd0.4_lr3e-3": {
    "validation_loss": 3.830504874890455,
    "perplexity": 46.08580017089844,
    "tokens_evaluated": 13279917,
    "num_batches": 1526
  }
}