{
  "30M_seed42_case4_dolma_epoch1_wd0.1_lr1e-4": {
    "validation_loss": 7.894340758969211,
    "perplexity": 2682.0615234375,
    "tokens_evaluated": 13279917,
    "num_batches": 1526
  }
}