{
  "30M_seed42_case4_dolma_epoch8_wd0.8_lr3e-3": {
    "validation_loss": 4.026090842484652,
    "perplexity": 56.04139709472656,
    "tokens_evaluated": 13279917,
    "num_batches": 1526
  }
}