{
  "30M_seed42_case4_dolma_epoch64_wd0.4_lr3e-3": {
    "validation_loss": 3.7609375844643598,
    "perplexity": 42.98871612548828,
    "tokens_evaluated": 13279917,
    "num_batches": 1526
  }
}