{
  "30M_seed42_case4_dolma_epoch16_wd0.8_lr3e-4": {
    "validation_loss": 4.3584722588062865,
    "perplexity": 78.1376724243164,
    "tokens_evaluated": 13279917,
    "num_batches": 1526
  }
}