{
  "30M_seed42_case4_dolma_epoch16_wd0.8_lr1e-3": {
    "validation_loss": 3.9812617893744413,
    "perplexity": 53.58460235595703,
    "tokens_evaluated": 13279917,
    "num_batches": 1526
  }
}