{
  "30M_seed42_case4_dolma_epoch4_wd1.6_lr1e-4": {
    "validation_loss": 6.208798522155321,
    "perplexity": 497.10357666015625,
    "tokens_evaluated": 13279917,
    "num_batches": 1526
  }
}