{
  "30M_seed42_case4_dolma_epoch16_wd0.8_lr1e-4": {
    "validation_loss": 5.0027612668461146,
    "perplexity": 148.82354736328125,
    "tokens_evaluated": 13279917,
    "num_batches": 1526
  }
}