{
  "30M_seed42_case4_dolma_epoch1_wd0.1_lr3e-3": {
    "validation_loss": 5.719649398872961,
    "perplexity": 304.7980041503906,
    "tokens_evaluated": 13279917,
    "num_batches": 1526
  }
}