{
  "30M_seed42_case4_dolma_epoch64_wd0.8_lr1e-3": {
    "validation_loss": 3.849279943480045,
    "perplexity": 46.95923614501953,
    "tokens_evaluated": 13279917,
    "num_batches": 1526
  }
}