{
  "30M_seed42_case4_dolma_epoch32_wd0.4_lr1e-3": {
    "validation_loss": 3.8250448543107187,
    "perplexity": 45.83485794067383,
    "tokens_evaluated": 13279917,
    "num_batches": 1526
  }
}