{
  "30M_seed42_case4_dolma_epoch1_wd1.6_lr1e-3": {
    "validation_loss": 5.982877887459805,
    "perplexity": 396.5799865722656,
    "tokens_evaluated": 13279917,
    "num_batches": 1526
  }
}