{
  "30M_seed42_case4_dolma_epoch16_wd0.4_lr1e-4": {
    "validation_loss": 4.962386941211445,
    "perplexity": 142.93458557128906,
    "tokens_evaluated": 13279917,
    "num_batches": 1526
  }
}