{
  "30M_seed42_case4_dolma_epoch16_wd0.2_lr3e-4": {
    "validation_loss": 4.291867088400053,
    "perplexity": 73.10284423828125,
    "tokens_evaluated": 13279917,
    "num_batches": 1526
  }
}