{
  "30M_seed42_case4_dolma_epoch1_wd1.6_lr3e-3": {
    "validation_loss": 5.888529609618301,
    "perplexity": 360.87432861328125,
    "tokens_evaluated": 13279917,
    "num_batches": 1526
  }
}