{
  "30M_seed42_case4_dolma_epoch4_wd0.8_lr1e-3": {
    "validation_loss": 4.5428414646512145,
    "perplexity": 93.9573974609375,
    "tokens_evaluated": 13279917,
    "num_batches": 1526
  }
}