{
  "30M_seed42_case4_dolma_epoch32_wd0.2_lr3e-3": {
    "validation_loss": 3.744820547212381,
    "perplexity": 42.30141830444336,
    "tokens_evaluated": 13279917,
    "num_batches": 1526
  }
}