{
  "30M_seed42_case4_dolma_epoch32_wd0.1_lr3e-3": {
    "validation_loss": 3.7418073547135826,
    "perplexity": 42.17414855957031,
    "tokens_evaluated": 13279917,
    "num_batches": 1526
  }
}