{
  "30M_seed42_case4_dolma_epoch8_wd1.6_lr1e-4": {
    "validation_loss": 5.688993185896089,
    "perplexity": 295.5957946777344,
    "tokens_evaluated": 13279917,
    "num_batches": 1526
  }
}