{
  "30M_seed42_case4_dolma_epoch64_wd0.1_lr3e-4": {
    "validation_loss": 3.9489215423024904,
    "perplexity": 51.8793830871582,
    "tokens_evaluated": 13279917,
    "num_batches": 1526
  }
}