{
  "30M_seed42_case4_dolma_epoch4_wd1.6_lr1e-3": {
    "validation_loss": 4.747219740732966,
    "perplexity": 115.26335906982422,
    "tokens_evaluated": 13279917,
    "num_batches": 1526
  }
}