{
  "30M_seed42_case4_dolma_epoch64_wd0.2_lr1e-4": {
    "validation_loss": 4.219953793100585,
    "perplexity": 68.03035736083984,
    "tokens_evaluated": 13279917,
    "num_batches": 1526
  }
}