{
  "30M_seed42_case4_dolma_epoch16_wd1.6_lr3e-3": {
    "validation_loss": 4.152864343941659,
    "perplexity": 63.615962982177734,
    "tokens_evaluated": 13279917,
    "num_batches": 1526
  }
}