{
  "30M_seed42_case4_dolma_epoch1_wd0.4_lr1e-3": {
    "validation_loss": 5.8870654973020065,
    "perplexity": 360.34625244140625,
    "tokens_evaluated": 13279917,
    "num_batches": 1526
  }
}