{
  "30M_seed42_case4_dolma_epoch16_wd0.2_lr1e-3": {
    "validation_loss": 3.9415428257665317,
    "perplexity": 51.49799346923828,
    "tokens_evaluated": 13279917,
    "num_batches": 1526
  }
}