{
  "30M_seed42_case4_dolma_epoch64_wd0.2_lr1e-3": {
    "validation_loss": 3.7681002353070876,
    "perplexity": 43.297733306884766,
    "tokens_evaluated": 13279917,
    "num_batches": 1526
  }
}