{
  "30M_seed42_case4_dolma_epoch64_wd1.6_lr1e-3": {
    "validation_loss": 4.065127857500328,
    "perplexity": 58.27235794067383,
    "tokens_evaluated": 13279917,
    "num_batches": 1526
  }
}