{
  "30M_seed42_case4_dolma_epoch1_wd0.8_lr3e-3": {
    "validation_loss": 5.745272815840547,
    "perplexity": 312.7088623046875,
    "tokens_evaluated": 13279917,
    "num_batches": 1526
  }
}