{
  "30M_seed42_case4_dolma_epoch8_wd1.6_lr1e-3": {
    "validation_loss": 4.423767598189808,
    "perplexity": 83.40995025634766,
    "tokens_evaluated": 13279917,
    "num_batches": 1526
  }
}