{
  "30M_seed42_case4_dolma_epoch4_wd0.2_lr1e-4": {
    "validation_loss": 6.139942560402604,
    "perplexity": 464.0269470214844,
    "tokens_evaluated": 13279917,
    "num_batches": 1526
  }
}