{
  "30M_seed42_case4_dolma_epoch64_wd1.6_lr3e-3": {
    "validation_loss": 4.08838527052847,
    "perplexity": 59.643497467041016,
    "tokens_evaluated": 13279917,
    "num_batches": 1526
  }
}