{
  "30M_seed42_case4_dolma_epoch16_wd0.4_lr3e-4": {
    "validation_loss": 4.302894955675834,
    "perplexity": 73.91346740722656,
    "tokens_evaluated": 13279917,
    "num_batches": 1526
  }
}