{
  "30M_seed42_case4_dolma_epoch8_wd0.2_lr3e-4": {
    "validation_loss": 4.679919165604536,
    "perplexity": 107.76136779785156,
    "tokens_evaluated": 13279917,
    "num_batches": 1526
  }
}