{
  "30M_seed42_case4_dolma_epoch32_wd1.6_lr1e-3": {
    "validation_loss": 4.124587154813943,
    "perplexity": 61.84226608276367,
    "tokens_evaluated": 13279917,
    "num_batches": 1526
  }
}