{
  "30M_seed42_case4_dolma_epoch1_wd0.2_lr3e-3": {
    "validation_loss": 5.6979507733986825,
    "perplexity": 298.255615234375,
    "tokens_evaluated": 13279917,
    "num_batches": 1526
  }
}