{
  "30M_seed42_case4_dolma_epoch64_wd1.6_lr3e-4": {
    "validation_loss": 4.210927855870282,
    "perplexity": 67.41907501220703,
    "tokens_evaluated": 13279917,
    "num_batches": 1526
  }
}