{
  "30M_seed42_case4_dolma_epoch4_wd0.2_lr1e-3": {
    "validation_loss": 4.463053777992833,
    "perplexity": 86.75202178955078,
    "tokens_evaluated": 13279917,
    "num_batches": 1526
  }
}