{
  "30M_seed42_case4_dolma_epoch4_wd0.1_lr3e-4": {
    "validation_loss": 5.328004259058058,
    "perplexity": 206.0264129638672,
    "tokens_evaluated": 13279917,
    "num_batches": 1526
  }
}