{
  "30M_seed42_case4_dolma_epoch32_wd0.2_lr1e-4": {
    "validation_loss": 4.493452827364833,
    "perplexity": 89.42971801757812,
    "tokens_evaluated": 13279917,
    "num_batches": 1526
  }
}