{
  "30M_seed42_case4_dolma_epoch32_wd1.6_lr1e-4": {
    "validation_loss": 4.664827963886182,
    "perplexity": 106.14730834960938,
    "tokens_evaluated": 13279917,
    "num_batches": 1526
  }
}