{
  "30M_seed42_case4_dolma_epoch32_wd0.8_lr3e-4": {
    "validation_loss": 4.110913370504664,
    "perplexity": 61.002403259277344,
    "tokens_evaluated": 13279917,
    "num_batches": 1526
  }
}