{
  "30M_seed42_case4_dolma_epoch4_wd1.6_lr3e-3": {
    "validation_loss": 4.5254775979939295,
    "perplexity": 92.33999633789062,
    "tokens_evaluated": 13279917,
    "num_batches": 1526
  }
}