{
  "30M_seed42_case4_dolma_epoch8_wd0.1_lr1e-3": {
    "validation_loss": 4.114512285173027,
    "perplexity": 61.22235870361328,
    "tokens_evaluated": 13279917,
    "num_batches": 1526
  }
}