{
  "30M_seed42_case4_dolma_epoch4_wd0.2_lr3e-4": {
    "validation_loss": 5.32686840785013,
    "perplexity": 205.7925262451172,
    "tokens_evaluated": 13279917,
    "num_batches": 1526
  }
}