{
  "30M_seed42_case4_dolma_epoch1_wd0.8_lr1e-3": {
    "validation_loss": 5.921330952233761,
    "perplexity": 372.9076843261719,
    "tokens_evaluated": 13279917,
    "num_batches": 1526
  }
}