{
  "30M_seed42_case4_dolma_epoch16_wd0.4_lr1e-3": {
    "validation_loss": 3.9570140789015875,
    "perplexity": 52.300926208496094,
    "tokens_evaluated": 13279917,
    "num_batches": 1526
  }
}