{
  "30M_seed42_case4_dolma_epoch64_wd0.8_lr1e-4": {
    "validation_loss": 4.25518700185412,
    "perplexity": 70.4699935913086,
    "tokens_evaluated": 13279917,
    "num_batches": 1526
  }
}