{
  "30M_seed42_case4_dolma_epoch1_wd0.1_lr1e-3": {
    "validation_loss": 5.8491930189468615,
    "perplexity": 346.9543151855469,
    "tokens_evaluated": 13279917,
    "num_batches": 1526
  }
}