{
  "30M_seed42_case4_dolma_epoch1_wd1.6_lr1e-4": {
    "validation_loss": 7.957897336044156,
    "perplexity": 2858.056640625,
    "tokens_evaluated": 13279917,
    "num_batches": 1526
  }
}