{
  "30M_seed42_case4_dolma_epoch64_wd0.1_lr1e-3": {
    "validation_loss": 3.788617008816772,
    "perplexity": 44.19523239135742,
    "tokens_evaluated": 13279917,
    "num_batches": 1526
  }
}