{
  "30M_seed42_case4_dolma_epoch1_wd1.6_lr3e-4": {
    "validation_loss": 6.671323556638546,
    "perplexity": 789.43994140625,
    "tokens_evaluated": 13279917,
    "num_batches": 1526
  }
}