{
  "30M_seed42_case4_dolma_epoch64_wd0.1_lr3e-3": {
    "validation_loss": 3.7049124041759116,
    "perplexity": 40.646488189697266,
    "tokens_evaluated": 13279917,
    "num_batches": 1526
  }
}