{
  "30M_seed42_case4_dolma_epoch64_wd0.2_lr3e-4": {
    "validation_loss": 3.945204554533478,
    "perplexity": 51.68690872192383,
    "tokens_evaluated": 13279917,
    "num_batches": 1526
  }
}