{
  "30M_seed42_case4_dolma_epoch16_wd0.1_lr3e-3": {
    "validation_loss": 3.801673051492787,
    "perplexity": 44.77602767944336,
    "tokens_evaluated": 13279917,
    "num_batches": 1526
  }
}