{
  "30M_seed42_case4_dolma_epoch8_wd1.6_lr3e-3": {
    "validation_loss": 4.268878819223324,
    "perplexity": 71.44149780273438,
    "tokens_evaluated": 13279917,
    "num_batches": 1526
  }
}