{
  "30M_seed42_case4_dolma_epoch8_wd0.1_lr3e-3": {
    "validation_loss": 3.956650356587025,
    "perplexity": 52.28190231323242,
    "tokens_evaluated": 13279917,
    "num_batches": 1526
  }
}