{
  "30M_seed42_case4_dolma_epoch64_wd0.1_lr1e-4": {
    "validation_loss": 4.220521045989972,
    "perplexity": 68.06893920898438,
    "tokens_evaluated": 13279917,
    "num_batches": 1526
  }
}