{
  "30M_seed42_case4_dolma_epoch32_wd0.4_lr3e-4": {
    "validation_loss": 4.0755455905240225,
    "perplexity": 58.88261032104492,
    "tokens_evaluated": 13279917,
    "num_batches": 1526
  }
}