{
  "30M_seed42_case4_dolma_epoch8_wd0.2_lr3e-3": {
    "validation_loss": 3.954115135112243,
    "perplexity": 52.14952850341797,
    "tokens_evaluated": 13279917,
    "num_batches": 1526
  }
}