{
  "30M_seed42_case4_dolma_epoch64_wd1.6_lr1e-4": {
    "validation_loss": 4.474775547045846,
    "perplexity": 87.7748794555664,
    "tokens_evaluated": 13279917,
    "num_batches": 1526
  }
}