{
  "30M_seed42_case4_dolma_epoch8_wd0.2_lr1e-3": {
    "validation_loss": 4.12480006941885,
    "perplexity": 61.85544967651367,
    "tokens_evaluated": 13279917,
    "num_batches": 1526
  }
}