{
  "30M_seed42_case4_dolma_epoch8_wd0.8_lr3e-4": {
    "validation_loss": 4.715054594470663,
    "perplexity": 111.61489868164062,
    "tokens_evaluated": 13279917,
    "num_batches": 1526
  }
}