{
  "30M_seed42_case4_dolma_epoch4_wd0.1_lr3e-3": {
    "validation_loss": 4.228819377030816,
    "perplexity": 68.63615417480469,
    "tokens_evaluated": 13279917,
    "num_batches": 1526
  }
}