{
  "30M_seed42_case4_dolma_epoch32_wd0.8_lr1e-4": {
    "validation_loss": 4.540976785881243,
    "perplexity": 93.78237915039062,
    "tokens_evaluated": 13279917,
    "num_batches": 1526
  }
}