{
  "30M_seed42_case4_dolma_epoch8_wd0.8_lr1e-3": {
    "validation_loss": 4.2153624771366465,
    "perplexity": 67.71871185302734,
    "tokens_evaluated": 13279917,
    "num_batches": 1526
  }
}