{
  "30M_seed42_case4_dolma_epoch64_wd0.4_lr1e-4": {
    "validation_loss": 4.2269330446904805,
    "perplexity": 68.50679779052734,
    "tokens_evaluated": 13279917,
    "num_batches": 1526
  }
}