{
  "30M_seed42_case4_dolma_epoch1_wd0.2_lr3e-4": {
    "validation_loss": 6.598034068214621,
    "perplexity": 733.6513671875,
    "tokens_evaluated": 13279917,
    "num_batches": 1526
  }
}