{
  "30M_seed42_case4_dolma_epoch8_wd1.6_lr3e-4": {
    "validation_loss": 4.852000196650914,
    "perplexity": 127.99615478515625,
    "tokens_evaluated": 13279917,
    "num_batches": 1526
  }
}