{
  "60M_seed42_dolma_para_K8_wd0.1_lr1e-3": {
    "validation_loss": 3.511495588578204,
    "perplexity": 33.498329162597656,
    "tokens_evaluated": 3478624,
    "num_batches": 794
  }
}