{
  "60M_seed42_dolma_para_K1_wd0.1_lr3e-3": {
    "validation_loss": 3.8066908720308215,
    "perplexity": 45.00128173828125,
    "tokens_evaluated": 3478624,
    "num_batches": 794
  }
}