{
  "60M_seed42_dolma_para_K2_wd0.1_lr1e-3": {
    "validation_loss": 3.735414196848425,
    "perplexity": 41.90538024902344,
    "tokens_evaluated": 3478624,
    "num_batches": 794
  }
}