{
  "60M_seed42_dolma_para_K4_wd0.1_lr1e-3": {
    "validation_loss": 3.620909679022308,
    "perplexity": 37.37154769897461,
    "tokens_evaluated": 3478624,
    "num_batches": 794
  }
}