{
  "60M_seed42_dolma_para_K4_wd0.2_lr3e-3": {
    "validation_loss": 3.523525166976718,
    "perplexity": 33.90373611450195,
    "tokens_evaluated": 3478624,
    "num_batches": 794
  }
}