{
  "60M_seed42_dolma_para_K8_wd0.1_lr3e-3": {
    "validation_loss": 3.4369614352239655,
    "perplexity": 31.09233856201172,
    "tokens_evaluated": 3478624,
    "num_batches": 794
  }
}