{
  "60M_seed42_dolma_para_K1_wd0.2_lr3e-3": {
    "validation_loss": 3.8204562677695755,
    "perplexity": 45.62501907348633,
    "tokens_evaluated": 3478624,
    "num_batches": 794
  }
}