{
  "60M_seed42_dolma_para_K2_wd0.2_lr3e-3": {
    "validation_loss": 3.651891970841281,
    "perplexity": 38.54752731323242,
    "tokens_evaluated": 3478624,
    "num_batches": 794
  }
}