{
  "60M_seed42_dolma_para_K2_wd0.2_lr1e-3": {
    "validation_loss": 3.743275188599851,
    "perplexity": 42.2360954284668,
    "tokens_evaluated": 3478624,
    "num_batches": 794
  }
}