{
  "60M_seed42_dolma_para_K4_wd0.2_lr1e-3": {
    "validation_loss": 3.6308658446889446,
    "perplexity": 37.7454833984375,
    "tokens_evaluated": 3478624,
    "num_batches": 794
  }
}