{
  "60M_seed42_dolma_para_K8_wd0.2_lr3e-3": {
    "validation_loss": 3.442858356639813,
    "perplexity": 31.27623176574707,
    "tokens_evaluated": 3478624,
    "num_batches": 794
  }
}