{
  "60M_seed42_dolma_para_K4_wd0.1_lr3e-3": {
    "validation_loss": 3.5197376682601145,
    "perplexity": 33.775569915771484,
    "tokens_evaluated": 3478624,
    "num_batches": 794
  }
}