{
  "60M_seed42_dolma_para_K1_wd0.1_lr1e-3": {
    "validation_loss": 3.8439648739904952,
    "perplexity": 46.710304260253906,
    "tokens_evaluated": 3478624,
    "num_batches": 794
  }
}