{
  "14M_seed42_case4_dolma_epoch8_wd0.1_lr1e-3": {
    "validation_loss": 8.471080952785004,
    "perplexity": 4774.6728515625,
    "tokens_evaluated": 3478624,
    "num_batches": 794
  }
}