{
  "14M_seed42_case4_dolma_epoch128_wd0.4_lr3e-4": {
    "validation_loss": 6.560359149096875,
    "perplexity": 706.5252685546875,
    "tokens_evaluated": 3478624,
    "num_batches": 794
  }
}