{
  "14M_seed42_case4_dolma_epoch64_wd0.1_lr3e-3": {
    "validation_loss": 6.162075049005997,
    "perplexity": 474.4114685058594,
    "tokens_evaluated": 3478624,
    "num_batches": 794
  }
}