{
  "14M_seed42_case4_dolma_epoch128_wd0.2_lr3e-4": {
    "validation_loss": 6.558669773880734,
    "perplexity": 705.3327026367188,
    "tokens_evaluated": 3478624,
    "num_batches": 794
  }
}