{
  "14M_seed42_case4_dolma_epoch32_wd0.4_lr3e-3": {
    "validation_loss": 6.450396509137283,
    "perplexity": 632.9532470703125,
    "tokens_evaluated": 3478624,
    "num_batches": 794
  }
}