{
  "14M_seed42_case4_dolma_epoch8_wd0.2_lr1e-4": {
    "validation_loss": 10.957870804415949,
    "perplexity": 57404.0703125,
    "tokens_evaluated": 3478624,
    "num_batches": 794
  }
}