{
  "14M_seed42_case4_dolma_epoch4_wd1.6_lr3e-3": {
    "validation_loss": 8.287385819643818,
    "perplexity": 3973.433837890625,
    "tokens_evaluated": 3478624,
    "num_batches": 794
  }
}