{
  "14M_seed42_case4_dolma_epoch4_wd0.8_lr1e-4": {
    "validation_loss": 11.207717647199996,
    "perplexity": 73697.0390625,
    "tokens_evaluated": 3478624,
    "num_batches": 794
  }
}