{
  "14M_seed42_case4_dolma_epoch4_wd0.4_lr1e-4": {
    "validation_loss": 11.207500007433794,
    "perplexity": 73681.015625,
    "tokens_evaluated": 3478624,
    "num_batches": 794
  }
}