{
  "14M_seed42_case4_dolma_epoch4_wd0.2_lr1e-3": {
    "validation_loss": 9.643582950656505,
    "perplexity": 15422.5078125,
    "tokens_evaluated": 3478624,
    "num_batches": 794
  }
}