{
  "14M_seed42_case4_dolma_epoch16_wd0.4_lr1e-3": {
    "validation_loss": 7.550091087055453,
    "perplexity": 1900.916259765625,
    "tokens_evaluated": 3478624,
    "num_batches": 794
  }
}