{
  "14M_seed42_case4_dolma_epoch8_wd0.1_lr3e-3": {
    "validation_loss": 7.815851597572461,
    "perplexity": 2479.597900390625,
    "tokens_evaluated": 3478624,
    "num_batches": 794
  }
}