{
  "14M_seed42_case4_dolma_epoch1_wd0.4_lr3e-3": {
    "validation_loss": 10.285687134358389,
    "perplexity": 29310.099609375,
    "tokens_evaluated": 3478624,
    "num_batches": 794
  }
}