{
  "14M_seed42_case4_dolma_epoch4_wd1.6_lr3e-4": {
    "validation_loss": 10.803711188755507,
    "perplexity": 49203.05078125,
    "tokens_evaluated": 3478624,
    "num_batches": 794
  }
}