{
  "14M_seed42_case4_dolma_epoch8_wd0.8_lr1e-3": {
    "validation_loss": 8.512540520859954,
    "perplexity": 4976.7919921875,
    "tokens_evaluated": 3478624,
    "num_batches": 794
  }
}