{
  "14M_seed42_case4_dolma_epoch128_wd1.6_lr1e-4": {
    "validation_loss": 7.483445228153386,
    "perplexity": 1778.35693359375,
    "tokens_evaluated": 3478624,
    "num_batches": 794
  }
}