{
  "14M_seed42_case4_dolma_epoch8_wd1.6_lr3e-3": {
    "validation_loss": 7.887929186881122,
    "perplexity": 2664.9189453125,
    "tokens_evaluated": 3478624,
    "num_batches": 794
  }
}