{
  "14M_seed42_case4_dolma_epoch1_wd0.1_lr3e-3": {
    "validation_loss": 10.280592600212128,
    "perplexity": 29161.158203125,
    "tokens_evaluated": 3478624,
    "num_batches": 794
  }
}