{
  "14M_seed42_case4_dolma_epoch32_wd0.4_lr1e-4": {
    "validation_loss": 9.639463383888689,
    "perplexity": 15359.1005859375,
    "tokens_evaluated": 3478624,
    "num_batches": 794
  }
}