{
  "14M_seed42_case4_dolma_epoch4_wd0.1_lr1e-4": {
    "validation_loss": 11.207292905520077,
    "perplexity": 73665.6953125,
    "tokens_evaluated": 3478624,
    "num_batches": 794
  }
}