{
  "14M_seed42_case4_dolma_epoch128_wd0.1_lr3e-4": {
    "validation_loss": 6.558987727338004,
    "perplexity": 705.5570678710938,
    "tokens_evaluated": 3478624,
    "num_batches": 794
  }
}