{
  "14M_seed42_case4_dolma_epoch16_wd0.8_lr1e-4": {
    "validation_loss": 10.476731094971926,
    "perplexity": 35480.2421875,
    "tokens_evaluated": 3478624,
    "num_batches": 794
  }
}