{
  "14M_seed42_case4_dolma_epoch32_wd0.8_lr3e-3": {
    "validation_loss": 6.475328452259877,
    "perplexity": 648.9323120117188,
    "tokens_evaluated": 3478624,
    "num_batches": 794
  }
}