{
  "14M_seed42_case4_dolma_epoch32_wd0.1_lr1e-4": {
    "validation_loss": 9.631431603381916,
    "perplexity": 15236.232421875,
    "tokens_evaluated": 3478624,
    "num_batches": 794
  }
}