{
  "14M_seed42_case4_dolma_epoch8_wd0.2_lr3e-3": {
    "validation_loss": 7.816690854552421,
    "perplexity": 2481.6796875,
    "tokens_evaluated": 3478624,
    "num_batches": 794
  }
}