{
  "14M_seed42_case4_dolma_epoch16_wd0.1_lr3e-3": {
    "validation_loss": 7.086102621610181,
    "perplexity": 1195.240234375,
    "tokens_evaluated": 3478624,
    "num_batches": 794
  }
}