{
  "14M_seed42_case4_dolma_epoch128_wd1.6_lr1e-3": {
    "validation_loss": 6.483564026529644,
    "perplexity": 654.2986450195312,
    "tokens_evaluated": 3478624,
    "num_batches": 794
  }
}