{
  "14M_seed42_case4_dolma_epoch1_wd0.1_lr1e-4": {
    "validation_loss": 11.417947882037014,
    "perplexity": 90939.3203125,
    "tokens_evaluated": 3478624,
    "num_batches": 794
  }
}