{
  "14M_seed42_case4_dolma_epoch16_wd1.6_lr1e-3": {
    "validation_loss": 7.660091457942269,
    "perplexity": 2121.951416015625,
    "tokens_evaluated": 3478624,
    "num_batches": 794
  }
}