{
  "14M_seed42_case4_dolma_epoch4_wd0.2_lr1e-4": {
    "validation_loss": 11.207363334824974,
    "perplexity": 73670.8984375,
    "tokens_evaluated": 3478624,
    "num_batches": 794
  }
}