{
  "14M_seed42_case4_dolma_epoch4_wd0.8_lr3e-4": {
    "validation_loss": 10.800229587934096,
    "perplexity": 49032.078125,
    "tokens_evaluated": 3478624,
    "num_batches": 794
  }
}