{
  "14M_seed42_case4_dolma_epoch128_wd0.1_lr3e-3": {
    "validation_loss": 7.228574844800119,
    "perplexity": 1378.2567138671875,
    "tokens_evaluated": 3478624,
    "num_batches": 794
  }
}