{
  "14M_seed42_case4_dolma_epoch1_wd0.2_lr1e-4": {
    "validation_loss": 11.417935972104873,
    "perplexity": 90938.28125,
    "tokens_evaluated": 3478624,
    "num_batches": 794
  }
}