{
  "14M_seed42_case4_dolma_epoch32_wd0.1_lr1e-3": {
    "validation_loss": 6.672198678152581,
    "perplexity": 790.1310424804688,
    "tokens_evaluated": 3478624,
    "num_batches": 794
  }
}