{
  "14M_seed42_case4_dolma_epoch2_wd1.6_lr3e-3": {
    "validation_loss": 9.271097237566806,
    "perplexity": 10626.404296875,
    "tokens_evaluated": 3478624,
    "num_batches": 794
  }
}