{
  "14M_seed42_case4_dolma_epoch8_wd0.1_lr1e-4": {
    "validation_loss": 10.957641774353299,
    "perplexity": 57390.93359375,
    "tokens_evaluated": 3478624,
    "num_batches": 794
  }
}