{
  "14M_seed42_case4_dolma_epoch4_wd1.6_lr1e-3": {
    "validation_loss": 9.685952232247354,
    "perplexity": 16089.9833984375,
    "tokens_evaluated": 3478624,
    "num_batches": 794
  }
}