{
  "14M_seed42_case4_dolma_epoch8_wd0.8_lr3e-3": {
    "validation_loss": 7.844485607766758,
    "perplexity": 2551.625244140625,
    "tokens_evaluated": 3478624,
    "num_batches": 794
  }
}