{
  "14M_seed42_case4_dolma_epoch4_wd0.4_lr3e-3": {
    "validation_loss": 8.22822909069299,
    "perplexity": 3745.197021484375,
    "tokens_evaluated": 3478624,
    "num_batches": 794
  }
}