{
  "14M_seed42_case4_dolma_epoch128_wd0.8_lr1e-4": {
    "validation_loss": 7.398476555352553,
    "perplexity": 1633.4940185546875,
    "tokens_evaluated": 3478624,
    "num_batches": 794
  }
}