{
  "14M_seed42_case4_dolma_epoch8_wd0.8_lr3e-4": {
    "validation_loss": 10.127621549149625,
    "perplexity": 25024.775390625,
    "tokens_evaluated": 3478624,
    "num_batches": 794
  }
}