{
  "14M_seed42_case4_dolma_epoch128_wd0.4_lr3e-3": {
    "validation_loss": 6.783937361388934,
    "perplexity": 883.540771484375,
    "tokens_evaluated": 3478624,
    "num_batches": 794
  }
}