{
  "14M_seed42_case4_dolma_epoch64_wd0.8_lr3e-4": {
    "validation_loss": 6.978702273171401,
    "perplexity": 1073.5240478515625,
    "tokens_evaluated": 3478624,
    "num_batches": 794
  }
}