{
  "14M_seed42_case4_dolma_epoch16_wd1.6_lr3e-4": {
    "validation_loss": 9.15095258152339,
    "perplexity": 9423.41015625,
    "tokens_evaluated": 3478624,
    "num_batches": 794
  }
}