{
  "14M_seed42_case4_dolma_epoch32_wd0.2_lr3e-3": {
    "validation_loss": 6.409121208833445,
    "perplexity": 607.359619140625,
    "tokens_evaluated": 3478624,
    "num_batches": 794
  }
}