{
  "14M_seed42_case4_dolma_epoch128_wd0.1_lr1e-4": {
    "validation_loss": 7.334167437235958,
    "perplexity": 1531.7520751953125,
    "tokens_evaluated": 3478624,
    "num_batches": 794
  }
}