{
  "14M_seed42_case4_dolma_epoch64_wd0.2_lr3e-3": {
    "validation_loss": 6.130235910566982,
    "perplexity": 459.544677734375,
    "tokens_evaluated": 3478624,
    "num_batches": 794
  }
}