{
  "14M_seed42_case4_dolma_epoch16_wd0.1_lr3e-4": {
    "validation_loss": 9.085500071039897,
    "perplexity": 8826.3759765625,
    "tokens_evaluated": 3478624,
    "num_batches": 794
  }
}