{
  "14M_seed42_case4_dolma_epoch128_wd0.8_lr3e-4": {
    "validation_loss": 6.566473037503703,
    "perplexity": 710.8582153320312,
    "tokens_evaluated": 3478624,
    "num_batches": 794
  }
}