{
  "14M_seed42_case4_dolma_epoch32_wd1.6_lr3e-3": {
    "validation_loss": 6.588639500040102,
    "perplexity": 726.7915649414062,
    "tokens_evaluated": 3478624,
    "num_batches": 794
  }
}