{
  "14M_seed42_case4_dolma_epoch16_wd0.8_lr3e-4": {
    "validation_loss": 9.116333621633915,
    "perplexity": 9102.76953125,
    "tokens_evaluated": 3478624,
    "num_batches": 794
  }
}