{
  "14M_seed42_case4_dolma_epoch128_wd0.8_lr1e-3": {
    "validation_loss": 6.608480089925194,
    "perplexity": 741.3552856445312,
    "tokens_evaluated": 3478624,
    "num_batches": 794
  }
}