{
  "14M_seed42_case4_dolma_epoch2_wd0.4_lr3e-3": {
    "validation_loss": 9.214799054312225,
    "perplexity": 10044.685546875,
    "tokens_evaluated": 3478624,
    "num_batches": 794
  }
}