{
  "14M_seed42_case4_dolma_epoch64_wd0.4_lr3e-3": {
    "validation_loss": 6.1188215841257385,
    "perplexity": 454.3290100097656,
    "tokens_evaluated": 3478624,
    "num_batches": 794
  }
}