{
  "14M_seed42_case4_dolma_epoch8_wd1.6_lr1e-4": {
    "validation_loss": 10.961251042449273,
    "perplexity": 57598.46875,
    "tokens_evaluated": 3478624,
    "num_batches": 794
  }
}