{
  "14M_seed42_case4_dolma_epoch4_wd0.2_lr3e-3": {
    "validation_loss": 8.220175937466356,
    "perplexity": 3715.1552734375,
    "tokens_evaluated": 3478624,
    "num_batches": 794
  }
}