{
  "14M_seed42_case4_dolma_epoch4_wd0.2_lr3e-4": {
    "validation_loss": 10.797592722585632,
    "perplexity": 48902.95703125,
    "tokens_evaluated": 3478624,
    "num_batches": 794
  }
}