{
  "14M_seed42_case4_dolma_epoch1_wd0.1_lr3e-4": {
    "validation_loss": 11.30249292238783,
    "perplexity": 81023.3828125,
    "tokens_evaluated": 3478624,
    "num_batches": 794
  }
}