{
  "14M_seed42_case4_dolma_epoch1_wd0.1_lr1e-3": {
    "validation_loss": 11.039911985465329,
    "perplexity": 62312.18359375,
    "tokens_evaluated": 3478624,
    "num_batches": 794
  }
}