{
  "14M_seed42_case4_dolma_epoch4_wd0.1_lr3e-3": {
    "validation_loss": 8.216166262558351,
    "perplexity": 3700.2900390625,
    "tokens_evaluated": 3478624,
    "num_batches": 794
  }
}