{
  "14M_seed42_case4_dolma_epoch128_wd0.2_lr1e-3": {
    "validation_loss": 6.750803257540059,
    "perplexity": 854.7452392578125,
    "tokens_evaluated": 3478624,
    "num_batches": 794
  }
}