{
  "14M_seed42_case4_dolma_epoch8_wd0.4_lr1e-3": {
    "validation_loss": 8.488927837238723,
    "perplexity": 4860.65185546875,
    "tokens_evaluated": 3478624,
    "num_batches": 794
  }
}