{
  "14M_seed42_case4_dolma_epoch4_wd0.1_lr3e-4": {
    "validation_loss": 10.797113162989788,
    "perplexity": 48879.50390625,
    "tokens_evaluated": 3478624,
    "num_batches": 794
  }
}