{
  "14M_seed42_case4_dolma_epoch64_wd1.6_lr1e-4": {
    "validation_loss": 8.59807712080108,
    "perplexity": 5421.2236328125,
    "tokens_evaluated": 3478624,
    "num_batches": 794
  }
}