{
  "14M_seed42_case4_dolma_epoch16_wd1.6_lr1e-4": {
    "validation_loss": 10.483563909604594,
    "perplexity": 35723.51171875,
    "tokens_evaluated": 3478624,
    "num_batches": 794
  }
}