{
  "14M_seed42_case4_dolma_epoch64_wd1.6_lr1e-3": {
    "validation_loss": 6.4149482371433,
    "perplexity": 610.9093017578125,
    "tokens_evaluated": 3478624,
    "num_batches": 794
  }
}