{
  "14M_seed42_case4_dolma_epoch8_wd0.4_lr3e-4": {
    "validation_loss": 10.121229278904982,
    "perplexity": 24865.31640625,
    "tokens_evaluated": 3478624,
    "num_batches": 794
  }
}