{
  "14M_seed42_case4_dolma_epoch128_wd0.2_lr3e-3": {
    "validation_loss": 7.032779076448403,
    "perplexity": 1133.175537109375,
    "tokens_evaluated": 3478624,
    "num_batches": 794
  }
}