{
  "14M_seed42_case4_dolma_epoch4_wd0.4_lr3e-4": {
    "validation_loss": 10.798499824588284,
    "perplexity": 48947.328125,
    "tokens_evaluated": 3478624,
    "num_batches": 794
  }
}