{
  "14M_seed42_case4_dolma_epoch8_wd1.6_lr3e-4": {
    "validation_loss": 10.140171722712774,
    "perplexity": 25340.82421875,
    "tokens_evaluated": 3478624,
    "num_batches": 794
  }
}