{
  "14M_seed42_case4_dolma_epoch128_wd1.6_lr3e-3": {
    "validation_loss": 6.376552194622024,
    "perplexity": 587.897216796875,
    "tokens_evaluated": 3478624,
    "num_batches": 794
  }
}