{
  "14M_seed42_case4_dolma_epoch4_wd0.4_lr1e-3": {
    "validation_loss": 9.649847677148843,
    "perplexity": 15519.4287109375,
    "tokens_evaluated": 3478624,
    "num_batches": 794
  }
}