{
  "14M_seed42_case4_dolma_epoch4_wd0.8_lr1e-3": {
    "validation_loss": 9.66188003683353,
    "perplexity": 15707.2939453125,
    "tokens_evaluated": 3478624,
    "num_batches": 794
  }
}