{
  "14M_seed42_case4_dolma_epoch8_wd1.6_lr1e-3": {
    "validation_loss": 8.56087891925914,
    "perplexity": 5223.26904296875,
    "tokens_evaluated": 3478624,
    "num_batches": 794
  }
}