{
  "14M_seed42_case4_dolma_epoch4_wd0.1_lr1e-3": {
    "validation_loss": 9.64055772009165,
    "perplexity": 15375.91015625,
    "tokens_evaluated": 3478624,
    "num_batches": 794
  }
}