{
  "14M_seed42_case4_dolma_epoch2_wd0.1_lr3e-3": {
    "validation_loss": 9.200947306196447,
    "perplexity": 9906.513671875,
    "tokens_evaluated": 3478624,
    "num_batches": 794
  }
}