{
  "14M_seed42_case4_dolma_epoch16_wd0.1_lr1e-3": {
    "validation_loss": 7.521179108822914,
    "perplexity": 1846.74365234375,
    "tokens_evaluated": 3478624,
    "num_batches": 794
  }
}