{
  "190M_seed42_dolma_para_K1_wd0.2_lr3e-3": {
    "validation_loss": 3.5851899698085092,
    "perplexity": 36.060211181640625,
    "tokens_evaluated": 3478624,
    "num_batches": 794
  }
}