{
  "190M_seed42_dolma_para_K2_wd0.2_lr1e-3": {
    "validation_loss": 3.518395963290168,
    "perplexity": 33.73027801513672,
    "tokens_evaluated": 3478624,
    "num_batches": 794
  }
}