{
  "190M_seed42_dolma_para_K2_wd0.2_lr3e-3": {
    "validation_loss": 3.483065969861294,
    "perplexity": 32.55939865112305,
    "tokens_evaluated": 3478624,
    "num_batches": 794
  }
}