{
  "190M_seed42_dolma_para_K2_wd0.1_lr3e-3": {
    "validation_loss": 3.5412540978481855,
    "perplexity": 34.510169982910156,
    "tokens_evaluated": 3478624,
    "num_batches": 794
  }
}