{
  "190M_seed42_dolma_para_K1_wd0.2_lr1e-3": {
    "validation_loss": 3.6275646722720185,
    "perplexity": 37.62108612060547,
    "tokens_evaluated": 3478624,
    "num_batches": 794
  }
}