{
  "190M_seed42_dolma_para_K2_wd0.1_lr1e-3": {
    "validation_loss": 3.4994362350686066,
    "perplexity": 33.09678649902344,
    "tokens_evaluated": 3478624,
    "num_batches": 794
  }
}