{
  "190M_seed42_dolma_para_K1_wd0.1_lr3e-3": {
    "validation_loss": 3.5815017958328763,
    "perplexity": 35.927452087402344,
    "tokens_evaluated": 3478624,
    "num_batches": 794
  }
}