{
  "190M_seed42_dolma_para_K4_wd0.2_lr3e-3": {
    "validation_loss": 3.3724245469015957,
    "perplexity": 29.14911651611328,
    "tokens_evaluated": 3478624,
    "num_batches": 794
  }
}