{
  "14M_seed42_dolma_para_K1_wd0.2_lr3e-3": {
    "validation_loss": 4.678476605735598,
    "perplexity": 107.60604095458984,
    "tokens_evaluated": 3478624,
    "num_batches": 794
  }
}