{
  "14M_seed42_dolma_para_K1_wd0.1_lr3e-3": {
    "validation_loss": 4.638526829406676,
    "perplexity": 103.39192962646484,
    "tokens_evaluated": 3478624,
    "num_batches": 794
  }
}