{
  "14M_seed42_dolma_para_K4_wd0.1_lr3e-3": {
    "validation_loss": 4.427369189086713,
    "perplexity": 83.71089172363281,
    "tokens_evaluated": 3478624,
    "num_batches": 794
  }
}