{
  "14M_seed42_dolma_para_K8_wd0.2_lr3e-3": {
    "validation_loss": 4.32142317868931,
    "perplexity": 75.29570007324219,
    "tokens_evaluated": 3478624,
    "num_batches": 794
  }
}