{
  "14M_seed42_dolma_para_K2_wd0.1_lr3e-3": {
    "validation_loss": 4.506268403876365,
    "perplexity": 90.58317565917969,
    "tokens_evaluated": 3478624,
    "num_batches": 794
  }
}