{
  "14M_seed42_dolma_para_K2_wd0.2_lr3e-3": {
    "validation_loss": 4.513199912093362,
    "perplexity": 91.21321868896484,
    "tokens_evaluated": 3478624,
    "num_batches": 794
  }
}