{
  "14M_seed42_dolma_para_K8_wd0.1_lr3e-3": {
    "validation_loss": 4.2946187579698805,
    "perplexity": 73.30425262451172,
    "tokens_evaluated": 3478624,
    "num_batches": 794
  }
}