{
  "190M_seed42_dolma_para_K2_wd0.2_lr3e-3": {
    "validation_loss": 2.980842456001573,
    "perplexity": 19.704408645629883,
    "tokens_evaluated": 3478624,
    "num_batches": 794
  }
}