{
  "190M_seed42_dolma_para_K1_wd0.1_lr1e-3": {
    "validation_loss": 3.0594183291666206,
    "perplexity": 21.315156936645508,
    "tokens_evaluated": 3478624,
    "num_batches": 794
  }
}