{
  "190M_seed42_dolma_para_K2_wd0.1_lr1e-3": {
    "validation_loss": 3.0381679914427235,
    "perplexity": 20.866979598999023,
    "tokens_evaluated": 3478624,
    "num_batches": 794
  }
}