{
  "190M_seed42_dolma_para_K1_wd0.2_lr3e-3": {
    "validation_loss": 3.013977805600518,
    "perplexity": 20.36825942993164,
    "tokens_evaluated": 3478624,
    "num_batches": 794
  }
}