{
  "190M_seed42_dolma_para_K4_wd0.2_lr3e-3": {
    "validation_loss": 2.9518064963004678,
    "perplexity": 19.140501022338867,
    "tokens_evaluated": 3478624,
    "num_batches": 794
  }
}