{
  "190M_seed42_dolma_para_K2_wd0.2_lr1e-3": {
    "validation_loss": 3.036103187019292,
    "perplexity": 20.823938369750977,
    "tokens_evaluated": 3478624,
    "num_batches": 794
  }
}