{
  "190M_seed42_dolma_para_K16_wd0.1_lr3e-3": {
    "validation_loss": 2.878983340312977,
    "perplexity": 17.79616928100586,
    "tokens_evaluated": 3478624,
    "num_batches": 794
  }
}