{
  "30M_seed42_dolma_para_K2_wd0.1_lr3e-3": {
    "validation_loss": 3.971519956864477,
    "perplexity": 53.06512451171875,
    "tokens_evaluated": 3478624,
    "num_batches": 794
  }
}