{
  "30M_seed42_dolma_para_K1_wd0.1_lr1e-3": {
    "validation_loss": 4.27551400212187,
    "perplexity": 71.91710662841797,
    "tokens_evaluated": 3478624,
    "num_batches": 794
  }
}