{
  "30M_seed42_dolma_para_K2_wd0.1_lr1e-3": {
    "validation_loss": 4.170582611854034,
    "perplexity": 64.753173828125,
    "tokens_evaluated": 3478624,
    "num_batches": 794
  }
}