{
  "30M_seed42_dolma_para_K8_wd0.2_lr3e-3": {
    "validation_loss": 3.861030711048796,
    "perplexity": 47.514305114746094,
    "tokens_evaluated": 3478624,
    "num_batches": 794
  }
}