{
  "30M_seed42_dolma_para_K8_wd0.2_lr1e-3": {
    "validation_loss": 3.948090278911625,
    "perplexity": 51.836280822753906,
    "tokens_evaluated": 3478624,
    "num_batches": 794
  }
}