{
  "30M_seed42_dolma_para_K1_wd0.1_lr3e-3": {
    "validation_loss": 4.051401832504277,
    "perplexity": 57.477962493896484,
    "tokens_evaluated": 3478624,
    "num_batches": 794
  }
}