{
  "30M_seed42_dolma_para_K1_wd0.2_lr1e-3": {
    "validation_loss": 4.279321010547876,
    "perplexity": 72.19142150878906,
    "tokens_evaluated": 3478624,
    "num_batches": 794
  }
}