{
  "30M_seed42_dolma_para_K4_wd0.1_lr3e-3": {
    "validation_loss": 3.8894387411275306,
    "perplexity": 48.88343811035156,
    "tokens_evaluated": 3478624,
    "num_batches": 794
  }
}