{
  "30M_seed42_dolma_para_K4_wd0.2_lr3e-3": {
    "validation_loss": 3.8847726532060745,
    "perplexity": 48.6558723449707,
    "tokens_evaluated": 3478624,
    "num_batches": 794
  }
}