{
  "30M_seed42_dolma_para_K8_wd0.1_lr1e-3": {
    "validation_loss": 3.9613503917543302,
    "perplexity": 52.52821350097656,
    "tokens_evaluated": 3478624,
    "num_batches": 794
  }
}