{
  "30M_seed42_dolma_para_K2_wd0.2_lr3e-3": {
    "validation_loss": 3.9856133868104395,
    "perplexity": 53.81828689575195,
    "tokens_evaluated": 3478624,
    "num_batches": 794
  }
}