{
  "30M_seed42_dolma_para_K4_wd0.2_lr1e-3": {
    "validation_loss": 4.069540102882522,
    "perplexity": 58.530033111572266,
    "tokens_evaluated": 3478624,
    "num_batches": 794
  }
}