{
  "30M_seed42_dolma_para_K8_wd0.1_lr3e-3": {
    "validation_loss": 3.820888142298574,
    "perplexity": 45.64472579956055,
    "tokens_evaluated": 3478624,
    "num_batches": 794
  }
}