{
  "60M_seed42_case4_dolma_epoch4_wd0.1_lr1e-3": {
    "validation_loss": 3.2158870862829065,
    "perplexity": 24.925392150878906,
    "tokens_evaluated": 3478624,
    "num_batches": 794
  }
}