{
  "60M_seed42_case4_dolma_epoch8_wd0.1_lr1e-3": {
    "validation_loss": 3.164979471220719,
    "perplexity": 23.688257217407227,
    "tokens_evaluated": 3478624,
    "num_batches": 794
  }
}