{
  "60M_seed42_case4_dolma_epoch1_wd0.1_lr1e-3": {
    "validation_loss": 3.4234565826382046,
    "perplexity": 30.67526626586914,
    "tokens_evaluated": 3478624,
    "num_batches": 794
  }
}