{
  "30M_seed42_case4_dclm_extended_wd0.1_lr3e-2": {
    "validation_loss": 4.019384043847477,
    "perplexity": 55.66679763793945,
    "tokens_evaluated": 50002423,
    "num_batches": 12445
  }
}