{
  "30M_seed42_case2_dclm_synthetic_wd1.6_lr1e-3": {
    "validation_loss": 4.69686380352012,
    "perplexity": 109.6028823852539,
    "tokens_evaluated": 50002423,
    "num_batches": 12445
  }
}