{
  "30M_seed42_case2_dclm_synthetic_wd1.6_lr1e-2": {
    "validation_loss": 4.831728317863685,
    "perplexity": 125.42756652832031,
    "tokens_evaluated": 50002423,
    "num_batches": 12445
  }
}