{
  "30M_seed42_case4_dclm_extended_wd0.4_lr3e-2": {
    "validation_loss": 4.243012155471766,
    "perplexity": 69.61721801757812,
    "tokens_evaluated": 50002423,
    "num_batches": 12445
  }
}