{
  "30M_seed42_case4_dclm_extended_wd0.4_lr1e-2": {
    "validation_loss": 4.112096935177541,
    "perplexity": 61.074642181396484,
    "tokens_evaluated": 50002423,
    "num_batches": 12445
  }
}