{
  "30M_seed42_case2_dclm_synthetic_wd0.1_lr6e-3": {
    "validation_loss": 4.193271023514911,
    "perplexity": 66.2391128540039,
    "tokens_evaluated": 50002423,
    "num_batches": 12445
  }
}