{
  "30M_seed42_case2_dclm_synthetic_wd0.4_lr6e-3": {
    "validation_loss": 4.284291820571891,
    "perplexity": 72.5511474609375,
    "tokens_evaluated": 50002423,
    "num_batches": 12445
  }
}