{
  "30M_seed42_case2_dclm_synthetic_wd0.4_lr3e-3": {
    "validation_loss": 4.268428690783535,
    "perplexity": 71.40934753417969,
    "tokens_evaluated": 50002423,
    "num_batches": 12445
  }
}