{
  "30M_seed42_case2_dclm_synthetic_wd0.1_lr1e-2": {
    "validation_loss": 4.186530552860756,
    "perplexity": 65.79412841796875,
    "tokens_evaluated": 50002423,
    "num_batches": 12445
  }
}