{
  "30M_seed42_case2_dclm_synthetic_wd1.6_lr3e-3": {
    "validation_loss": 4.664159363084336,
    "perplexity": 106.07637023925781,
    "tokens_evaluated": 50002423,
    "num_batches": 12445
  }
}