{
  "30M_seed42_case2_dclm_synthetic_wd0.8_lr6e-3": {
    "validation_loss": 4.452330839920545,
    "perplexity": 85.8267822265625,
    "tokens_evaluated": 50002423,
    "num_batches": 12445
  }
}