{
  "30M_seed42_case4_dclm_extended_wd1.6_lr1e-2": {
    "validation_loss": 4.525024600286386,
    "perplexity": 92.29817962646484,
    "tokens_evaluated": 50002423,
    "num_batches": 12445
  }
}