{
  "30M_seed42_case2_dclm_synthetic_wd0.1_lr3e-3": {
    "validation_loss": 4.247636206609974,
    "perplexity": 69.93990325927734,
    "tokens_evaluated": 50002423,
    "num_batches": 12445
  }
}