{
  "14M_seed42_case4_dolma_epoch4_wd0.4_lr3e-3": {
    "validation_loss": 5.396417616131003,
    "perplexity": 220.6146697998047,
    "tokens_evaluated": 3478624,
    "num_batches": 794
  }
}