{
  "14M_seed42_case4_dolma_epoch8_wd0.1_lr3e-3": {
    "validation_loss": 4.789287811902242,
    "perplexity": 120.21575164794922,
    "tokens_evaluated": 3478624,
    "num_batches": 794
  }
}