{
  "14M_seed42_case4_dolma_epoch4_wd0.1_lr1e-3": {
    "validation_loss": 5.677283852259183,
    "perplexity": 292.15478515625,
    "tokens_evaluated": 3478624,
    "num_batches": 794
  }
}