{
  "14M_seed42_case4_dolma_epoch4_wd0.1_lr1e-4": {
    "validation_loss": 8.11581689966416,
    "perplexity": 3346.9912109375,
    "tokens_evaluated": 3478624,
    "num_batches": 794
  }
}