{
  "14M_seed42_case4_dolma_epoch4_wd0.8_lr1e-3": {
    "validation_loss": 5.7788132585400955,
    "perplexity": 323.375244140625,
    "tokens_evaluated": 3478624,
    "num_batches": 794
  }
}