{
  "14M_seed42_case4_dolma_epoch4_wd0.2_lr1e-4": {
    "validation_loss": 8.123218838901217,
    "perplexity": 3371.855712890625,
    "tokens_evaluated": 3478624,
    "num_batches": 794
  }
}