{
  "14M_seed42_case4_dolma_epoch2_wd0.1_lr3e-4": {
    "validation_loss": 7.585940863455008,
    "perplexity": 1970.2994384765625,
    "tokens_evaluated": 3478624,
    "num_batches": 794
  }
}