{
  "14M_seed42_case4_dolma_epoch2_wd0.2_lr3e-3": {
    "validation_loss": 6.141274407055419,
    "perplexity": 464.6453552246094,
    "tokens_evaluated": 3478624,
    "num_batches": 794
  }
}