{
  "14M_seed42_case4_dolma_epoch2_wd1.6_lr3e-4": {
    "validation_loss": 7.7241459898019755,
    "perplexity": 2262.319580078125,
    "tokens_evaluated": 3478624,
    "num_batches": 794
  }
}