{
  "14M_seed42_case4_dolma_epoch2_wd1.6_lr3e-3": {
    "validation_loss": 6.354231788257458,
    "perplexity": 574.9205322265625,
    "tokens_evaluated": 3478624,
    "num_batches": 794
  }
}