{
  "14M_seed42_case4_dolma_epoch1_wd0.4_lr3e-3": {
    "validation_loss": 6.915903065340095,
    "perplexity": 1008.1810913085938,
    "tokens_evaluated": 3478624,
    "num_batches": 794
  }
}