{
  "14M_seed42_case4_dolma_epoch1_wd0.4_lr1e-4": {
    "validation_loss": 10.24129189651614,
    "perplexity": 28037.326171875,
    "tokens_evaluated": 3478624,
    "num_batches": 794
  }
}