{
  "14M_seed42_case4_dolma_epoch2_wd1.6_lr1e-3": {
    "validation_loss": 6.5401789521618765,
    "perplexity": 692.4103393554688,
    "tokens_evaluated": 3478624,
    "num_batches": 794
  }
}