{
  "14M_seed42_case4_dolma_epoch1_wd0.8_lr1e-4": {
    "validation_loss": 10.246335342697645,
    "perplexity": 28179.076171875,
    "tokens_evaluated": 3478624,
    "num_batches": 794
  }
}