{
  "14M_seed42_case4_dolma_epoch2_wd0.1_lr1e-4": {
    "validation_loss": 9.284311630188807,
    "perplexity": 10767.7548828125,
    "tokens_evaluated": 3478624,
    "num_batches": 794
  }
}