{
  "14M_seed42_case4_dolma_epoch32_wd0.2_lr3e-3": {
    "validation_loss": 4.307565716195137,
    "perplexity": 74.2594985961914,
    "tokens_evaluated": 3478624,
    "num_batches": 794
  }
}