{
  "14M_seed42_case4_dolma_epoch2_wd0.8_lr1e-4": {
    "validation_loss": 9.310247084648942,
    "perplexity": 11050.681640625,
    "tokens_evaluated": 3478624,
    "num_batches": 794
  }
}