{
  "14M_seed42_case4_dolma_epoch2_wd0.2_lr1e-4": {
    "validation_loss": 9.287985408487172,
    "perplexity": 10807.3935546875,
    "tokens_evaluated": 3478624,
    "num_batches": 794
  }
}