{
  "14M_seed42_case4_dolma_epoch4_wd0.4_lr1e-3": {
    "validation_loss": 5.702846291038744,
    "perplexity": 299.7193603515625,
    "tokens_evaluated": 3478624,
    "num_batches": 794
  }
}