{
  "14M_seed42_case4_dolma_epoch32_wd0.4_lr3e-3": {
    "validation_loss": 4.342631405849833,
    "perplexity": 76.9096450805664,
    "tokens_evaluated": 3478624,
    "num_batches": 794
  }
}