{
  "14M_seed42_case4_dolma_epoch2_wd0.8_lr3e-3": {
    "validation_loss": 6.15955119670028,
    "perplexity": 473.2156066894531,
    "tokens_evaluated": 3478624,
    "num_batches": 794
  }
}