{
  "14M_seed42_case4_dolma_epoch4_wd0.1_lr3e-3": {
    "validation_loss": 5.367819461711796,
    "perplexity": 214.39483642578125,
    "tokens_evaluated": 3478624,
    "num_batches": 794
  }
}