{
  "14M_seed42_case4_dolma_epoch2_wd0.8_lr1e-3": {
    "validation_loss": 6.4383184339341595,
    "perplexity": 625.354248046875,
    "tokens_evaluated": 3478624,
    "num_batches": 794
  }
}