{
  "14M_seed42_case4_dolma_epoch4_wd0.1_lr3e-4": {
    "validation_loss": 6.550384060170842,
    "perplexity": 699.5127563476562,
    "tokens_evaluated": 3478624,
    "num_batches": 794
  }
}