{
  "14M_seed42_case4_dolma_epoch8_wd1.6_lr3e-4": {
    "validation_loss": 6.0475441466846656,
    "perplexity": 423.07269287109375,
    "tokens_evaluated": 3478624,
    "num_batches": 794
  }
}