{
  "14M_seed42_case4_dolma_epoch1_wd1.6_lr1e-3": {
    "validation_loss": 7.379150287315473,
    "perplexity": 1602.2279052734375,
    "tokens_evaluated": 3478624,
    "num_batches": 794
  }
}