{
  "14M_seed42_case4_dolma_epoch8_wd1.6_lr1e-4": {
    "validation_loss": 7.115426060072307,
    "perplexity": 1230.807861328125,
    "tokens_evaluated": 3478624,
    "num_batches": 794
  }
}