{
  "14M_seed42_case4_dolma_epoch32_wd1.6_lr3e-3": {
    "validation_loss": 4.910525652092991,
    "perplexity": 135.71075439453125,
    "tokens_evaluated": 3478624,
    "num_batches": 794
  }
}