{
  "14M_seed42_case4_dolma_epoch2_wd0.4_lr1e-3": {
    "validation_loss": 6.393538038874957,
    "perplexity": 597.9684448242188,
    "tokens_evaluated": 3478624,
    "num_batches": 794
  }
}