{
  "14M_seed42_case4_dolma_epoch1_wd0.8_lr3e-4": {
    "validation_loss": 8.743734485211052,
    "perplexity": 6271.27099609375,
    "tokens_evaluated": 3478624,
    "num_batches": 794
  }
}