{
  "14M_seed42_case4_dolma_epoch1_wd0.2_lr3e-4": {
    "validation_loss": 8.710343433584255,
    "perplexity": 6065.32470703125,
    "tokens_evaluated": 3478624,
    "num_batches": 794
  }
}