{
  "14M_seed42_case4_dolma_epoch1_wd0.2_lr3e-3": {
    "validation_loss": 6.914632782344848,
    "perplexity": 1006.9012451171875,
    "tokens_evaluated": 3478624,
    "num_batches": 794
  }
}