{
  "14M_seed42_case4_dolma_epoch1_wd0.2_lr1e-4": {
    "validation_loss": 10.238497715602895,
    "perplexity": 27959.091796875,
    "tokens_evaluated": 3478624,
    "num_batches": 794
  }
}