{
  "14M_seed42_case4_dolma_epoch2_wd0.4_lr1e-4": {
    "validation_loss": 9.295308208275204,
    "perplexity": 10886.8193359375,
    "tokens_evaluated": 3478624,
    "num_batches": 794
  }
}