{
  "14M_seed42_case4_dolma_epoch8_wd1.6_lr1e-3": {
    "validation_loss": 5.457946597604824,
    "perplexity": 234.61521911621094,
    "tokens_evaluated": 3478624,
    "num_batches": 794
  }
}