{
  "14M_seed42_case4_dolma_epoch4_wd0.8_lr3e-4": {
    "validation_loss": 6.62254976050471,
    "perplexity": 751.8595581054688,
    "tokens_evaluated": 3478624,
    "num_batches": 794
  }
}