{
  "14M_seed42_case4_dolma_epoch1_wd0.1_lr3e-4": {
    "validation_loss": 8.704956175683169,
    "perplexity": 6032.73681640625,
    "tokens_evaluated": 3478624,
    "num_batches": 794
  }
}