{
  "14M_seed42_case4_dolma_epoch1_wd0.2_lr1e-3": {
    "validation_loss": 7.224792888513308,
    "perplexity": 1373.0543212890625,
    "tokens_evaluated": 3478624,
    "num_batches": 794
  }
}