{
  "14M_seed42_case4_dolma_epoch4_wd1.6_lr1e-4": {
    "validation_loss": 8.230960074108594,
    "perplexity": 3755.436767578125,
    "tokens_evaluated": 3478624,
    "num_batches": 794
  }
}