{
  "14M_seed42_case4_dolma_epoch1_wd0.1_lr3e-3": {
    "validation_loss": 6.856714448556248,
    "perplexity": 950.2396850585938,
    "tokens_evaluated": 3478624,
    "num_batches": 794
  }
}