{
  "14M_seed42_case4_dolma_epoch2_wd0.4_lr3e-3": {
    "validation_loss": 6.116249136899434,
    "perplexity": 453.1617431640625,
    "tokens_evaluated": 3478624,
    "num_batches": 794
  }
}