{
  "14M_seed42_case4_dolma_epoch2_wd0.1_lr3e-3": {
    "validation_loss": 6.053240161179077,
    "perplexity": 425.489501953125,
    "tokens_evaluated": 3478624,
    "num_batches": 794
  }
}