{
  "14M_seed42_case4_dolma_epoch2_wd0.1_lr1e-3": {
    "validation_loss": 6.3550053510460875,
    "perplexity": 575.3653564453125,
    "tokens_evaluated": 3478624,
    "num_batches": 794
  }
}