{
  "14M_seed42_case4_dolma_epoch2_wd0.2_lr3e-4": {
    "validation_loss": 7.594989031582603,
    "perplexity": 1988.2076416015625,
    "tokens_evaluated": 3478624,
    "num_batches": 794
  }
}