{
  "14M_seed42_case4_dolma_epoch1_wd0.1_lr1e-3": {
    "validation_loss": 7.214724838909679,
    "perplexity": 1359.2998046875,
    "tokens_evaluated": 3478624,
    "num_batches": 794
  }
}