{
  "14M_seed42_case4_dolma_epoch1_wd0.8_lr1e-3": {
    "validation_loss": 7.28764068761568,
    "perplexity": 1462.1168212890625,
    "tokens_evaluated": 3478624,
    "num_batches": 794
  }
}