{
  "14M_seed42_case4_dolma_epoch1_wd1.6_lr1e-4": {
    "validation_loss": 10.256577503665063,
    "perplexity": 28469.18359375,
    "tokens_evaluated": 3478624,
    "num_batches": 794
  }
}