{
  "14M_seed42_case4_dolma_epoch1_wd0.4_lr1e-3": {
    "validation_loss": 7.252285110305333,
    "perplexity": 1411.3260498046875,
    "tokens_evaluated": 3478624,
    "num_batches": 794
  }
}