{
  "14M_seed42_case4_dolma_epoch4_wd0.2_lr3e-3": {
    "validation_loss": 5.352073923496425,
    "perplexity": 211.0455780029297,
    "tokens_evaluated": 3478624,
    "num_batches": 794
  }
}