{
  "14M_seed42_case4_dolma_epoch4_wd0.4_lr1e-4": {
    "validation_loss": 8.13820499384127,
    "perplexity": 3422.76708984375,
    "tokens_evaluated": 3478624,
    "num_batches": 794
  }
}