{
  "14M_seed42_case4_dolma_epoch4_wd0.4_lr3e-4": {
    "validation_loss": 6.581107472772909,
    "perplexity": 721.3378295898438,
    "tokens_evaluated": 3478624,
    "num_batches": 794
  }
}