{
  "14M_seed42_case4_dolma_epoch32_wd0.8_lr3e-3": {
    "validation_loss": 4.491735569035231,
    "perplexity": 89.2762451171875,
    "tokens_evaluated": 3478624,
    "num_batches": 794
  }
}