{
  "14M_seed42_case4_dolma_epoch1_wd1.6_lr3e-3": {
    "validation_loss": 7.034023281929327,
    "perplexity": 1134.586181640625,
    "tokens_evaluated": 3478624,
    "num_batches": 794
  }
}