{
  "14M_seed42_case4_dolma_epoch4_wd1.6_lr3e-4": {
    "validation_loss": 6.7182968324791466,
    "perplexity": 827.4072265625,
    "tokens_evaluated": 3478624,
    "num_batches": 794
  }
}