{
  "14M_seed42_case4_dolma_epoch2_wd0.4_lr3e-4": {
    "validation_loss": 7.612861570908003,
    "perplexity": 2024.0618896484375,
    "tokens_evaluated": 3478624,
    "num_batches": 794
  }
}