{
  "14M_seed42_case4_dolma_epoch4_wd1.6_lr1e-3": {
    "validation_loss": 5.914976299856863,
    "perplexity": 370.5454406738281,
    "tokens_evaluated": 3478624,
    "num_batches": 794
  }
}