{
  "14M_seed42_case4_dolma_epoch1_wd0.4_lr3e-4": {
    "validation_loss": 8.721450546126949,
    "perplexity": 6133.0703125,
    "tokens_evaluated": 3478624,
    "num_batches": 794
  }
}