{
  "14M_seed42_case4_dolma_epoch2_wd0.2_lr1e-3": {
    "validation_loss": 6.362870458966296,
    "perplexity": 579.90869140625,
    "tokens_evaluated": 3478624,
    "num_batches": 794
  }
}