{
  "370M_seed42_case4_dolma_epoch1_wd0.8_lr1e-4": {
    "validation_loss": 5.956490240590183,
    "perplexity": 386.25201416015625,
    "tokens_evaluated": 13279917,
    "num_batches": 3052
  }
}