{
  "370M_seed42_case4_dolma_epoch2_wd0.8_lr3e-3": {
    "validation_loss": 4.103778581833381,
    "perplexity": 60.56870651245117,
    "tokens_evaluated": 13279917,
    "num_batches": 3052
  }
}