{
  "370M_seed42_case4_dolma_epoch1_wd0.8_lr1e-3": {
    "validation_loss": 5.280556600368754,
    "perplexity": 196.47921752929688,
    "tokens_evaluated": 13279917,
    "num_batches": 3052
  }
}