{
  "370M_seed42_case4_dolma_epoch4_wd0.4_lr1e-4": {
    "validation_loss": 4.590541239453494,
    "perplexity": 98.54776763916016,
    "tokens_evaluated": 13279917,
    "num_batches": 3052
  }
}