{
  "370M_seed42_case4_dolma_epoch32_wd0.2_lr1e-3": {
    "validation_loss": 3.5151048625012113,
    "perplexity": 33.619449615478516,
    "tokens_evaluated": 13279917,
    "num_batches": 3052
  }
}