{
  "370M_seed42_case4_dolma_epoch8_wd0.8_lr3e-4": {
    "validation_loss": 3.3722972281241184,
    "perplexity": 29.145404815673828,
    "tokens_evaluated": 13279917,
    "num_batches": 3052
  }
}