{
  "370M_seed42_case4_dolma_epoch2_wd0.4_lr1e-3": {
    "validation_loss": 4.101118330401621,
    "perplexity": 60.40782165527344,
    "tokens_evaluated": 13279917,
    "num_batches": 3052
  }
}