{
  "370M_seed42_case4_dolma_epoch8_wd1.6_lr3e-3": {
    "validation_loss": 3.310187227892248,
    "perplexity": 27.390256881713867,
    "tokens_evaluated": 13279917,
    "num_batches": 3052
  }
}