{
  "370M_seed42_case4_dolma_epoch8_wd0.2_lr3e-3": {
    "validation_loss": 3.0967810267152367,
    "perplexity": 22.126611709594727,
    "tokens_evaluated": 13279917,
    "num_batches": 3052
  }
}