{
  "370M_seed42_case4_dolma_epoch8_wd0.4_lr3e-4": {
    "validation_loss": 3.3778180804619327,
    "perplexity": 29.3067569732666,
    "tokens_evaluated": 13279917,
    "num_batches": 3052
  }
}