{
  "370M_seed42_case4_dolma_epoch8_wd0.1_lr3e-3": {
    "validation_loss": 3.1373542251870257,
    "perplexity": 23.042818069458008,
    "tokens_evaluated": 13279917,
    "num_batches": 3052
  }
}