{
  "370M_seed42_case4_dolma_epoch4_wd0.1_lr1e-4": {
    "validation_loss": 4.5840519484917115,
    "perplexity": 97.91033172607422,
    "tokens_evaluated": 13279917,
    "num_batches": 3052
  }
}