{
  "370M_seed42_case4_dolma_epoch64_wd1.6_lr1e-3": {
    "validation_loss": 3.0805416939719072,
    "perplexity": 21.77018928527832,
    "tokens_evaluated": 13279917,
    "num_batches": 3052
  }
}