{
  "370M_seed42_case4_dolma_epoch4_wd0.2_lr3e-3": {
    "validation_loss": 3.375669873611921,
    "perplexity": 29.24386978149414,
    "tokens_evaluated": 13279917,
    "num_batches": 3052
  }
}