{
  "370M_seed42_case4_dolma_epoch32_wd0.4_lr1e-4": {
    "validation_loss": 3.338269513671324,
    "perplexity": 28.17033576965332,
    "tokens_evaluated": 13279917,
    "num_batches": 3052
  }
}