{
  "370M_seed42_case4_dolma_epoch64_wd0.1_lr1e-3": {
    "validation_loss": 3.4711606834237934,
    "perplexity": 32.17406463623047,
    "tokens_evaluated": 13279917,
    "num_batches": 3052
  }
}