{
  "370M_seed42_case4_dolma_epoch4_wd1.6_lr1e-3": {
    "validation_loss": 3.5103965409978155,
    "perplexity": 33.46153259277344,
    "tokens_evaluated": 13279917,
    "num_batches": 3052
  }
}