{
  "370M_seed42_case4_dolma_epoch2_wd1.6_lr3e-4": {
    "validation_loss": 4.446260502446012,
    "perplexity": 85.30733489990234,
    "tokens_evaluated": 13279917,
    "num_batches": 3052
  }
}