{
  "370M_seed42_case4_dolma_epoch64_wd0.2_lr3e-4": {
    "validation_loss": 3.4868346105587307,
    "perplexity": 32.68232727050781,
    "tokens_evaluated": 13279917,
    "num_batches": 3052
  }
}