{
  "370M_seed42_case4_dolma_epoch4_wd0.1_lr1e-3": {
    "validation_loss": 3.38347193745418,
    "perplexity": 29.472923278808594,
    "tokens_evaluated": 13279917,
    "num_batches": 3052
  }
}