{
  "370M_seed42_case4_dolma_epoch1_wd0.2_lr3e-3": {
    "validation_loss": 5.387438055062181,
    "perplexity": 218.64247131347656,
    "tokens_evaluated": 13279917,
    "num_batches": 3052
  }
}