{
  "370M_seed42_case4_dolma_epoch16_wd0.8_lr1e-4": {
    "validation_loss": 3.5834116635296636,
    "perplexity": 35.99613952636719,
    "tokens_evaluated": 13279917,
    "num_batches": 3052
  }
}