{
  "370M_seed42_case4_dolma_epoch8_wd0.2_lr3e-4": {
    "validation_loss": 3.3854548929941397,
    "perplexity": 29.531423568725586,
    "tokens_evaluated": 13279917,
    "num_batches": 3052
  }
}