{
  "370M_seed42_case4_dolma_epoch2_wd0.4_lr3e-3": {
    "validation_loss": 4.0330177691353475,
    "perplexity": 56.43094253540039,
    "tokens_evaluated": 13279917,
    "num_batches": 3052
  }
}