{
  "370M_seed42_case4_dolma_epoch2_wd0.8_lr3e-4": {
    "validation_loss": 4.411530235660252,
    "perplexity": 82.39543151855469,
    "tokens_evaluated": 13279917,
    "num_batches": 3052
  }
}