{
  "370M_seed42_case4_dolma_epoch64_wd0.2_lr1e-4": {
    "validation_loss": 3.323110289666214,
    "perplexity": 27.746517181396484,
    "tokens_evaluated": 13279917,
    "num_batches": 3052
  }
}