{
  "370M_seed42_case4_dolma_epoch8_wd0.8_lr3e-3": {
    "validation_loss": 3.1214406912001444,
    "perplexity": 22.67902946472168,
    "tokens_evaluated": 13279917,
    "num_batches": 3052
  }
}