{
  "370M_seed42_case4_dolma_epoch64_wd1.6_lr3e-4": {
    "validation_loss": 3.1019189050911837,
    "perplexity": 22.240589141845703,
    "tokens_evaluated": 13279917,
    "num_batches": 3052
  }
}