{
  "370M_seed42_case4_dolma_epoch1_wd1.6_lr1e-4": {
    "validation_loss": 5.963834443845968,
    "perplexity": 389.09918212890625,
    "tokens_evaluated": 13279917,
    "num_batches": 3052
  }
}