{
  "370M_seed42_case4_dolma_epoch32_wd0.4_lr1e-3": {
    "validation_loss": 3.2825029739466483,
    "perplexity": 26.642372131347656,
    "tokens_evaluated": 13279917,
    "num_batches": 3052
  }
}