{
  "370M_seed42_case4_dolma_epoch32_wd0.4_lr3e-4": {
    "validation_loss": 3.3607092982854034,
    "perplexity": 28.809616088867188,
    "tokens_evaluated": 13279917,
    "num_batches": 3052
  }
}