{
  "370M_seed42_case4_dolma_epoch2_wd0.2_lr3e-3": {
    "validation_loss": 4.119593903803084,
    "perplexity": 61.53425979614258,
    "tokens_evaluated": 13279917,
    "num_batches": 3052
  }
}