{
  "370M_seed42_case4_dolma_epoch32_wd0.1_lr3e-4": {
    "validation_loss": 3.5063552295836424,
    "perplexity": 33.32658004760742,
    "tokens_evaluated": 13279917,
    "num_batches": 3052
  }
}