{
  "370M_seed42_case4_dolma_epoch1_wd1.6_lr3e-3": {
    "validation_loss": 5.4476158352230994,
    "perplexity": 232.20384216308594,
    "tokens_evaluated": 13279917,
    "num_batches": 3052
  }
}