{
  "370M_seed42_case4_dolma_epoch2_wd0.4_lr3e-4": {
    "validation_loss": 4.404273778509079,
    "perplexity": 81.79973602294922,
    "tokens_evaluated": 13279917,
    "num_batches": 3052
  }
}