{
  "370M_seed42_case4_dolma_epoch8_wd0.8_lr1e-3": {
    "validation_loss": 3.113219740637148,
    "perplexity": 22.493350982666016,
    "tokens_evaluated": 13279917,
    "num_batches": 3052
  }
}