{
  "370M_seed42_case4_dolma_epoch64_wd0.8_lr1e-3": {
    "validation_loss": 3.005288361301167,
    "perplexity": 20.19203758239746,
    "tokens_evaluated": 13279917,
    "num_batches": 3052
  }
}