{
  "370M_seed42_case4_dolma_epoch32_wd1.6_lr1e-4": {
    "validation_loss": 3.327987346055402,
    "perplexity": 27.882169723510742,
    "tokens_evaluated": 13279917,
    "num_batches": 3052
  }
}