{
  "370M_seed42_case4_dolma_epoch4_wd0.8_lr3e-4": {
    "validation_loss": 3.7363525409248193,
    "perplexity": 41.9447135925293,
    "tokens_evaluated": 13279917,
    "num_batches": 3052
  }
}