{
  "370M_seed42_case4_dolma_epoch1_wd0.2_lr1e-3": {
    "validation_loss": 5.206884619106618,
    "perplexity": 182.5244903564453,
    "tokens_evaluated": 13279917,
    "num_batches": 3052
  }
}