{
  "370M_seed42_case4_dolma_epoch4_wd0.2_lr1e-3": {
    "validation_loss": 3.3837968021003304,
    "perplexity": 29.482494354248047,
    "tokens_evaluated": 13279917,
    "num_batches": 3052
  }
}