{
  "370M_seed42_case4_dolma_epoch4_wd0.4_lr3e-4": {
    "validation_loss": 3.733739713903644,
    "perplexity": 41.835262298583984,
    "tokens_evaluated": 13279917,
    "num_batches": 3052
  }
}