{
  "370M_seed42_case4_dolma_epoch1_wd0.1_lr3e-4": {
    "validation_loss": 5.306423866847563,
    "perplexity": 201.6278533935547,
    "tokens_evaluated": 13279917,
    "num_batches": 3052
  }
}