{
  "370M_seed42_case4_dolma_epoch64_wd0.8_lr1e-4": {
    "validation_loss": 3.253794583112176,
    "perplexity": 25.888391494750977,
    "tokens_evaluated": 13279917,
    "num_batches": 3052
  }
}