{
  "370M_seed42_case4_dolma_epoch16_wd1.6_lr1e-3": {
    "validation_loss": 3.0834111807054687,
    "perplexity": 21.832752227783203,
    "tokens_evaluated": 13279917,
    "num_batches": 3052
  }
}