{
  "370M_seed42_case4_dolma_epoch2_wd0.8_lr1e-3": {
    "validation_loss": 4.125785287272857,
    "perplexity": 61.91641616821289,
    "tokens_evaluated": 13279917,
    "num_batches": 3052
  }
}