{
  "370M_seed42_case4_dolma_epoch2_wd0.2_lr1e-3": {
    "validation_loss": 4.088726031935573,
    "perplexity": 59.66383361816406,
    "tokens_evaluated": 13279917,
    "num_batches": 3052
  }
}