{
  "370M_seed42_case4_dolma_epoch4_wd0.8_lr1e-4": {
    "validation_loss": 4.5876177919731695,
    "perplexity": 98.26008605957031,
    "tokens_evaluated": 13279917,
    "num_batches": 3052
  }
}