{
  "370M_seed42_case4_dolma_epoch64_wd0.4_lr1e-3": {
    "validation_loss": 3.1204394519219383,
    "perplexity": 22.656335830688477,
    "tokens_evaluated": 13279917,
    "num_batches": 3052
  }
}