{
  "370M_seed42_case4_dolma_epoch1_wd1.6_lr1e-3": {
    "validation_loss": 5.303964525433493,
    "perplexity": 201.1326446533203,
    "tokens_evaluated": 13279917,
    "num_batches": 3052
  }
}