{
  "370M_seed42_case4_dolma_epoch2_wd1.6_lr3e-3": {
    "validation_loss": 4.511449118820265,
    "perplexity": 91.0536880493164,
    "tokens_evaluated": 13279917,
    "num_batches": 3052
  }
}