{
  "370M_seed42_case4_dolma_epoch2_wd0.2_lr3e-4": {
    "validation_loss": 4.365914825353625,
    "perplexity": 78.72138214111328,
    "tokens_evaluated": 13279917,
    "num_batches": 3052
  }
}