{
  "370M_seed42_case4_dolma_epoch4_wd0.1_lr3e-4": {
    "validation_loss": 3.7406724727941163,
    "perplexity": 42.12631607055664,
    "tokens_evaluated": 13279917,
    "num_batches": 3052
  }
}