{
  "370M_seed42_case4_dolma_epoch2_wd0.1_lr3e-4": {
    "validation_loss": 4.388455478299282,
    "perplexity": 80.51596069335938,
    "tokens_evaluated": 13279917,
    "num_batches": 3052
  }
}