{
  "370M_seed42_case4_dolma_epoch2_wd0.1_lr1e-3": {
    "validation_loss": 4.040666335034706,
    "perplexity": 56.86420822143555,
    "tokens_evaluated": 13279917,
    "num_batches": 3052
  }
}