{
  "370M_seed42_case4_dolma_epoch16_wd0.8_lr1e-3": {
    "validation_loss": 3.04052941351656,
    "perplexity": 20.91631507873535,
    "tokens_evaluated": 13279917,
    "num_batches": 3052
  }
}