{
  "370M_seed42_case4_dolma_epoch16_wd0.2_lr1e-3": {
    "validation_loss": 3.17404413861999,
    "perplexity": 23.903959274291992,
    "tokens_evaluated": 13279917,
    "num_batches": 3052
  }
}