{
  "370M_seed42_case4_dolma_epoch32_wd0.1_lr1e-3": {
    "validation_loss": 3.6442888395302684,
    "perplexity": 38.25555419921875,
    "tokens_evaluated": 13279917,
    "num_batches": 3052
  }
}