{
  "370M_seed42_case4_dolma_epoch8_wd0.8_lr1e-4": {
    "validation_loss": 3.996662453090086,
    "perplexity": 54.41622543334961,
    "tokens_evaluated": 13279917,
    "num_batches": 3052
  }
}