{
  "370M_seed42_case4_dolma_epoch8_wd0.1_lr1e-4": {
    "validation_loss": 3.9959690865687802,
    "perplexity": 54.378509521484375,
    "tokens_evaluated": 13279917,
    "num_batches": 3052
  }
}