{
  "370M_seed42_case4_dolma_epoch32_wd0.8_lr1e-3": {
    "validation_loss": 3.1296306348367287,
    "perplexity": 22.865530014038086,
    "tokens_evaluated": 13279917,
    "num_batches": 3052
  }
}