{
  "370M_seed42_case4_dolma_epoch8_wd0.4_lr1e-4": {
    "validation_loss": 3.993599316166748,
    "perplexity": 54.24980545043945,
    "tokens_evaluated": 13279917,
    "num_batches": 3052
  }
}