{
  "370M_seed42_case4_dolma_epoch1_wd0.4_lr3e-3": {
    "validation_loss": 5.376990899471459,
    "perplexity": 216.3701934814453,
    "tokens_evaluated": 13279917,
    "num_batches": 3052
  }
}