{
  "370M_seed42_case4_dolma_epoch4_wd1.6_lr3e-4": {
    "validation_loss": 3.751970853819831,
    "perplexity": 42.60496520996094,
    "tokens_evaluated": 13279917,
    "num_batches": 3052
  }
}