{
  "370M_seed42_case4_dolma_epoch4_wd0.2_lr1e-4": {
    "validation_loss": 4.584789907466572,
    "perplexity": 97.98258209228516,
    "tokens_evaluated": 13279917,
    "num_batches": 3052
  }
}