{
  "370M_seed42_case4_dolma_epoch16_wd0.4_lr1e-4": {
    "validation_loss": 3.586208928069643,
    "perplexity": 36.09696578979492,
    "tokens_evaluated": 13279917,
    "num_batches": 3052
  }
}