{
  "370M_seed42_case4_dolma_epoch64_wd0.4_lr1e-4": {
    "validation_loss": 3.2934269526520557,
    "perplexity": 26.93501091003418,
    "tokens_evaluated": 13279917,
    "num_batches": 3052
  }
}