{
  "370M_seed42_case4_dolma_epoch8_wd0.4_lr3e-3": {
    "validation_loss": 3.0993148182211288,
    "perplexity": 22.182748794555664,
    "tokens_evaluated": 13279917,
    "num_batches": 3052
  }
}