{
  "370M_seed42_case4_dolma_epoch1_wd0.4_lr1e-4": {
    "validation_loss": 5.951098447942842,
    "perplexity": 384.17510986328125,
    "tokens_evaluated": 13279917,
    "num_batches": 3052
  }
}