{
  "370M_seed42_case4_dolma_epoch32_wd0.8_lr3e-3": {
    "validation_loss": 3.0403512008872355,
    "perplexity": 20.912586212158203,
    "tokens_evaluated": 13279917,
    "num_batches": 3052
  }
}