{
  "370M_seed42_case4_dolma_epoch16_wd0.1_lr3e-4": {
    "validation_loss": 3.264353792366673,
    "perplexity": 26.163198471069336,
    "tokens_evaluated": 13279917,
    "num_batches": 3052
  }
}