{
  "370M_seed42_case4_dolma_epoch16_wd1.6_lr1e-4": {
    "validation_loss": 3.594343708467449,
    "perplexity": 36.391807556152344,
    "tokens_evaluated": 13279917,
    "num_batches": 3052
  }
}