{
  "370M_seed42_case4_dolma_epoch1_wd0.2_lr3e-4": {
    "validation_loss": 5.305087695497328,
    "perplexity": 201.35862731933594,
    "tokens_evaluated": 13279917,
    "num_batches": 3052
  }
}