{
  "370M_seed42_case4_dolma_epoch16_wd0.8_lr3e-3": {
    "validation_loss": 3.011548868666422,
    "perplexity": 20.318843841552734,
    "tokens_evaluated": 13279917,
    "num_batches": 3052
  }
}