{
  "370M_seed42_case4_dolma_epoch8_wd0.4_lr1e-3": {
    "validation_loss": 3.1105093407438265,
    "perplexity": 22.43246841430664,
    "tokens_evaluated": 13279917,
    "num_batches": 3052
  }
}