{
  "370M_seed42_case4_dolma_epoch4_wd1.6_lr3e-3": {
    "validation_loss": 3.6260198686755576,
    "perplexity": 37.56301498413086,
    "tokens_evaluated": 13279917,
    "num_batches": 3052
  }
}