{
  "370M_seed42_case4_dolma_epoch16_wd0.4_lr3e-3": {
    "validation_loss": 3.0340654933088853,
    "perplexity": 20.78154754638672,
    "tokens_evaluated": 13279917,
    "num_batches": 3052
  }
}