{
  "370M_seed42_case4_dolma_epoch16_wd0.8_lr3e-4": {
    "validation_loss": 3.1980120845155344,
    "perplexity": 24.483810424804688,
    "tokens_evaluated": 13279917,
    "num_batches": 3052
  }
}