{
  "370M_seed42_case4_dolma_epoch32_wd0.2_lr3e-3": {
    "validation_loss": 3.354805939523456,
    "perplexity": 28.640045166015625,
    "tokens_evaluated": 13279917,
    "num_batches": 3052
  }
}