{
  "370M_seed42_case4_dolma_epoch2_wd0.1_lr3e-3": {
    "validation_loss": 4.031326883139329,
    "perplexity": 56.33560562133789,
    "tokens_evaluated": 13279917,
    "num_batches": 3052
  }
}