{
  "370M_seed42_case4_dolma_epoch16_wd1.6_lr3e-4": {
    "validation_loss": 3.199170844309494,
    "perplexity": 24.512197494506836,
    "tokens_evaluated": 13279917,
    "num_batches": 3052
  }
}