{
  "370M_seed42_case4_dolma_epoch16_wd0.2_lr1e-4": {
    "validation_loss": 3.5922015405967134,
    "perplexity": 36.31393051147461,
    "tokens_evaluated": 13279917,
    "num_batches": 3052
  }
}