{
  "370M_seed42_case4_dolma_epoch16_wd0.1_lr3e-3": {
    "validation_loss": 3.1623306319955167,
    "perplexity": 23.625595092773438,
    "tokens_evaluated": 13279917,
    "num_batches": 3052
  }
}