{
  "370M_seed42_case4_dolma_epoch8_wd0.2_lr1e-3": {
    "validation_loss": 3.143965149138004,
    "perplexity": 23.195661544799805,
    "tokens_evaluated": 13279917,
    "num_batches": 3052
  }
}