{
  "370M_seed42_case4_dolma_epoch4_wd0.4_lr3e-3": {
    "validation_loss": 3.3384115108091885,
    "perplexity": 28.17433738708496,
    "tokens_evaluated": 13279917,
    "num_batches": 3052
  }
}