{
  "370M_seed42_case4_dolma_epoch8_wd0.2_lr1e-4": {
    "validation_loss": 3.9943600066326597,
    "perplexity": 54.291080474853516,
    "tokens_evaluated": 13279917,
    "num_batches": 3052
  }
}