{
  "370M_seed42_case4_dolma_epoch1_wd0.1_lr1e-3": {
    "validation_loss": 5.153897925307858,
    "perplexity": 173.1049041748047,
    "tokens_evaluated": 13279917,
    "num_batches": 3052
  }
}