{
  "370M_seed42_case4_dolma_epoch8_wd1.6_lr1e-3": {
    "validation_loss": 3.173523581832795,
    "perplexity": 23.891521453857422,
    "tokens_evaluated": 13279917,
    "num_batches": 3052
  }
}