{
  "370M_seed42_case4_dolma_epoch1_wd0.1_lr1e-4": {
    "validation_loss": 5.94870482078976,
    "perplexity": 383.256591796875,
    "tokens_evaluated": 13279917,
    "num_batches": 3052
  }
}