{
  "370M_seed42_case4_dolma_epoch4_wd0.4_lr1e-3": {
    "validation_loss": 3.377639766195569,
    "perplexity": 29.301530838012695,
    "tokens_evaluated": 13279917,
    "num_batches": 3052
  }
}