{
  "370M_seed42_case4_dolma_epoch2_wd0.2_lr1e-4": {
    "validation_loss": 5.314881943167895,
    "perplexity": 203.34046936035156,
    "tokens_evaluated": 13279917,
    "num_batches": 3052
  }
}