{
  "370M_seed42_case4_dolma_epoch64_wd0.4_lr3e-4": {
    "validation_loss": 3.3178165942543107,
    "perplexity": 27.600019454956055,
    "tokens_evaluated": 13279917,
    "num_batches": 3052
  }
}