{
  "370M_seed42_case4_dolma_epoch32_wd0.4_lr3e-3": {
    "validation_loss": 3.138661213847251,
    "perplexity": 23.072954177856445,
    "tokens_evaluated": 13279917,
    "num_batches": 3052
  }
}