{
  "370M_seed42_case4_dolma_epoch8_wd1.6_lr1e-4": {
    "validation_loss": 4.014176050657775,
    "perplexity": 55.37763977050781,
    "tokens_evaluated": 13279917,
    "num_batches": 3052
  }
}