{
  "370M_seed42_case4_dolma_epoch1_wd0.4_lr1e-3": {
    "validation_loss": 5.223309181451927,
    "perplexity": 185.54714965820312,
    "tokens_evaluated": 13279917,
    "num_batches": 3052
  }
}