{
  "14M_seed42_case4_dolma_epoch32_wd0.8_lr3e-3": {
    "validation_loss": 5.164053675738147,
    "perplexity": 174.87185668945312,
    "tokens_evaluated": 3478624,
    "num_batches": 794
  }
}