{
  "14M_seed42_case4_dolma_epoch4_wd0.8_lr3e-3": {
    "validation_loss": 6.940829507721659,
    "perplexity": 1033.6270751953125,
    "tokens_evaluated": 3478624,
    "num_batches": 794
  }
}