{
  "14M_seed42_case4_dolma_epoch4_wd0.4_lr3e-4": {
    "validation_loss": 8.723888195194736,
    "perplexity": 6148.03857421875,
    "tokens_evaluated": 3478624,
    "num_batches": 794
  }
}