{
  "14M_seed42_case4_dolma_epoch8_wd0.8_lr1e-3": {
    "validation_loss": 6.4441058645866285,
    "perplexity": 628.9841918945312,
    "tokens_evaluated": 3478624,
    "num_batches": 794
  }
}