{
  "14M_seed42_case4_dolma_epoch4_wd0.4_lr1e-4": {
    "validation_loss": 10.242865093712341,
    "perplexity": 28081.48046875,
    "tokens_evaluated": 3478624,
    "num_batches": 794
  }
}