{
  "14M_seed42_case4_dolma_epoch1_wd0.2_lr1e-3": {
    "validation_loss": 9.25659154604059,
    "perplexity": 10473.376953125,
    "tokens_evaluated": 3478624,
    "num_batches": 794
  }
}