{
  "14M_seed42_case4_dolma_epoch4_wd1.6_lr1e-3": {
    "validation_loss": 7.357133953313419,
    "perplexity": 1567.337890625,
    "tokens_evaluated": 3478624,
    "num_batches": 794
  }
}