{
  "14M_seed42_case4_dolma_epoch16_wd1.6_lr1e-3": {
    "validation_loss": 5.94198046596738,
    "perplexity": 380.6880798339844,
    "tokens_evaluated": 3478624,
    "num_batches": 794
  }
}