{
  "14M_seed42_case4_dolma_epoch16_wd0.2_lr1e-4": {
    "validation_loss": 8.116738085310008,
    "perplexity": 3350.075927734375,
    "tokens_evaluated": 3478624,
    "num_batches": 794
  }
}