{
  "14M_seed42_case4_dolma_epoch32_wd0.1_lr3e-3": {
    "validation_loss": 5.056562167028903,
    "perplexity": 157.0496368408203,
    "tokens_evaluated": 3478624,
    "num_batches": 794
  }
}