{
  "14M_seed42_case4_dolma_epoch16_wd0.4_lr1e-3": {
    "validation_loss": 5.7426796646214315,
    "perplexity": 311.8990478515625,
    "tokens_evaluated": 3478624,
    "num_batches": 794
  }
}