{
  "14M_seed42_case4_dolma_epoch1_wd0.8_lr3e-3": {
    "validation_loss": 8.088094307031495,
    "perplexity": 3255.47900390625,
    "tokens_evaluated": 3478624,
    "num_batches": 794
  }
}