{
  "14M_seed42_case4_dolma_epoch4_wd0.8_lr3e-4": {
    "validation_loss": 8.74631167021788,
    "perplexity": 6287.4580078125,
    "tokens_evaluated": 3478624,
    "num_batches": 794
  }
}