{
  "14M_seed42_case4_dolma_epoch2_wd0.1_lr1e-3": {
    "validation_loss": 8.153106613515009,
    "perplexity": 3474.155517578125,
    "tokens_evaluated": 3478624,
    "num_batches": 794
  }
}