{
  "14M_seed42_case4_dolma_epoch8_wd1.6_lr1e-4": {
    "validation_loss": 9.342056841212798,
    "perplexity": 11407.8525390625,
    "tokens_evaluated": 3478624,
    "num_batches": 794
  }
}