{
  "14M_seed42_case4_dolma_epoch4_wd0.4_lr3e-3": {
    "validation_loss": 6.916363089609704,
    "perplexity": 1008.6451416015625,
    "tokens_evaluated": 3478624,
    "num_batches": 794
  }
}