{
  "14M_seed42_case4_dolma_epoch1_wd0.2_lr3e-3": {
    "validation_loss": 8.07637310553572,
    "perplexity": 3217.542236328125,
    "tokens_evaluated": 3478624,
    "num_batches": 794
  }
}