{
  "14M_seed42_case4_dolma_epoch1_wd1.6_lr3e-3": {
    "validation_loss": 8.107618628836342,
    "perplexity": 3319.662353515625,
    "tokens_evaluated": 3478624,
    "num_batches": 794
  }
}