{
  "14M_seed42_case4_dolma_epoch32_wd1.6_lr3e-4": {
    "validation_loss": 6.083131017954001,
    "perplexity": 438.39959716796875,
    "tokens_evaluated": 3478624,
    "num_batches": 794
  }
}