{
  "14M_seed42_case4_dolma_epoch4_wd0.2_lr3e-3": {
    "validation_loss": 6.88761583743538,
    "perplexity": 980.0618286132812,
    "tokens_evaluated": 3478624,
    "num_batches": 794
  }
}