{
  "14M_seed42_case4_dolma_epoch1_wd0.1_lr3e-3": {
    "validation_loss": 8.074471755873784,
    "perplexity": 3211.4296875,
    "tokens_evaluated": 3478624,
    "num_batches": 794
  }
}