{
  "14M_seed42_case4_dolma_epoch2_wd0.2_lr1e-3": {
    "validation_loss": 8.159530819036448,
    "perplexity": 3496.545166015625,
    "tokens_evaluated": 3478624,
    "num_batches": 794
  }
}