{
  "14M_seed42_case4_dolma_epoch4_wd1.6_lr3e-4": {
    "validation_loss": 8.790191530798618,
    "perplexity": 6569.4912109375,
    "tokens_evaluated": 3478624,
    "num_batches": 794
  }
}