{
  "14M_seed42_case4_dolma_epoch1_wd0.4_lr3e-3": {
    "validation_loss": 8.079990235683214,
    "perplexity": 3229.2021484375,
    "tokens_evaluated": 3478624,
    "num_batches": 794
  }
}