{
  "14M_seed42_case4_dolma_epoch8_wd0.2_lr1e-3": {
    "validation_loss": 6.3754688200371215,
    "perplexity": 587.2606201171875,
    "tokens_evaluated": 3478624,
    "num_batches": 794
  }
}