{
  "14M_seed42_case4_dolma_epoch16_wd0.8_lr3e-3": {
    "validation_loss": 5.523801891230017,
    "perplexity": 250.58590698242188,
    "tokens_evaluated": 3478624,
    "num_batches": 794
  }
}