{
  "14M_seed42_case4_dolma_epoch32_wd0.8_lr1e-3": {
    "validation_loss": 5.392027842593526,
    "perplexity": 219.64834594726562,
    "tokens_evaluated": 3478624,
    "num_batches": 794
  }
}