{
  "14M_seed42_case4_dolma_epoch16_wd0.2_lr1e-3": {
    "validation_loss": 5.719342306012984,
    "perplexity": 304.7044372558594,
    "tokens_evaluated": 3478624,
    "num_batches": 794
  }
}