{
  "14M_seed42_case4_dolma_epoch8_wd0.2_lr3e-3": {
    "validation_loss": 6.1220103620236,
    "perplexity": 455.7799987792969,
    "tokens_evaluated": 3478624,
    "num_batches": 794
  }
}