{
  "14M_seed42_case4_dolma_epoch32_wd0.2_lr3e-4": {
    "validation_loss": 5.931246840595345,
    "perplexity": 376.623779296875,
    "tokens_evaluated": 3478624,
    "num_batches": 794
  }
}