{
  "14M_seed42_case4_dolma_epoch8_wd0.8_lr1e-4": {
    "validation_loss": 9.312882009434622,
    "perplexity": 11079.8388671875,
    "tokens_evaluated": 3478624,
    "num_batches": 794
  }
}