{
  "14M_seed42_case4_dolma_epoch4_wd0.2_lr1e-3": {
    "validation_loss": 7.2000237019005215,
    "perplexity": 1339.46240234375,
    "tokens_evaluated": 3478624,
    "num_batches": 794
  }
}