{
  "14M_seed42_case4_dolma_epoch64_wd0.8_lr3e-3": {
    "validation_loss": 4.923093287282243,
    "perplexity": 137.42706298828125,
    "tokens_evaluated": 3478624,
    "num_batches": 794
  }
}