{
  "14M_seed42_case4_dolma_epoch4_wd0.1_lr1e-4": {
    "validation_loss": 10.238766451334726,
    "perplexity": 27966.61328125,
    "tokens_evaluated": 3478624,
    "num_batches": 794
  }
}