{
  "14M_seed42_case4_dolma_epoch4_wd0.8_lr1e-3": {
    "validation_loss": 7.2750640960097925,
    "perplexity": 1443.8436279296875,
    "tokens_evaluated": 3478624,
    "num_batches": 794
  }
}