{
  "14M_seed42_case4_dolma_epoch8_wd1.6_lr1e-3": {
    "validation_loss": 6.53621323559797,
    "perplexity": 689.6701049804688,
    "tokens_evaluated": 3478624,
    "num_batches": 794
  }
}