{
  "14M_seed42_case4_dolma_epoch32_wd0.4_lr3e-3": {
    "validation_loss": 5.0480606882136625,
    "perplexity": 155.72021484375,
    "tokens_evaluated": 3478624,
    "num_batches": 794
  }
}