{
  "14M_seed42_case4_dolma_epoch4_wd1.6_lr1e-4": {
    "validation_loss": 10.258266692194152,
    "perplexity": 28517.306640625,
    "tokens_evaluated": 3478624,
    "num_batches": 794
  }
}