{
  "14M_seed42_case4_dolma_epoch16_wd0.1_lr3e-3": {
    "validation_loss": 5.408965284297757,
    "perplexity": 223.4002685546875,
    "tokens_evaluated": 3478624,
    "num_batches": 794
  }
}