{
  "14M_seed42_case4_dolma_epoch32_wd0.1_lr1e-4": {
    "validation_loss": 6.940346577933231,
    "perplexity": 1033.12841796875,
    "tokens_evaluated": 3478624,
    "num_batches": 794
  }
}