{
  "14M_seed42_case4_dolma_epoch32_wd0.4_lr3e-4": {
    "validation_loss": 5.94928626221442,
    "perplexity": 383.4796142578125,
    "tokens_evaluated": 3478624,
    "num_batches": 794
  }
}