{
  "14M_seed42_case4_dolma_epoch4_wd0.1_lr3e-4": {
    "validation_loss": 8.707230608752376,
    "perplexity": 6046.47412109375,
    "tokens_evaluated": 3478624,
    "num_batches": 794
  }
}