{
  "14M_seed42_case4_dolma_epoch32_wd0.4_lr1e-3": {
    "validation_loss": 5.3176942281205335,
    "perplexity": 203.91314697265625,
    "tokens_evaluated": 3478624,
    "num_batches": 794
  }
}