{
  "14M_seed42_case4_dolma_epoch8_wd0.2_lr1e-4": {
    "validation_loss": 9.290568331945197,
    "perplexity": 10835.3408203125,
    "tokens_evaluated": 3478624,
    "num_batches": 794
  }
}