{
  "14M_seed42_case4_dolma_epoch8_wd1.6_lr3e-3": {
    "validation_loss": 6.321313759793429,
    "perplexity": 556.3034057617188,
    "tokens_evaluated": 3478624,
    "num_batches": 794
  }
}