{
  "14M_seed42_case4_dolma_epoch1_wd0.1_lr1e-3": {
    "validation_loss": 9.252421551309917,
    "perplexity": 10429.7900390625,
    "tokens_evaluated": 3478624,
    "num_batches": 794
  }
}