{
  "14M_seed42_case4_dolma_epoch2_wd0.4_lr3e-3": {
    "validation_loss": 7.652175541035137,
    "perplexity": 2105.220458984375,
    "tokens_evaluated": 3478624,
    "num_batches": 794
  }
}