{
  "14M_seed42_case4_dolma_epoch2_wd0.1_lr3e-3": {
    "validation_loss": 7.640297403524802,
    "perplexity": 2080.362548828125,
    "tokens_evaluated": 3478624,
    "num_batches": 794
  }
}