{
  "14M_seed42_case4_dolma_epoch8_wd0.1_lr3e-4": {
    "validation_loss": 7.575064425926521,
    "perplexity": 1948.986328125,
    "tokens_evaluated": 3478624,
    "num_batches": 794
  }
}