{
  "14M_seed42_case4_dolma_epoch2_wd0.4_lr1e-4": {
    "validation_loss": 10.835852353017764,
    "perplexity": 50810.2109375,
    "tokens_evaluated": 3478624,
    "num_batches": 794
  }
}