{
  "14M_seed42_case4_dolma_epoch32_wd1.6_lr3e-3": {
    "validation_loss": 5.338794847179405,
    "perplexity": 208.2615509033203,
    "tokens_evaluated": 3478624,
    "num_batches": 794
  }
}