{
  "14M_seed42_case4_dolma_epoch16_wd0.4_lr3e-4": {
    "validation_loss": 6.579663027741671,
    "perplexity": 720.29638671875,
    "tokens_evaluated": 3478624,
    "num_batches": 794
  }
}