{
  "14M_seed42_case4_dolma_epoch4_wd0.4_lr1e-3": {
    "validation_loss": 7.222522519887938,
    "perplexity": 1369.940673828125,
    "tokens_evaluated": 3478624,
    "num_batches": 794
  }
}