{
  "14M_seed42_case4_dolma_epoch16_wd0.4_lr3e-3": {
    "validation_loss": 5.458498444673387,
    "perplexity": 234.74468994140625,
    "tokens_evaluated": 3478624,
    "num_batches": 794
  }
}