{
  "14M_seed42_case4_dolma_epoch16_wd0.1_lr3e-4": {
    "validation_loss": 6.553864953897495,
    "perplexity": 701.9519653320312,
    "tokens_evaluated": 3478624,
    "num_batches": 794
  }
}