{
  "14M_seed42_case4_dolma_epoch16_wd1.6_lr3e-4": {
    "validation_loss": 6.71439424716003,
    "perplexity": 824.1842651367188,
    "tokens_evaluated": 3478624,
    "num_batches": 794
  }
}