{
  "14M_seed42_case4_dolma_epoch2_wd1.6_lr1e-3": {
    "validation_loss": 8.258625723540625,
    "perplexity": 3860.78564453125,
    "tokens_evaluated": 3478624,
    "num_batches": 794
  }
}