{
  "14M_seed42_case4_dolma_epoch32_wd0.2_lr1e-4": {
    "validation_loss": 6.951890050828108,
    "perplexity": 1045.1231689453125,
    "tokens_evaluated": 3478624,
    "num_batches": 794
  }
}