{
  "14M_seed42_case4_dolma_epoch64_wd0.2_lr3e-3": {
    "validation_loss": 5.07795893126885,
    "perplexity": 160.44625854492188,
    "tokens_evaluated": 3478624,
    "num_batches": 794
  }
}