{
  "14M_seed42_case4_dolma_epoch8_wd0.4_lr1e-4": {
    "validation_loss": 9.297975604255852,
    "perplexity": 10915.8984375,
    "tokens_evaluated": 3478624,
    "num_batches": 794
  }
}