{
  "14M_seed42_case4_dolma_epoch32_wd0.1_lr3e-4": {
    "validation_loss": 5.9233115446597475,
    "perplexity": 373.6470642089844,
    "tokens_evaluated": 3478624,
    "num_batches": 794
  }
}