{
  "14M_seed42_case4_dolma_epoch16_wd0.2_lr3e-4": {
    "validation_loss": 6.560349863872405,
    "perplexity": 706.5189208984375,
    "tokens_evaluated": 3478624,
    "num_batches": 794
  }
}