{
  "14M_seed42_case4_dolma_epoch16_wd1.6_lr1e-4": {
    "validation_loss": 8.225003012230689,
    "perplexity": 3733.133544921875,
    "tokens_evaluated": 3478624,
    "num_batches": 794
  }
}