{
  "14M_seed42_case4_dolma_epoch8_wd0.8_lr3e-3": {
    "validation_loss": 6.189814462914139,
    "perplexity": 487.7556457519531,
    "tokens_evaluated": 3478624,
    "num_batches": 794
  }
}