{
  "14M_seed42_case4_dolma_epoch32_wd1.6_lr1e-3": {
    "validation_loss": 5.551622624825264,
    "perplexity": 257.6552429199219,
    "tokens_evaluated": 3478624,
    "num_batches": 794
  }
}