{
  "14M_seed42_case4_dolma_epoch32_wd0.8_lr1e-4": {
    "validation_loss": 7.0220374589755625,
    "perplexity": 1121.0684814453125,
    "tokens_evaluated": 3478624,
    "num_batches": 794
  }
}