{
  "14M_seed42_case4_dolma_epoch32_wd0.8_lr3e-4": {
    "validation_loss": 5.98737773210803,
    "perplexity": 398.3685607910156,
    "tokens_evaluated": 3478624,
    "num_batches": 794
  }
}