{
  "14M_seed42_case4_dolma_epoch4_wd0.1_lr3e-3": {
    "validation_loss": 6.880097292903656,
    "perplexity": 972.7210693359375,
    "tokens_evaluated": 3478624,
    "num_batches": 794
  }
}