{
  "14M_seed42_case4_dolma_epoch8_wd0.4_lr1e-3": {
    "validation_loss": 6.38965076294692,
    "perplexity": 595.6485595703125,
    "tokens_evaluated": 3478624,
    "num_batches": 794
  }
}