{
  "14M_seed42_case4_dolma_epoch2_wd0.8_lr3e-3": {
    "validation_loss": 7.696677638406064,
    "perplexity": 2201.0234375,
    "tokens_evaluated": 3478624,
    "num_batches": 794
  }
}