{
  "14M_seed42_case4_dolma_epoch4_wd0.8_lr1e-4": {
    "validation_loss": 10.248083338490575,
    "perplexity": 28228.37890625,
    "tokens_evaluated": 3478624,
    "num_batches": 794
  }
}