{
  "14M_seed42_case4_dolma_epoch4_wd0.2_lr3e-4": {
    "validation_loss": 8.712677284650661,
    "perplexity": 6079.49560546875,
    "tokens_evaluated": 3478624,
    "num_batches": 794
  }
}