{
  "14M_seed42_case4_dolma_epoch32_wd1.6_lr1e-4": {
    "validation_loss": 7.116070786195517,
    "perplexity": 1231.6016845703125,
    "tokens_evaluated": 3478624,
    "num_batches": 794
  }
}