{
  "14M_seed42_case4_dolma_epoch16_wd0.8_lr1e-3": {
    "validation_loss": 5.802952017643708,
    "perplexity": 331.2759704589844,
    "tokens_evaluated": 3478624,
    "num_batches": 794
  }
}