{
  "14M_seed42_case4_dolma_epoch4_wd0.1_lr1e-3": {
    "validation_loss": 7.198374830054705,
    "perplexity": 1337.255615234375,
    "tokens_evaluated": 3478624,
    "num_batches": 794
  }
}