{
  "14M_seed42_case4_dolma_epoch8_wd1.6_lr3e-4": {
    "validation_loss": 7.713434075081438,
    "perplexity": 2238.215576171875,
    "tokens_evaluated": 3478624,
    "num_batches": 794
  }
}