{
  "14M_seed42_case4_dolma_epoch16_wd0.2_lr3e-3": {
    "validation_loss": 5.433397729787631,
    "perplexity": 228.92576599121094,
    "tokens_evaluated": 3478624,
    "num_batches": 794
  }
}